participant_id,condition,frequency_hz,psd_v2_hz
sub-01,rest,25.0,1.6664747639650552e-14
sub-01,rest,25.25,1.5005319453419787e-14
sub-01,rest,25.5,1.3102723492993809e-14
sub-01,rest,25.75,1.5084401353568502e-14
sub-01,rest,26.0,1.0965380338648332e-14
sub-01,rest,26.25,1.4185259426550596e-14
sub-01,rest,26.5,1.4944954485600188e-14
sub-01,rest,26.75,1.0691703071724198e-14
sub-01,rest,27.0,1.0480399241851924e-14
sub-01,rest,27.25,1.1780033593593411e-14
sub-01,rest,27.5,8.620218737929572e-15
sub-01,rest,27.75,1.261003767613907e-14
sub-01,rest,28.0,1.0448968695059047e-14
sub-01,rest,28.25,9.167257198701799e-15
sub-01,rest,28.5,1.0431857840234837e-14
sub-01,rest,28.75,6.624509541871203e-15
sub-01,rest,29.0,1.0483348683812285e-14
sub-01,rest,29.25,8.895076618215119e-15
sub-01,rest,29.5,9.41657393105168e-15
sub-01,rest,29.75,7.328228856564396e-15
sub-01,rest,30.0,9.039630599759895e-15
sub-01,rest,30.25,7.990177574521893e-15
sub-01,rest,30.5,6.664533693398038e-15
sub-01,rest,30.75,7.380134499307265e-15
sub-01,rest,31.0,6.902980885211618e-15
sub-01,rest,31.25,7.145383028105284e-15
sub-01,rest,31.5,5.880180123672794e-15
sub-01,rest,31.75,7.497421257563348e-15
sub-01,rest,32.0,7.959504512437452e-15
sub-01,rest,32.25,5.464915055666593e-15
sub-01,rest,32.5,6.42436653343073e-15
sub-01,rest,32.75,5.471484790332922e-15
sub-01,rest,33.0,5.138378450647265e-15
sub-01,rest,33.25,6.3651929534306976e-15
sub-01,rest,33.5,5.181198429304264e-15
sub-01,rest,33.75,5.58353852295964e-15
sub-01,rest,34.0,6.806664112762589e-15
sub-01,rest,34.25,5.326201274707054e-15
sub-01,rest,34.5,5.3057883699308414e-15
sub-01,rest,34.75,4.413569155230629e-15
sub-01,rest,35.0,5.507021808426675e-15
sub-01,rest,35.25,4.179510918379416e-15
sub-01,rest,35.5,4.522024917211237e-15
sub-01,rest,35.75,4.1826631346165775e-15
sub-01,rest,36.0,6.8824783679969016e-15
sub-01,rest,36.25,6.401521475455308e-15
sub-01,rest,36.5,4.6212280545907405e-15
sub-01,rest,36.75,4.27879086058571e-15
sub-01,rest,37.0,5.000397639485317e-15
sub-01,rest,37.25,4.494027398369163e-15
sub-01,rest,37.5,4.464579068111336e-15
sub-01,rest,37.75,4.396858326908253e-15
sub-01,rest,38.0,4.9167847860182034e-15
sub-01,rest,38.25,5.061024877845759e-15
sub-01,rest,38.5,3.7534900525726105e-15
sub-01,rest,38.75,4.293818303850601e-15
sub-01,rest,39.0,5.224739956128461e-15
sub-01,rest,39.25,4.504916137812763e-15
sub-01,rest,39.5,6.420981680978878e-15
sub-01,rest,39.75,4.562137051439173e-15
sub-01,rest,40.0,4.262748029555338e-15
sub-01,rest,40.25,3.5354277212235457e-15
sub-01,rest,40.5,3.5304657956861764e-15
sub-01,rest,40.75,3.591679621660937e-15
sub-01,rest,41.0,4.1426642693554945e-15
sub-01,rest,41.25,3.989128285146673e-15
sub-01,rest,41.5,3.531825131477067e-15
sub-01,rest,41.75,4.926994079101551e-15
sub-01,rest,42.0,4.4200757917087995e-15
sub-01,rest,42.25,4.728001026792935e-15
sub-01,rest,42.5,4.026619228245269e-15
sub-01,rest,42.75,4.133908080670946e-15
sub-01,rest,43.0,4.0566912621831535e-15
sub-01,rest,43.25,3.726393411888974e-15
sub-01,rest,43.5,3.859732824675946e-15
sub-01,rest,43.75,3.645404857224225e-15
sub-01,rest,44.0,5.394604653234665e-15
sub-01,rest,44.25,5.393216923684426e-15
sub-01,rest,44.5,3.4532725214351823e-15
sub-01,rest,44.75,2.4411448534043734e-15
sub-01,rest,45.0,1.8314962390734878e-15
sub-01,rest,45.25,1.5994978749766174e-15
sub-01,rest,45.5,9.240155966937646e-16
sub-01,rest,45.75,4.472548843723738e-16
sub-01,rest,46.0,2.2225623677704785e-16
sub-01,rest,46.25,1.0476625515320554e-16
sub-01,rest,46.5,6.041986619546457e-17
sub-01,rest,46.75,2.5485460287425994e-17
sub-01,rest,47.0,9.304150352863453e-18
sub-01,rest,47.25,2.338223229209195e-18
sub-01,rest,47.5,1.2040922547185175e-18
sub-01,rest,47.75,6.591120505724822e-19
sub-01,rest,48.0,3.75115119188422e-19
sub-01,rest,48.25,1.7261916760949755e-19
sub-01,rest,48.5,9.677042892820658e-20
sub-01,rest,48.75,1.1177030191660341e-19
sub-01,rest,49.0,9.242146748099577e-20
sub-01,rest,49.25,8.36013028448407e-20
sub-01,rest,49.5,7.754075396865344e-20
sub-01,rest,49.75,6.499880861756463e-20
sub-01,rest,50.0,9.076290253230283e-20
sub-01,rest,50.25,7.240879247242193e-20
sub-01,rest,50.5,6.317476053477719e-20
sub-01,rest,50.75,9.171135745852334e-20
sub-01,rest,51.0,7.899397471023419e-20
sub-01,rest,51.25,7.820663955875063e-20
sub-01,rest,51.5,1.0711766305499053e-19
sub-01,rest,51.75,2.5346712785282803e-19
sub-01,rest,52.0,4.617076371449883e-19
sub-01,rest,52.25,9.121843362274543e-19
sub-01,rest,52.5,2.768683622525133e-18
sub-01,rest,52.75,4.646070366036021e-18
sub-01,rest,53.0,1.3558423228391063e-17
sub-01,rest,53.25,3.600297083429679e-17
sub-01,rest,53.5,7.53493012248672e-17
sub-01,rest,53.75,1.3122528177153194e-16
sub-01,rest,54.0,2.1758174766696442e-16
sub-01,rest,54.25,4.601059873950081e-16
sub-01,rest,54.5,6.852256622735706e-16
sub-01,rest,54.75,1.1646148948496728e-15
sub-01,rest,55.0,1.5036883266918111e-15
sub-01,stimulus,25.0,1.4163831117328415e-14
sub-01,stimulus,25.25,1.5040655274926284e-14
sub-01,stimulus,25.5,1.3961638850506715e-14
sub-01,stimulus,25.75,1.6565211008284248e-14
sub-01,stimulus,26.0,1.4557028346266066e-14
sub-01,stimulus,26.25,1.4277047056139193e-14
sub-01,stimulus,26.5,1.378015396133126e-14
sub-01,stimulus,26.75,1.2125197189082654e-14
sub-01,stimulus,27.0,1.1730121383008101e-14
sub-01,stimulus,27.25,1.2712715685904807e-14
sub-01,stimulus,27.5,1.2797283733653325e-14
sub-01,stimulus,27.75,1.1396024035310452e-14
sub-01,stimulus,28.0,1.26334849596619e-14
sub-01,stimulus,28.25,1.1808355632602332e-14
sub-01,stimulus,28.5,1.0842470509995292e-14
sub-01,stimulus,28.75,8.390099324974333e-15
sub-01,stimulus,29.0,8.281188025001397e-15
sub-01,stimulus,29.25,8.73710517355323e-15
sub-01,stimulus,29.5,9.171311518513812e-15
sub-01,stimulus,29.75,6.496555929449559e-15
sub-01,stimulus,30.0,6.303152853429223e-15
sub-01,stimulus,30.25,6.293648863236378e-15
sub-01,stimulus,30.5,5.162990497048357e-15
sub-01,stimulus,30.75,5.701955398574192e-15
sub-01,stimulus,31.0,6.4053412850491995e-15
sub-01,stimulus,31.25,6.43887318105575e-15
sub-01,stimulus,31.5,7.411454789368998e-15
sub-01,stimulus,31.75,6.810210538085807e-15
sub-01,stimulus,32.0,6.2693678751122036e-15
sub-01,stimulus,32.25,6.517364240758958e-15
sub-01,stimulus,32.5,6.707033039889198e-15
sub-01,stimulus,32.75,5.7140897502004186e-15
sub-01,stimulus,33.0,6.088800363470619e-15
sub-01,stimulus,33.25,6.132219326655645e-15
sub-01,stimulus,33.5,5.503459371390791e-15
sub-01,stimulus,33.75,5.383294616148666e-15
sub-01,stimulus,34.0,5.1025253681031e-15
sub-01,stimulus,34.25,5.044542810951947e-15
sub-01,stimulus,34.5,4.283675237462807e-15
sub-01,stimulus,34.75,4.515771414353694e-15
sub-01,stimulus,35.0,5.3355971862298e-15
sub-01,stimulus,35.25,5.281217846997377e-15
sub-01,stimulus,35.5,4.7498100188596335e-15
sub-01,stimulus,35.75,5.470256530699688e-15
sub-01,stimulus,36.0,4.949989835296621e-15
sub-01,stimulus,36.25,4.792720964182088e-15
sub-01,stimulus,36.5,4.560068206704266e-15
sub-01,stimulus,36.75,4.370674713279775e-15
sub-01,stimulus,37.0,4.2666677610199285e-15
sub-01,stimulus,37.25,5.0417421904027736e-15
sub-01,stimulus,37.5,4.405541809816063e-15
sub-01,stimulus,37.75,4.776304979628342e-15
sub-01,stimulus,38.0,4.390816326917023e-15
sub-01,stimulus,38.25,5.109745450126918e-15
sub-01,stimulus,38.5,5.2528532495570045e-15
sub-01,stimulus,38.75,3.823260694533271e-15
sub-01,stimulus,39.0,4.643101909292076e-15
sub-01,stimulus,39.25,4.248441553578282e-15
sub-01,stimulus,39.5,4.224446868209354e-15
sub-01,stimulus,39.75,7.015914737192561e-15
sub-01,stimulus,40.0,1.2694945813941168e-14
sub-01,stimulus,40.25,5.898791105273778e-15
sub-01,stimulus,40.5,4.597338110513928e-15
sub-01,stimulus,40.75,5.073823389533255e-15
sub-01,stimulus,41.0,4.093648562563092e-15
sub-01,stimulus,41.25,4.3794957448391065e-15
sub-01,stimulus,41.5,4.006856636306922e-15
sub-01,stimulus,41.75,3.4324244390634125e-15
sub-01,stimulus,42.0,3.3108008245696933e-15
sub-01,stimulus,42.25,3.4904021061290876e-15
sub-01,stimulus,42.5,4.0835798606767235e-15
sub-01,stimulus,42.75,4.239859340695002e-15
sub-01,stimulus,43.0,3.9128964658191776e-15
sub-01,stimulus,43.25,3.764904943842773e-15
sub-01,stimulus,43.5,3.305030023480216e-15
sub-01,stimulus,43.75,3.164555895633487e-15
sub-01,stimulus,44.0,3.30212045031281e-15
sub-01,stimulus,44.25,3.2716663539691943e-15
sub-01,stimulus,44.5,2.6994268758152703e-15
sub-01,stimulus,44.75,2.223294679034647e-15
sub-01,stimulus,45.0,1.86453327075844e-15
sub-01,stimulus,45.25,1.2575603430645406e-15
sub-01,stimulus,45.5,7.954689159606889e-16
sub-01,stimulus,45.75,4.498544767034618e-16
sub-01,stimulus,46.0,2.039213608480156e-16
sub-01,stimulus,46.25,8.983174796148923e-17
sub-01,stimulus,46.5,4.717982488848872e-17
sub-01,stimulus,46.75,2.017445736384607e-17
sub-01,stimulus,47.0,8.051627946498979e-18
sub-01,stimulus,47.25,3.0353472842064637e-18
sub-01,stimulus,47.5,1.539557203501009e-18
sub-01,stimulus,47.75,7.49885527026622e-19
sub-01,stimulus,48.0,4.386425459265893e-19
sub-01,stimulus,48.25,2.1762990256738683e-19
sub-01,stimulus,48.5,1.4884028564517258e-19
sub-01,stimulus,48.75,1.2238751592986226e-19
sub-01,stimulus,49.0,1.1278268901664832e-19
sub-01,stimulus,49.25,1.0026987924859831e-19
sub-01,stimulus,49.5,7.571872431119212e-20
sub-01,stimulus,49.75,7.679092645306791e-20
sub-01,stimulus,50.0,7.364339320151935e-20
sub-01,stimulus,50.25,7.256192703995865e-20
sub-01,stimulus,50.5,8.635629833819389e-20
sub-01,stimulus,50.75,8.570495106908396e-20
sub-01,stimulus,51.0,1.0589237403284451e-19
sub-01,stimulus,51.25,1.1962382890768124e-19
sub-01,stimulus,51.5,1.6600153104513035e-19
sub-01,stimulus,51.75,2.819815528466017e-19
sub-01,stimulus,52.0,5.566643100781954e-19
sub-01,stimulus,52.25,1.0542522766167163e-18
sub-01,stimulus,52.5,2.2600059745992944e-18
sub-01,stimulus,52.75,5.2328752199764765e-18
sub-01,stimulus,53.0,1.2046396453492921e-17
sub-01,stimulus,53.25,2.8715100846658355e-17
sub-01,stimulus,53.5,6.409209788053313e-17
sub-01,stimulus,53.75,1.1443192307644849e-16
sub-01,stimulus,54.0,2.126697611573593e-16
sub-01,stimulus,54.25,4.513877118578819e-16
sub-01,stimulus,54.5,7.973352534730025e-16
sub-01,stimulus,54.75,1.0798273339235552e-15
sub-01,stimulus,55.0,1.3967980434750631e-15
sub-02,rest,25.0,2.5329961498097463e-15
sub-02,rest,25.25,3.1375619204010522e-15
sub-02,rest,25.5,3.4561478061900065e-15
sub-02,rest,25.75,3.342674016755731e-15
sub-02,rest,26.0,2.566533479743781e-15
sub-02,rest,26.25,2.555580039982714e-15
sub-02,rest,26.5,2.4855159952458273e-15
sub-02,rest,26.75,2.626688478263492e-15
sub-02,rest,27.0,2.6818489266014722e-15
sub-02,rest,27.25,3.00336438920571e-15
sub-02,rest,27.5,2.471562825901495e-15
sub-02,rest,27.75,2.642012333137209e-15
sub-02,rest,28.0,2.352052151249557e-15
sub-02,rest,28.25,2.4104541386025396e-15
sub-02,rest,28.5,2.466255333522065e-15
sub-02,rest,28.75,2.6814995256456846e-15
sub-02,rest,29.0,2.3245655421322597e-15
sub-02,rest,29.25,3.3210142200628887e-15
sub-02,rest,29.5,2.7188854597154763e-15
sub-02,rest,29.75,2.2520991596947327e-15
sub-02,rest,30.0,2.7984821130147007e-15
sub-02,rest,30.25,2.915455716192373e-15
sub-02,rest,30.5,2.563389099969917e-15
sub-02,rest,30.75,2.120702561900804e-15
sub-02,rest,31.0,1.789197956086007e-15
sub-02,rest,31.25,1.7040487208657876e-15
sub-02,rest,31.5,2.3374219627483568e-15
sub-02,rest,31.75,2.3327776858824202e-15
sub-02,rest,32.0,2.273617726764769e-15
sub-02,rest,32.25,1.8990778359314322e-15
sub-02,rest,32.5,1.8410353894355224e-15
sub-02,rest,32.75,1.5888052404089995e-15
sub-02,rest,33.0,1.92258909902417e-15
sub-02,rest,33.25,2.6873960475463643e-15
sub-02,rest,33.5,2.0552892375833854e-15
sub-02,rest,33.75,2.023329659987661e-15
sub-02,rest,34.0,1.8986744701151162e-15
sub-02,rest,34.25,1.965304934995051e-15
sub-02,rest,34.5,1.7685684607361563e-15
sub-02,rest,34.75,1.5966152878994243e-15
sub-02,rest,35.0,2.1513361956615583e-15
sub-02,rest,35.25,2.3878459679621935e-15
sub-02,rest,35.5,1.7897672216414965e-15
sub-02,rest,35.75,1.7436903375532164e-15
sub-02,rest,36.0,1.8521307939075434e-15
sub-02,rest,36.25,2.079017490973628e-15
sub-02,rest,36.5,2.1345549877326803e-15
sub-02,rest,36.75,2.0785271482224865e-15
sub-02,rest,37.0,1.6154004702600611e-15
sub-02,rest,37.25,2.0090636252397432e-15
sub-02,rest,37.5,1.5765690045900476e-15
sub-02,rest,37.75,1.6373551247074306e-15
sub-02,rest,38.0,1.7642747817460337e-15
sub-02,rest,38.25,1.979211603555291e-15
sub-02,rest,38.5,1.4458293748426063e-15
sub-02,rest,38.75,1.784795366463569e-15
sub-02,rest,39.0,2.0279730020888094e-15
sub-02,rest,39.25,2.17592800716636e-15
sub-02,rest,39.5,1.7059721800859628e-15
sub-02,rest,39.75,2.015075891253517e-15
sub-02,rest,40.0,1.763926252969213e-15
sub-02,rest,40.25,1.775064009619493e-15
sub-02,rest,40.5,1.8215239284648157e-15
sub-02,rest,40.75,1.848994315638646e-15
sub-02,rest,41.0,1.9474992209220083e-15
sub-02,rest,41.25,1.8171034938501883e-15
sub-02,rest,41.5,1.7068910800123216e-15
sub-02,rest,41.75,2.10614052067783e-15
sub-02,rest,42.0,2.1403672443123975e-15
sub-02,rest,42.25,1.799230307782792e-15
sub-02,rest,42.5,2.1398946457745937e-15
sub-02,rest,42.75,1.904011199042658e-15
sub-02,rest,43.0,1.7535340639606314e-15
sub-02,rest,43.25,1.8239552572049532e-15
sub-02,rest,43.5,2.2224701140841605e-15
sub-02,rest,43.75,1.9046582886382793e-15
sub-02,rest,44.0,1.837991112410943e-15
sub-02,rest,44.25,1.3946915110384858e-15
sub-02,rest,44.5,1.2417956716352512e-15
sub-02,rest,44.75,1.1508618723634113e-15
sub-02,rest,45.0,6.917275248421698e-16
sub-02,rest,45.25,5.72726248828456e-16
sub-02,rest,45.5,3.6304986130743595e-16
sub-02,rest,45.75,2.2010131355053936e-16
sub-02,rest,46.0,1.207582633221797e-16
sub-02,rest,46.25,7.395307569946666e-17
sub-02,rest,46.5,4.14969771219285e-17
sub-02,rest,46.75,2.1053098711871556e-17
sub-02,rest,47.0,8.937192336838343e-18
sub-02,rest,47.25,5.664314130971288e-18
sub-02,rest,47.5,3.3036667779886093e-18
sub-02,rest,47.75,1.6561389294559235e-18
sub-02,rest,48.0,9.842190492154874e-19
sub-02,rest,48.25,6.330432192920606e-19
sub-02,rest,48.5,5.01658183445318e-19
sub-02,rest,48.75,2.4752821443914014e-19
sub-02,rest,49.0,1.974982212749168e-19
sub-02,rest,49.25,1.4892890461177746e-19
sub-02,rest,49.5,1.6381511290774299e-19
sub-02,rest,49.75,1.3929613688128503e-19
sub-02,rest,50.0,1.295683590168383e-19
sub-02,rest,50.25,1.2158190790097568e-19
sub-02,rest,50.5,1.6203949008782633e-19
sub-02,rest,50.75,2.189488011912501e-19
sub-02,rest,51.0,2.580333475355936e-19
sub-02,rest,51.25,3.2505018225439956e-19
sub-02,rest,51.5,6.267660176744714e-19
sub-02,rest,51.75,1.1994327222042697e-18
sub-02,rest,52.0,1.1586227602684543e-18
sub-02,rest,52.25,2.537742298291143e-18
sub-02,rest,52.5,5.2497020571957495e-18
sub-02,rest,52.75,8.011374052891035e-18
sub-02,rest,53.0,1.6448329138696913e-17
sub-02,rest,53.25,3.112573395906444e-17
sub-02,rest,53.5,4.563192852140948e-17
sub-02,rest,53.75,7.101873620682564e-17
sub-02,rest,54.0,1.308967602310448e-16
sub-02,rest,54.25,2.9026452999357634e-16
sub-02,rest,54.5,4.2093649295472426e-16
sub-02,rest,54.75,7.956297755510942e-16
sub-02,rest,55.0,1.0028077540574964e-15
sub-02,stimulus,25.0,3.3117683268168864e-15
sub-02,stimulus,25.25,3.40756766054434e-15
sub-02,stimulus,25.5,3.4379976575404645e-15
sub-02,stimulus,25.75,3.2417033188745578e-15
sub-02,stimulus,26.0,2.986194750967136e-15
sub-02,stimulus,26.25,3.290751392559967e-15
sub-02,stimulus,26.5,2.9429297587419604e-15
sub-02,stimulus,26.75,2.7258851332422545e-15
sub-02,stimulus,27.0,2.8389536585510836e-15
sub-02,stimulus,27.25,2.8336984092633626e-15
sub-02,stimulus,27.5,3.220332644752651e-15
sub-02,stimulus,27.75,3.389179960762324e-15
sub-02,stimulus,28.0,3.136962643146564e-15
sub-02,stimulus,28.25,3.3522543276222454e-15
sub-02,stimulus,28.5,3.0679617591542618e-15
sub-02,stimulus,28.75,2.9326365127949114e-15
sub-02,stimulus,29.0,2.816200548305362e-15
sub-02,stimulus,29.25,2.725980149703773e-15
sub-02,stimulus,29.5,2.857205260845586e-15
sub-02,stimulus,29.75,2.6995173515397837e-15
sub-02,stimulus,30.0,2.7255472119425305e-15
sub-02,stimulus,30.25,2.5897317485774393e-15
sub-02,stimulus,30.5,2.793547746042683e-15
sub-02,stimulus,30.75,2.7197426606863518e-15
sub-02,stimulus,31.0,2.729780898575968e-15
sub-02,stimulus,31.25,2.4833847315926692e-15
sub-02,stimulus,31.5,2.0950382409676962e-15
sub-02,stimulus,31.75,2.195229712052115e-15
sub-02,stimulus,32.0,1.8697831803520864e-15
sub-02,stimulus,32.25,2.1721201580865826e-15
sub-02,stimulus,32.5,2.365605730129271e-15
sub-02,stimulus,32.75,2.092901864038235e-15
sub-02,stimulus,33.0,2.2668251384088757e-15
sub-02,stimulus,33.25,2.2166077161580048e-15
sub-02,stimulus,33.5,1.890107116744909e-15
sub-02,stimulus,33.75,2.1698177839730323e-15
sub-02,stimulus,34.0,2.054355202028296e-15
sub-02,stimulus,34.25,2.19114229251688e-15
sub-02,stimulus,34.5,2.3634349676103823e-15
sub-02,stimulus,34.75,2.125879048093331e-15
sub-02,stimulus,35.0,2.427965625397899e-15
sub-02,stimulus,35.25,1.9533289880046757e-15
sub-02,stimulus,35.5,1.879315446868432e-15
sub-02,stimulus,35.75,2.0726670417373584e-15
sub-02,stimulus,36.0,2.0225049080782937e-15
sub-02,stimulus,36.25,2.0413441138928536e-15
sub-02,stimulus,36.5,2.150076303680926e-15
sub-02,stimulus,36.75,2.2097440834759013e-15
sub-02,stimulus,37.0,1.8532158838545686e-15
sub-02,stimulus,37.25,1.959221915957446e-15
sub-02,stimulus,37.5,1.83874151532543e-15
sub-02,stimulus,37.75,2.0303402879943185e-15
sub-02,stimulus,38.0,1.991021265439212e-15
sub-02,stimulus,38.25,2.0640322445182514e-15
sub-02,stimulus,38.5,1.9792198563588593e-15
sub-02,stimulus,38.75,2.021112416875342e-15
sub-02,stimulus,39.0,1.9293940976949812e-15
sub-02,stimulus,39.25,1.7778517558017698e-15
sub-02,stimulus,39.5,1.9586612354427355e-15
sub-02,stimulus,39.75,1.8231746360156607e-15
sub-02,stimulus,40.0,1.8224829501908087e-15
sub-02,stimulus,40.25,2.083032119822485e-15
sub-02,stimulus,40.5,2.1811846499450357e-15
sub-02,stimulus,40.75,2.2145422332558387e-15
sub-02,stimulus,41.0,2.543990426672989e-15
sub-02,stimulus,41.25,2.36188924134137e-15
sub-02,stimulus,41.5,1.8973819443936568e-15
sub-02,stimulus,41.75,2.0822170509284903e-15
sub-02,stimulus,42.0,1.9553664261806454e-15
sub-02,stimulus,42.25,1.8770781157103886e-15
sub-02,stimulus,42.5,1.846631379344397e-15
sub-02,stimulus,42.75,1.9446083454413434e-15
sub-02,stimulus,43.0,1.8333482029652737e-15
sub-02,stimulus,43.25,1.768513674861399e-15
sub-02,stimulus,43.5,1.7694224740746433e-15
sub-02,stimulus,43.75,1.7845496537440035e-15
sub-02,stimulus,44.0,1.970139911063922e-15
sub-02,stimulus,44.25,1.5267266187159913e-15
sub-02,stimulus,44.5,1.3047552761770144e-15
sub-02,stimulus,44.75,1.3733708254542456e-15
sub-02,stimulus,45.0,1.208344324675162e-15
sub-02,stimulus,45.25,7.784402284374849e-16
sub-02,stimulus,45.5,4.732885819976738e-16
sub-02,stimulus,45.75,2.0054689517891241e-16
sub-02,stimulus,46.0,1.4385265705407717e-16
sub-02,stimulus,46.25,7.717986901308717e-17
sub-02,stimulus,46.5,2.886298961032503e-17
sub-02,stimulus,46.75,1.063685770939453e-17
sub-02,stimulus,47.0,5.012619918248744e-18
sub-02,stimulus,47.25,2.9456653780186073e-18
sub-02,stimulus,47.5,1.4132700603828785e-18
sub-02,stimulus,47.75,7.075141938959688e-19
sub-02,stimulus,48.0,5.930902747885647e-19
sub-02,stimulus,48.25,3.531831284258684e-19
sub-02,stimulus,48.5,2.3385645162708725e-19
sub-02,stimulus,48.75,2.073240051778058e-19
sub-02,stimulus,49.0,1.3081597880850366e-19
sub-02,stimulus,49.25,9.742357261903258e-20
sub-02,stimulus,49.5,8.911248347104686e-20
sub-02,stimulus,49.75,8.314801287624506e-20
sub-02,stimulus,50.0,8.640158017192174e-20
sub-02,stimulus,50.25,9.679812681306046e-20
sub-02,stimulus,50.5,8.874411712063586e-20
sub-02,stimulus,50.75,9.681673689391734e-20
sub-02,stimulus,51.0,1.5298437395156603e-19
sub-02,stimulus,51.25,2.04622522724985e-19
sub-02,stimulus,51.5,3.0320372867828564e-19
sub-02,stimulus,51.75,4.451864119371953e-19
sub-02,stimulus,52.0,6.40422226044861e-19
sub-02,stimulus,52.25,1.2393333413811037e-18
sub-02,stimulus,52.5,2.458317958719368e-18
sub-02,stimulus,52.75,4.5523316415020166e-18
sub-02,stimulus,53.0,9.249530590422662e-18
sub-02,stimulus,53.25,1.8326472836245718e-17
sub-02,stimulus,53.5,3.891200480646743e-17
sub-02,stimulus,53.75,9.297239998157711e-17
sub-02,stimulus,54.0,1.5740112013536207e-16
sub-02,stimulus,54.25,3.3185233302136604e-16
sub-02,stimulus,54.5,5.275625501633738e-16
sub-02,stimulus,54.75,7.886384490407722e-16
sub-02,stimulus,55.0,1.3713164086994388e-15
sub-03,rest,25.0,9.408791934255204e-14
sub-03,rest,25.25,8.996553221981471e-14
sub-03,rest,25.5,6.175461194546855e-14
sub-03,rest,25.75,4.897999369916857e-14
sub-03,rest,26.0,5.90869121753597e-14
sub-03,rest,26.25,6.7017526949461e-14
sub-03,rest,26.5,6.970905881980795e-14
sub-03,rest,26.75,7.384213529184852e-14
sub-03,rest,27.0,5.223225989893294e-14
sub-03,rest,27.25,4.283919980967305e-14
sub-03,rest,27.5,4.590850504737423e-14
sub-03,rest,27.75,3.4683828145047964e-14
sub-03,rest,28.0,4.073486064077188e-14
sub-03,rest,28.25,4.477686453952513e-14
sub-03,rest,28.5,4.464242790649178e-14
sub-03,rest,28.75,3.8194135306983346e-14
sub-03,rest,29.0,3.462393533039879e-14
sub-03,rest,29.25,3.925791741835252e-14
sub-03,rest,29.5,3.681027706627136e-14
sub-03,rest,29.75,2.9013749261887906e-14
sub-03,rest,30.0,2.5238041813507562e-14
sub-03,rest,30.25,2.6775995898188547e-14
sub-03,rest,30.5,3.23066674149182e-14
sub-03,rest,30.75,3.844567374215594e-14
sub-03,rest,31.0,2.9905382930624215e-14
sub-03,rest,31.25,2.94209736865089e-14
sub-03,rest,31.5,3.205251647579505e-14
sub-03,rest,31.75,2.4597748961405004e-14
sub-03,rest,32.0,2.7649719969644576e-14
sub-03,rest,32.25,2.880247983705592e-14
sub-03,rest,32.5,2.917475218913275e-14
sub-03,rest,32.75,2.8228938339706116e-14
sub-03,rest,33.0,2.4080964553785877e-14
sub-03,rest,33.25,3.06605754058022e-14
sub-03,rest,33.5,2.4010903294895283e-14
sub-03,rest,33.75,2.2797265802994035e-14
sub-03,rest,34.0,2.11432086696666e-14
sub-03,rest,34.25,2.157691274060065e-14
sub-03,rest,34.5,2.153394843207285e-14
sub-03,rest,34.75,2.3905179249542522e-14
sub-03,rest,35.0,2.1145844613429594e-14
sub-03,rest,35.25,2.4412955833233686e-14
sub-03,rest,35.5,2.044971392636863e-14
sub-03,rest,35.75,2.21235882794473e-14
sub-03,rest,36.0,2.826964160211111e-14
sub-03,rest,36.25,2.3133067527246153e-14
sub-03,rest,36.5,2.6418319905498965e-14
sub-03,rest,36.75,2.035506705018473e-14
sub-03,rest,37.0,1.9426951936934154e-14
sub-03,rest,37.25,2.434234338662929e-14
sub-03,rest,37.5,2.979469098317505e-14
sub-03,rest,37.75,2.290208026471692e-14
sub-03,rest,38.0,2.5539571118639646e-14
sub-03,rest,38.25,2.8190800112770373e-14
sub-03,rest,38.5,2.8409616003251554e-14
sub-03,rest,38.75,3.134526167135258e-14
sub-03,rest,39.0,2.5874333293784975e-14
sub-03,rest,39.25,2.5763520220130083e-14
sub-03,rest,39.5,3.187538662953363e-14
sub-03,rest,39.75,3.157125171995597e-14
sub-03,rest,40.0,2.4642605312864476e-14
sub-03,rest,40.25,3.2348475616485355e-14
sub-03,rest,40.5,2.495624174015971e-14
sub-03,rest,40.75,1.767106995755754e-14
sub-03,rest,41.0,2.3336605506202517e-14
sub-03,rest,41.25,2.5804631056585662e-14
sub-03,rest,41.5,3.0057716811253884e-14
sub-03,rest,41.75,2.8286819832607272e-14
sub-03,rest,42.0,2.805065092773119e-14
sub-03,rest,42.25,3.424711017145698e-14
sub-03,rest,42.5,2.520998094545325e-14
sub-03,rest,42.75,2.2448772590254805e-14
sub-03,rest,43.0,2.8490052276878405e-14
sub-03,rest,43.25,2.568732473534241e-14
sub-03,rest,43.5,2.0818824206150064e-14
sub-03,rest,43.75,2.14017835692289e-14
sub-03,rest,44.0,2.4265924736782052e-14
sub-03,rest,44.25,2.2086233992485885e-14
sub-03,rest,44.5,1.4248482701148305e-14
sub-03,rest,44.75,1.199144165384672e-14
sub-03,rest,45.0,1.0023330618799878e-14
sub-03,rest,45.25,8.052143310864459e-15
sub-03,rest,45.5,5.7704363639491046e-15
sub-03,rest,45.75,3.4102861803031517e-15
sub-03,rest,46.0,1.801597701467889e-15
sub-03,rest,46.25,9.154315710767633e-16
sub-03,rest,46.5,4.097799386332914e-16
sub-03,rest,46.75,1.8593835675228267e-16
sub-03,rest,47.0,8.386378075818741e-17
sub-03,rest,47.25,2.8895536054857223e-17
sub-03,rest,47.5,1.2604966520682789e-17
sub-03,rest,47.75,7.244215582176252e-18
sub-03,rest,48.0,4.110460967446766e-18
sub-03,rest,48.25,1.521524334960437e-18
sub-03,rest,48.5,8.826169875596267e-19
sub-03,rest,48.75,1.0808268153966681e-18
sub-03,rest,49.0,7.711583624624967e-19
sub-03,rest,49.25,3.8747703577769957e-19
sub-03,rest,49.5,2.42577333572489e-19
sub-03,rest,49.75,2.671046299249019e-19
sub-03,rest,50.0,2.645714669316305e-19
sub-03,rest,50.25,2.8477261140938857e-19
sub-03,rest,50.5,2.6977083834684845e-19
sub-03,rest,50.75,4.100611782037337e-19
sub-03,rest,51.0,3.823776146080205e-19
sub-03,rest,51.25,7.180207590748454e-19
sub-03,rest,51.5,1.5178718721825516e-18
sub-03,rest,51.75,2.502877003449642e-18
sub-03,rest,52.0,5.5174221016747125e-18
sub-03,rest,52.25,9.961166707298667e-18
sub-03,rest,52.5,2.2052841488508827e-17
sub-03,rest,52.75,4.9959604666175536e-17
sub-03,rest,53.0,1.3509258221551854e-16
sub-03,rest,53.25,2.624087241436517e-16
sub-03,rest,53.5,5.25493031222332e-16
sub-03,rest,53.75,9.506347744509758e-16
sub-03,rest,54.0,1.899748764433733e-15
sub-03,rest,54.25,2.810732382927983e-15
sub-03,rest,54.5,5.382098842428227e-15
sub-03,rest,54.75,9.800666568317826e-15
sub-03,rest,55.0,1.3748776854323872e-14
sub-03,stimulus,25.0,6.81177585048157e-14
sub-03,stimulus,25.25,6.150400189110636e-14
sub-03,stimulus,25.5,6.582437767449153e-14
sub-03,stimulus,25.75,7.021238224020277e-14
sub-03,stimulus,26.0,6.414188188144401e-14
sub-03,stimulus,26.25,5.582332773010841e-14
sub-03,stimulus,26.5,6.210153610245769e-14
sub-03,stimulus,26.75,5.2877867362852777e-14
sub-03,stimulus,27.0,4.7136182296483067e-14
sub-03,stimulus,27.25,4.5187825460206434e-14
sub-03,stimulus,27.5,4.389065959025633e-14
sub-03,stimulus,27.75,4.4520585284908025e-14
sub-03,stimulus,28.0,4.798914852061516e-14
sub-03,stimulus,28.25,5.0305649939117586e-14
sub-03,stimulus,28.5,5.271739233619904e-14
sub-03,stimulus,28.75,4.213391735744637e-14
sub-03,stimulus,29.0,4.0500571286010466e-14
sub-03,stimulus,29.25,4.2426741013233894e-14
sub-03,stimulus,29.5,4.370268189023656e-14
sub-03,stimulus,29.75,3.896047775257878e-14
sub-03,stimulus,30.0,3.7849243550087895e-14
sub-03,stimulus,30.25,3.1348787602695876e-14
sub-03,stimulus,30.5,3.164272658627718e-14
sub-03,stimulus,30.75,4.1450620649583895e-14
sub-03,stimulus,31.0,3.8493065336776294e-14
sub-03,stimulus,31.25,3.7429470516766426e-14
sub-03,stimulus,31.5,3.632750642958645e-14
sub-03,stimulus,31.75,3.435689260120196e-14
sub-03,stimulus,32.0,3.682412792550554e-14
sub-03,stimulus,32.25,3.351406052861029e-14
sub-03,stimulus,32.5,3.263154961068711e-14
sub-03,stimulus,32.75,3.037560538548367e-14
sub-03,stimulus,33.0,2.8013887318992353e-14
sub-03,stimulus,33.25,3.3395658065502896e-14
sub-03,stimulus,33.5,3.69116037612859e-14
sub-03,stimulus,33.75,3.812594232256072e-14
sub-03,stimulus,34.0,3.6741611308000047e-14
sub-03,stimulus,34.25,3.1373820172993224e-14
sub-03,stimulus,34.5,3.4120426233104254e-14
sub-03,stimulus,34.75,3.393706347970835e-14
sub-03,stimulus,35.0,3.4812131886508746e-14
sub-03,stimulus,35.25,3.582152801835823e-14
sub-03,stimulus,35.5,3.723927557050828e-14
sub-03,stimulus,35.75,3.5712868799207063e-14
sub-03,stimulus,36.0,3.0372143229357395e-14
sub-03,stimulus,36.25,2.994000787061302e-14
sub-03,stimulus,36.5,3.0904179426612644e-14
sub-03,stimulus,36.75,3.197197703189992e-14
sub-03,stimulus,37.0,3.572792946951319e-14
sub-03,stimulus,37.25,3.113072095608257e-14
sub-03,stimulus,37.5,3.125773182522292e-14
sub-03,stimulus,37.75,3.2815309106021553e-14
sub-03,stimulus,38.0,3.7142375972125305e-14
sub-03,stimulus,38.25,2.821188722004714e-14
sub-03,stimulus,38.5,3.0563010229061616e-14
sub-03,stimulus,38.75,3.30288064119119e-14
sub-03,stimulus,39.0,3.8086964023396714e-14
sub-03,stimulus,39.25,3.625997445983142e-14
sub-03,stimulus,39.5,3.63202052333665e-14
sub-03,stimulus,39.75,3.673663738584932e-14
sub-03,stimulus,40.0,4.2776692531245424e-14
sub-03,stimulus,40.25,3.863694297872128e-14
sub-03,stimulus,40.5,3.412955376799913e-14
sub-03,stimulus,40.75,3.3729525427335724e-14
sub-03,stimulus,41.0,3.558495436744579e-14
sub-03,stimulus,41.25,3.0770650274484014e-14
sub-03,stimulus,41.5,3.433120410203441e-14
sub-03,stimulus,41.75,2.9694865925310194e-14
sub-03,stimulus,42.0,3.399394773970422e-14
sub-03,stimulus,42.25,3.419711060491096e-14
sub-03,stimulus,42.5,3.5925107196289913e-14
sub-03,stimulus,42.75,3.793635861103482e-14
sub-03,stimulus,43.0,3.9621726446113556e-14
sub-03,stimulus,43.25,2.8831380569687136e-14
sub-03,stimulus,43.5,3.087902188778047e-14
sub-03,stimulus,43.75,3.3789764226016063e-14
sub-03,stimulus,44.0,3.6056376539481806e-14
sub-03,stimulus,44.25,3.086379274678316e-14
sub-03,stimulus,44.5,1.9499429136736026e-14
sub-03,stimulus,44.75,1.7997074707570186e-14
sub-03,stimulus,45.0,1.526486643837931e-14
sub-03,stimulus,45.25,1.2074787738544637e-14
sub-03,stimulus,45.5,8.58852640188022e-15
sub-03,stimulus,45.75,3.1004943442423086e-15
sub-03,stimulus,46.0,1.922552112430118e-15
sub-03,stimulus,46.25,1.1656852236010773e-15
sub-03,stimulus,46.5,4.570533867149312e-16
sub-03,stimulus,46.75,2.1618851884697128e-16
sub-03,stimulus,47.0,9.365201839297495e-17
sub-03,stimulus,47.25,3.8824266868899976e-17
sub-03,stimulus,47.5,1.4425459667774144e-17
sub-03,stimulus,47.75,5.630799912184884e-18
sub-03,stimulus,48.0,3.1429807415532764e-18
sub-03,stimulus,48.25,2.734185749893178e-18
sub-03,stimulus,48.5,1.3815430689405066e-18
sub-03,stimulus,48.75,7.068578482812309e-19
sub-03,stimulus,49.0,5.574214483063292e-19
sub-03,stimulus,49.25,3.9501526487798623e-19
sub-03,stimulus,49.5,2.7858790130767187e-19
sub-03,stimulus,49.75,2.325283725523409e-19
sub-03,stimulus,50.0,2.3617750353392107e-19
sub-03,stimulus,50.25,3.0764440765327193e-19
sub-03,stimulus,50.5,3.599826066159404e-19
sub-03,stimulus,50.75,5.181668155968888e-19
sub-03,stimulus,51.0,5.604823467069457e-19
sub-03,stimulus,51.25,1.0025237226980624e-18
sub-03,stimulus,51.5,2.0490913461820717e-18
sub-03,stimulus,51.75,4.119153760945382e-18
sub-03,stimulus,52.0,4.809534559432486e-18
sub-03,stimulus,52.25,1.1852097558714393e-17
sub-03,stimulus,52.5,2.7776933099546696e-17
sub-03,stimulus,52.75,5.809909002921882e-17
sub-03,stimulus,53.0,1.4938865935718769e-16
sub-03,stimulus,53.25,3.442838089843876e-16
sub-03,stimulus,53.5,6.815493678016789e-16
sub-03,stimulus,53.75,1.388499227424128e-15
sub-03,stimulus,54.0,2.687778272804754e-15
sub-03,stimulus,54.25,5.1181296948671616e-15
sub-03,stimulus,54.5,8.255661091472476e-15
sub-03,stimulus,54.75,1.255692747568202e-14
sub-03,stimulus,55.0,1.670049875692432e-14
sub-04,rest,25.0,4.697273243362092e-13
sub-04,rest,25.25,4.3367201077557133e-13
sub-04,rest,25.5,4.1360684278775185e-13
sub-04,rest,25.75,6.408481172860484e-13
sub-04,rest,26.0,4.863076749507071e-13
sub-04,rest,26.25,3.8853041538375205e-13
sub-04,rest,26.5,3.0743234686122543e-13
sub-04,rest,26.75,3.596635657691966e-13
sub-04,rest,27.0,3.8930141046070633e-13
sub-04,rest,27.25,4.5370501222334104e-13
sub-04,rest,27.5,4.5448078519115014e-13
sub-04,rest,27.75,3.786062915726256e-13
sub-04,rest,28.0,3.6645939961558537e-13
sub-04,rest,28.25,4.598631208758245e-13
sub-04,rest,28.5,3.469281998060225e-13
sub-04,rest,28.75,3.206949579600638e-13
sub-04,rest,29.0,3.4209316637893476e-13
sub-04,rest,29.25,4.05324369883243e-13
sub-04,rest,29.5,3.4136466668625863e-13
sub-04,rest,29.75,3.8315551745332527e-13
sub-04,rest,30.0,3.4163140548671185e-13
sub-04,rest,30.25,2.4655306846996437e-13
sub-04,rest,30.5,2.8210957577194354e-13
sub-04,rest,30.75,3.1922857611751457e-13
sub-04,rest,31.0,2.973743031207389e-13
sub-04,rest,31.25,3.033554785105773e-13
sub-04,rest,31.5,3.1798898887716794e-13
sub-04,rest,31.75,2.9153129840546686e-13
sub-04,rest,32.0,2.888408391649096e-13
sub-04,rest,32.25,2.9474828408016317e-13
sub-04,rest,32.5,3.387076119209949e-13
sub-04,rest,32.75,3.172770599920799e-13
sub-04,rest,33.0,2.8386449704820097e-13
sub-04,rest,33.25,3.375872934594658e-13
sub-04,rest,33.5,3.2044233824432566e-13
sub-04,rest,33.75,2.590690721275591e-13
sub-04,rest,34.0,2.396615505867104e-13
sub-04,rest,34.25,2.5648925813724137e-13
sub-04,rest,34.5,2.504125502453283e-13
sub-04,rest,34.75,2.933929540810017e-13
sub-04,rest,35.0,2.897750770344475e-13
sub-04,rest,35.25,2.790619092605396e-13
sub-04,rest,35.5,3.32416607218995e-13
sub-04,rest,35.75,2.687392795891022e-13
sub-04,rest,36.0,2.5177465057186974e-13
sub-04,rest,36.25,3.098586374450357e-13
sub-04,rest,36.5,2.8117472865133785e-13
sub-04,rest,36.75,2.188258687361446e-13
sub-04,rest,37.0,2.374508128754977e-13
sub-04,rest,37.25,2.706877045066866e-13
sub-04,rest,37.5,2.725220828903442e-13
sub-04,rest,37.75,2.721194669318383e-13
sub-04,rest,38.0,2.4782146449489194e-13
sub-04,rest,38.25,2.828606070580704e-13
sub-04,rest,38.5,3.5642402252995974e-13
sub-04,rest,38.75,2.4233717774756547e-13
sub-04,rest,39.0,2.530412948162019e-13
sub-04,rest,39.25,2.360310873026906e-13
sub-04,rest,39.5,2.28873420491813e-13
sub-04,rest,39.75,2.5971442781872784e-13
sub-04,rest,40.0,3.4066116380540056e-13
sub-04,rest,40.25,2.639798865989106e-13
sub-04,rest,40.5,2.568451628693215e-13
sub-04,rest,40.75,3.048543589372039e-13
sub-04,rest,41.0,2.657486120955897e-13
sub-04,rest,41.25,2.041711998429098e-13
sub-04,rest,41.5,2.6432274639218163e-13
sub-04,rest,41.75,2.400370995378707e-13
sub-04,rest,42.0,2.5466736039128575e-13
sub-04,rest,42.25,2.6913416836066296e-13
sub-04,rest,42.5,2.5004054701312313e-13
sub-04,rest,42.75,2.304616427201435e-13
sub-04,rest,43.0,2.0737600003427439e-13
sub-04,rest,43.25,2.023210754112251e-13
sub-04,rest,43.5,2.468180983453847e-13
sub-04,rest,43.75,2.876968421079864e-13
sub-04,rest,44.0,2.6294195199053093e-13
sub-04,rest,44.25,2.7749821163936286e-13
sub-04,rest,44.5,2.5509497407582077e-13
sub-04,rest,44.75,1.784466847387332e-13
sub-04,rest,45.0,1.275669744330994e-13
sub-04,rest,45.25,9.795706866186482e-14
sub-04,rest,45.5,6.041915304171454e-14
sub-04,rest,45.75,3.174029124900669e-14
sub-04,rest,46.0,1.4006948104285382e-14
sub-04,rest,46.25,5.465019952818478e-15
sub-04,rest,46.5,3.588246425739291e-15
sub-04,rest,46.75,1.626818472894169e-15
sub-04,rest,47.0,7.54262394182213e-16
sub-04,rest,47.25,2.4811254960727737e-16
sub-04,rest,47.5,1.154065403059298e-16
sub-04,rest,47.75,2.726242934800116e-17
sub-04,rest,48.0,1.3249250278250882e-17
sub-04,rest,48.25,7.395916291001555e-18
sub-04,rest,48.5,4.1990108324451385e-18
sub-04,rest,48.75,3.3597495588462132e-18
sub-04,rest,49.0,3.0056271294058552e-18
sub-04,rest,49.25,1.4226701167678982e-18
sub-04,rest,49.5,1.2744967213531734e-18
sub-04,rest,49.75,1.0116141832416984e-18
sub-04,rest,50.0,9.660692178875982e-19
sub-04,rest,50.25,9.44288503958474e-19
sub-04,rest,50.5,1.3309896865675822e-18
sub-04,rest,50.75,1.8868935277565814e-18
sub-04,rest,51.0,3.0135037112457735e-18
sub-04,rest,51.25,5.519909234806608e-18
sub-04,rest,51.5,1.1499070847709822e-17
sub-04,rest,51.75,2.8360282532285006e-17
sub-04,rest,52.0,3.9618785650931627e-17
sub-04,rest,52.25,6.351382778445656e-17
sub-04,rest,52.5,1.611221882951403e-16
sub-04,rest,52.75,4.74880114534409e-16
sub-04,rest,53.0,9.240821741625516e-16
sub-04,rest,53.25,2.6466878926798528e-15
sub-04,rest,53.5,6.081844348210136e-15
sub-04,rest,53.75,9.460193810603832e-15
sub-04,rest,54.0,2.1152579128074307e-14
sub-04,rest,54.25,4.2368074487630304e-14
sub-04,rest,54.5,6.100469009314599e-14
sub-04,rest,54.75,1.0638392465041417e-13
sub-04,rest,55.0,1.5549369065462248e-13
sub-04,stimulus,25.0,5.232175939850211e-13
sub-04,stimulus,25.25,4.2515863690453997e-13
sub-04,stimulus,25.5,4.0255234622251674e-13
sub-04,stimulus,25.75,4.276905419520268e-13
sub-04,stimulus,26.0,4.3533628243305136e-13
sub-04,stimulus,26.25,4.4495719655918927e-13
sub-04,stimulus,26.5,4.2603887469869747e-13
sub-04,stimulus,26.75,3.9690411126194277e-13
sub-04,stimulus,27.0,3.982474115350604e-13
sub-04,stimulus,27.25,4.0413589263494714e-13
sub-04,stimulus,27.5,3.7858734359031924e-13
sub-04,stimulus,27.75,3.5252905713698064e-13
sub-04,stimulus,28.0,3.3517588003792114e-13
sub-04,stimulus,28.25,4.3635158728982374e-13
sub-04,stimulus,28.5,3.5662702660592165e-13
sub-04,stimulus,28.75,3.513890770282665e-13
sub-04,stimulus,29.0,3.172862999729093e-13
sub-04,stimulus,29.25,3.5451271560974873e-13
sub-04,stimulus,29.5,3.733829275402069e-13
sub-04,stimulus,29.75,4.2724122103122514e-13
sub-04,stimulus,30.0,3.916167447361975e-13
sub-04,stimulus,30.25,3.5147179938995374e-13
sub-04,stimulus,30.5,4.122903482504294e-13
sub-04,stimulus,30.75,4.2838631060973407e-13
sub-04,stimulus,31.0,4.230440388120902e-13
sub-04,stimulus,31.25,3.909300800376312e-13
sub-04,stimulus,31.5,3.7128084380698857e-13
sub-04,stimulus,31.75,3.9258434028605034e-13
sub-04,stimulus,32.0,3.6385221913208714e-13
sub-04,stimulus,32.25,2.995704655167094e-13
sub-04,stimulus,32.5,2.9539361411965375e-13
sub-04,stimulus,32.75,3.0485932116392607e-13
sub-04,stimulus,33.0,3.112403254022185e-13
sub-04,stimulus,33.25,3.54480410723374e-13
sub-04,stimulus,33.5,2.9295866690083576e-13
sub-04,stimulus,33.75,2.663808170451392e-13
sub-04,stimulus,34.0,2.9479795955726584e-13
sub-04,stimulus,34.25,3.4002331960100794e-13
sub-04,stimulus,34.5,3.234924658447704e-13
sub-04,stimulus,34.75,3.1643689998010353e-13
sub-04,stimulus,35.0,2.82635665695594e-13
sub-04,stimulus,35.25,2.537920030812975e-13
sub-04,stimulus,35.5,2.8116884101242233e-13
sub-04,stimulus,35.75,2.787419671628444e-13
sub-04,stimulus,36.0,2.7611851707241026e-13
sub-04,stimulus,36.25,3.141413508888988e-13
sub-04,stimulus,36.5,3.1106244473067455e-13
sub-04,stimulus,36.75,2.8593748749874747e-13
sub-04,stimulus,37.0,2.9871395574364733e-13
sub-04,stimulus,37.25,2.766227457085387e-13
sub-04,stimulus,37.5,3.2316882932422454e-13
sub-04,stimulus,37.75,3.2645095950965054e-13
sub-04,stimulus,38.0,2.90325679235215e-13
sub-04,stimulus,38.25,3.082875331279486e-13
sub-04,stimulus,38.5,2.68256778130798e-13
sub-04,stimulus,38.75,2.9307716030762107e-13
sub-04,stimulus,39.0,3.053468831195068e-13
sub-04,stimulus,39.25,2.748738105686733e-13
sub-04,stimulus,39.5,3.109684093256006e-13
sub-04,stimulus,39.75,2.891954635228881e-13
sub-04,stimulus,40.0,2.6311852593314854e-13
sub-04,stimulus,40.25,2.827308253051613e-13
sub-04,stimulus,40.5,3.063662042233694e-13
sub-04,stimulus,40.75,3.097771223120486e-13
sub-04,stimulus,41.0,2.9780476941846233e-13
sub-04,stimulus,41.25,3.091403119439133e-13
sub-04,stimulus,41.5,2.7125229586768364e-13
sub-04,stimulus,41.75,2.767407544916364e-13
sub-04,stimulus,42.0,2.625401844140857e-13
sub-04,stimulus,42.25,3.174278191366046e-13
sub-04,stimulus,42.5,3.4602647815714486e-13
sub-04,stimulus,42.75,3.3727130316377786e-13
sub-04,stimulus,43.0,3.2301537812213776e-13
sub-04,stimulus,43.25,2.369639299806219e-13
sub-04,stimulus,43.5,3.100121936926842e-13
sub-04,stimulus,43.75,2.760510009941989e-13
sub-04,stimulus,44.0,2.6668610083882447e-13
sub-04,stimulus,44.25,2.477888771284676e-13
sub-04,stimulus,44.5,2.0214776805064161e-13
sub-04,stimulus,44.75,1.78240772752458e-13
sub-04,stimulus,45.0,1.3098338766659788e-13
sub-04,stimulus,45.25,9.590724687534722e-14
sub-04,stimulus,45.5,6.038732193841114e-14
sub-04,stimulus,45.75,3.185149060679542e-14
sub-04,stimulus,46.0,1.8439527249288368e-14
sub-04,stimulus,46.25,9.043025279205121e-15
sub-04,stimulus,46.5,3.7388639775274696e-15
sub-04,stimulus,46.75,1.6431527880184307e-15
sub-04,stimulus,47.0,6.237930364735435e-16
sub-04,stimulus,47.25,2.231619383893463e-16
sub-04,stimulus,47.5,8.691615896844188e-17
sub-04,stimulus,47.75,3.830565126701787e-17
sub-04,stimulus,48.0,2.668840111262351e-17
sub-04,stimulus,48.25,1.8127070175887853e-17
sub-04,stimulus,48.5,1.3182651803794484e-17
sub-04,stimulus,48.75,5.673356691553895e-18
sub-04,stimulus,49.0,3.6422209458936586e-18
sub-04,stimulus,49.25,1.879900522124276e-18
sub-04,stimulus,49.5,1.5173471065342063e-18
sub-04,stimulus,49.75,1.346263827638226e-18
sub-04,stimulus,50.0,1.1982265434425632e-18
sub-04,stimulus,50.25,1.0176988657249613e-18
sub-04,stimulus,50.5,1.6158866088985052e-18
sub-04,stimulus,50.75,2.3614082379173486e-18
sub-04,stimulus,51.0,3.564986373317403e-18
sub-04,stimulus,51.25,6.023726409047046e-18
sub-04,stimulus,51.5,8.52595007092198e-18
sub-04,stimulus,51.75,1.6466917555503957e-17
sub-04,stimulus,52.0,3.2081398249932225e-17
sub-04,stimulus,52.25,7.146474588576713e-17
sub-04,stimulus,52.5,1.7593926551104694e-16
sub-04,stimulus,52.75,4.361350513179021e-16
sub-04,stimulus,53.0,1.22190353839777e-15
sub-04,stimulus,53.25,2.424254882678191e-15
sub-04,stimulus,53.5,5.32159238874387e-15
sub-04,stimulus,53.75,1.2340752622506897e-14
sub-04,stimulus,54.0,2.5301252583598012e-14
sub-04,stimulus,54.25,4.542220204915269e-14
sub-04,stimulus,54.5,8.151290010035758e-14
sub-04,stimulus,54.75,1.1071992848251938e-13
sub-04,stimulus,55.0,1.4589009819231653e-13
sub-05,rest,25.0,7.300437366017984e-14
sub-05,rest,25.25,5.909609205518728e-14
sub-05,rest,25.5,4.921109461291644e-14
sub-05,rest,25.75,5.989087455262108e-14
sub-05,rest,26.0,7.064647206455307e-14
sub-05,rest,26.25,6.567234795939718e-14
sub-05,rest,26.5,7.032318256547066e-14
sub-05,rest,26.75,5.922307141163366e-14
sub-05,rest,27.0,5.034169154010462e-14
sub-05,rest,27.25,4.66886227025318e-14
sub-05,rest,27.5,5.827725889794382e-14
sub-05,rest,27.75,5.066912932500813e-14
sub-05,rest,28.0,4.935176621049063e-14
sub-05,rest,28.25,4.479617119550659e-14
sub-05,rest,28.5,4.660015726361263e-14
sub-05,rest,28.75,4.003304400364724e-14
sub-05,rest,29.0,4.429807088542648e-14
sub-05,rest,29.25,4.191939517045396e-14
sub-05,rest,29.5,4.224845161061076e-14
sub-05,rest,29.75,4.3801068253811664e-14
sub-05,rest,30.0,4.375909959254451e-14
sub-05,rest,30.25,5.0628640547424976e-14
sub-05,rest,30.5,4.6869208855851614e-14
sub-05,rest,30.75,4.324122524578561e-14
sub-05,rest,31.0,3.556399347866065e-14
sub-05,rest,31.25,3.9961038142161435e-14
sub-05,rest,31.5,3.7463104039520254e-14
sub-05,rest,31.75,4.4812328772195895e-14
sub-05,rest,32.0,3.893369216671973e-14
sub-05,rest,32.25,4.061848921130902e-14
sub-05,rest,32.5,4.1186952775052576e-14
sub-05,rest,32.75,3.1138585386012956e-14
sub-05,rest,33.0,3.173265528299623e-14
sub-05,rest,33.25,2.865723780631567e-14
sub-05,rest,33.5,3.5957518384270124e-14
sub-05,rest,33.75,3.5596496008160906e-14
sub-05,rest,34.0,4.115114739175933e-14
sub-05,rest,34.25,3.7731758906856176e-14
sub-05,rest,34.5,3.673421336294722e-14
sub-05,rest,34.75,3.530789249892126e-14
sub-05,rest,35.0,3.262959730854575e-14
sub-05,rest,35.25,4.139953439880746e-14
sub-05,rest,35.5,4.508054315874777e-14
sub-05,rest,35.75,4.299488413442261e-14
sub-05,rest,36.0,3.750199991321073e-14
sub-05,rest,36.25,2.974774791467166e-14
sub-05,rest,36.5,3.1181081899808e-14
sub-05,rest,36.75,2.8255464107707086e-14
sub-05,rest,37.0,3.0355924037638256e-14
sub-05,rest,37.25,3.3184289746706224e-14
sub-05,rest,37.5,4.4239066347524253e-14
sub-05,rest,37.75,4.1785610645692836e-14
sub-05,rest,38.0,2.647411553538446e-14
sub-05,rest,38.25,2.8327374540652653e-14
sub-05,rest,38.5,2.8758869499420345e-14
sub-05,rest,38.75,3.323030882317497e-14
sub-05,rest,39.0,3.04418154218476e-14
sub-05,rest,39.25,3.143494691095164e-14
sub-05,rest,39.5,2.842764229781942e-14
sub-05,rest,39.75,3.055686453885731e-14
sub-05,rest,40.0,2.6031157811871483e-14
sub-05,rest,40.25,3.134997970583852e-14
sub-05,rest,40.5,3.15471037999912e-14
sub-05,rest,40.75,2.964437076002971e-14
sub-05,rest,41.0,2.6370559623668256e-14
sub-05,rest,41.25,2.7102169192032555e-14
sub-05,rest,41.5,2.4476333463831038e-14
sub-05,rest,41.75,2.784916449924517e-14
sub-05,rest,42.0,3.4201759909947786e-14
sub-05,rest,42.25,2.9900040745719595e-14
sub-05,rest,42.5,3.121830740047532e-14
sub-05,rest,42.75,2.8331405304363196e-14
sub-05,rest,43.0,3.076784462225398e-14
sub-05,rest,43.25,2.6235089199837344e-14
sub-05,rest,43.5,2.0549438049465806e-14
sub-05,rest,43.75,2.2219855265210467e-14
sub-05,rest,44.0,2.282488285077964e-14
sub-05,rest,44.25,2.156186037531086e-14
sub-05,rest,44.5,2.1486031743276852e-14
sub-05,rest,44.75,1.615142343374119e-14
sub-05,rest,45.0,1.5651696492134753e-14
sub-05,rest,45.25,1.1085150821396065e-14
sub-05,rest,45.5,4.908266597855512e-15
sub-05,rest,45.75,3.3959177122128887e-15
sub-05,rest,46.0,1.9767293636116894e-15
sub-05,rest,46.25,7.830817755654985e-16
sub-05,rest,46.5,4.744355995705756e-16
sub-05,rest,46.75,2.1219236102321257e-16
sub-05,rest,47.0,1.1899365860959377e-16
sub-05,rest,47.25,3.0579842018400935e-17
sub-05,rest,47.5,1.346424970199172e-17
sub-05,rest,47.75,7.999795858015616e-18
sub-05,rest,48.0,5.9223589615543786e-18
sub-05,rest,48.25,3.2210688578403364e-18
sub-05,rest,48.5,2.433355583871162e-18
sub-05,rest,48.75,1.5271365203819734e-18
sub-05,rest,49.0,7.652975156892029e-19
sub-05,rest,49.25,4.460617609173687e-19
sub-05,rest,49.5,3.9397662335981415e-19
sub-05,rest,49.75,3.6275144401294707e-19
sub-05,rest,50.0,2.6278392303375683e-19
sub-05,rest,50.25,3.655072200133279e-19
sub-05,rest,50.5,4.825477167071049e-19
sub-05,rest,50.75,8.436341650389291e-19
sub-05,rest,51.0,1.3207140461856302e-18
sub-05,rest,51.25,1.9014424597242718e-18
sub-05,rest,51.5,3.6476255059664266e-18
sub-05,rest,51.75,3.794475523692453e-18
sub-05,rest,52.0,4.903658439767891e-18
sub-05,rest,52.25,1.1601253963283735e-17
sub-05,rest,52.5,2.844572992567618e-17
sub-05,rest,52.75,6.312125693190958e-17
sub-05,rest,53.0,1.2068658995867053e-16
sub-05,rest,53.25,3.3159074736736763e-16
sub-05,rest,53.5,7.078612136401251e-16
sub-05,rest,53.75,1.1729687432042525e-15
sub-05,rest,54.0,1.756914586766349e-15
sub-05,rest,54.25,3.2851911102945376e-15
sub-05,rest,54.5,5.508035201984386e-15
sub-05,rest,54.75,9.47329736213951e-15
sub-05,rest,55.0,9.881198494654413e-15
sub-05,stimulus,25.0,6.918328260688762e-14
sub-05,stimulus,25.25,6.801671778360579e-14
sub-05,stimulus,25.5,6.294569018550902e-14
sub-05,stimulus,25.75,6.411794822700769e-14
sub-05,stimulus,26.0,6.25151229281355e-14
sub-05,stimulus,26.25,5.5523738880882914e-14
sub-05,stimulus,26.5,4.9298158923505937e-14
sub-05,stimulus,26.75,5.248722945785918e-14
sub-05,stimulus,27.0,5.438651581564702e-14
sub-05,stimulus,27.25,5.462400790286032e-14
sub-05,stimulus,27.5,5.2942935519841535e-14
sub-05,stimulus,27.75,4.803068483084992e-14
sub-05,stimulus,28.0,4.8441133126920895e-14
sub-05,stimulus,28.25,5.424012304361484e-14
sub-05,stimulus,28.5,5.17904079600375e-14
sub-05,stimulus,28.75,4.603474181185477e-14
sub-05,stimulus,29.0,4.431306430992508e-14
sub-05,stimulus,29.25,4.522629556400288e-14
sub-05,stimulus,29.5,4.4158638193839195e-14
sub-05,stimulus,29.75,4.511149735019415e-14
sub-05,stimulus,30.0,4.381795617567802e-14
sub-05,stimulus,30.25,4.9007450768708414e-14
sub-05,stimulus,30.5,4.655543005238359e-14
sub-05,stimulus,30.75,4.7872774721545316e-14
sub-05,stimulus,31.0,4.122949288618324e-14
sub-05,stimulus,31.25,4.592749275730198e-14
sub-05,stimulus,31.5,4.0484885912030156e-14
sub-05,stimulus,31.75,4.0212687028298046e-14
sub-05,stimulus,32.0,3.388220338566362e-14
sub-05,stimulus,32.25,3.9304579517040386e-14
sub-05,stimulus,32.5,3.785991357006148e-14
sub-05,stimulus,32.75,4.402741071626977e-14
sub-05,stimulus,33.0,4.183191459775065e-14
sub-05,stimulus,33.25,3.6151727992350233e-14
sub-05,stimulus,33.5,3.9232919520033175e-14
sub-05,stimulus,33.75,3.570416447391403e-14
sub-05,stimulus,34.0,3.541471779627843e-14
sub-05,stimulus,34.25,4.079529074983895e-14
sub-05,stimulus,34.5,3.709701981426303e-14
sub-05,stimulus,34.75,3.495184783112185e-14
sub-05,stimulus,35.0,4.028120197384109e-14
sub-05,stimulus,35.25,3.78607216800959e-14
sub-05,stimulus,35.5,3.435331047914449e-14
sub-05,stimulus,35.75,2.951420082506517e-14
sub-05,stimulus,36.0,3.02632063352283e-14
sub-05,stimulus,36.25,2.7950774784874926e-14
sub-05,stimulus,36.5,3.0474252970305704e-14
sub-05,stimulus,36.75,3.5265037201285996e-14
sub-05,stimulus,37.0,3.3604617077176066e-14
sub-05,stimulus,37.25,3.3455306057611676e-14
sub-05,stimulus,37.5,3.2978859023879147e-14
sub-05,stimulus,37.75,3.741376314390542e-14
sub-05,stimulus,38.0,3.169631968556644e-14
sub-05,stimulus,38.25,3.0664982769623394e-14
sub-05,stimulus,38.5,2.7014525351088468e-14
sub-05,stimulus,38.75,2.5827032234829383e-14
sub-05,stimulus,39.0,2.7080007615840294e-14
sub-05,stimulus,39.25,3.049040856216015e-14
sub-05,stimulus,39.5,2.449901400241669e-14
sub-05,stimulus,39.75,3.387103999202034e-14
sub-05,stimulus,40.0,4.29232213548256e-14
sub-05,stimulus,40.25,3.56539976264054e-14
sub-05,stimulus,40.5,2.4670823560902205e-14
sub-05,stimulus,40.75,2.7050514864650128e-14
sub-05,stimulus,41.0,2.8716491763912255e-14
sub-05,stimulus,41.25,2.634054158510237e-14
sub-05,stimulus,41.5,2.5107661770143455e-14
sub-05,stimulus,41.75,2.6489270876959536e-14
sub-05,stimulus,42.0,2.3610906501192932e-14
sub-05,stimulus,42.25,2.634141603676858e-14
sub-05,stimulus,42.5,2.661373617541001e-14
sub-05,stimulus,42.75,2.228364990933518e-14
sub-05,stimulus,43.0,2.806833245815203e-14
sub-05,stimulus,43.25,2.842316108597891e-14
sub-05,stimulus,43.5,2.7116116351927133e-14
sub-05,stimulus,43.75,2.256088136282402e-14
sub-05,stimulus,44.0,2.2816526044094212e-14
sub-05,stimulus,44.25,2.2294045403006708e-14
sub-05,stimulus,44.5,1.9311969759175262e-14
sub-05,stimulus,44.75,1.8246125787160508e-14
sub-05,stimulus,45.0,1.2746663337956425e-14
sub-05,stimulus,45.25,9.04941744286438e-15
sub-05,stimulus,45.5,4.956114048978951e-15
sub-05,stimulus,45.75,2.933650825187224e-15
sub-05,stimulus,46.0,1.2326883881889389e-15
sub-05,stimulus,46.25,7.015756816494893e-16
sub-05,stimulus,46.5,3.322043818631924e-16
sub-05,stimulus,46.75,1.4645195513423855e-16
sub-05,stimulus,47.0,6.434842544028234e-17
sub-05,stimulus,47.25,3.3479149458332e-17
sub-05,stimulus,47.5,1.426526777044059e-17
sub-05,stimulus,47.75,8.014497152770869e-18
sub-05,stimulus,48.0,5.6196986364035756e-18
sub-05,stimulus,48.25,3.74307255675938e-18
sub-05,stimulus,48.5,1.999132822754879e-18
sub-05,stimulus,48.75,1.0237934626707682e-18
sub-05,stimulus,49.0,6.5212047424650955e-19
sub-05,stimulus,49.25,4.468710509143884e-19
sub-05,stimulus,49.5,3.57917300677434e-19
sub-05,stimulus,49.75,3.3849561669483063e-19
sub-05,stimulus,50.0,3.068296825048465e-19
sub-05,stimulus,50.25,2.8952989240860546e-19
sub-05,stimulus,50.5,3.0688896543430666e-19
sub-05,stimulus,50.75,4.70502293366745e-19
sub-05,stimulus,51.0,6.937691436870506e-19
sub-05,stimulus,51.25,1.3086820285216354e-18
sub-05,stimulus,51.5,2.2934418344596668e-18
sub-05,stimulus,51.75,2.78809128565683e-18
sub-05,stimulus,52.0,6.126205335413417e-18
sub-05,stimulus,52.25,1.032349194575071e-17
sub-05,stimulus,52.5,1.9044215795906878e-17
sub-05,stimulus,52.75,5.1884904038963573e-17
sub-05,stimulus,53.0,1.1989974832293583e-16
sub-05,stimulus,53.25,2.7225897065920185e-16
sub-05,stimulus,53.5,5.110783940946363e-16
sub-05,stimulus,53.75,1.0876276476760855e-15
sub-05,stimulus,54.0,1.7882635324718492e-15
sub-05,stimulus,54.25,3.400294365514831e-15
sub-05,stimulus,54.5,5.737942574276599e-15
sub-05,stimulus,54.75,8.747398862186903e-15
sub-05,stimulus,55.0,1.0258239885460028e-14
sub-06,rest,25.0,7.263278212793995e-13
sub-06,rest,25.25,6.42394285261385e-13
sub-06,rest,25.5,6.700217507970471e-13
sub-06,rest,25.75,5.719405695052325e-13
sub-06,rest,26.0,5.73033749545051e-13
sub-06,rest,26.25,5.802539506096365e-13
sub-06,rest,26.5,5.308788010077933e-13
sub-06,rest,26.75,3.8952024353509347e-13
sub-06,rest,27.0,3.8931889108650626e-13
sub-06,rest,27.25,4.524827111645306e-13
sub-06,rest,27.5,4.85822712633791e-13
sub-06,rest,27.75,3.900929737164548e-13
sub-06,rest,28.0,2.588710962744596e-13
sub-06,rest,28.25,2.6709245962959364e-13
sub-06,rest,28.5,2.1935279907357803e-13
sub-06,rest,28.75,2.323442563704951e-13
sub-06,rest,29.0,2.7887421448447446e-13
sub-06,rest,29.25,2.612595828257645e-13
sub-06,rest,29.5,2.50582431475205e-13
sub-06,rest,29.75,2.720494870595572e-13
sub-06,rest,30.0,2.328077703613936e-13
sub-06,rest,30.25,2.427665930262364e-13
sub-06,rest,30.5,2.618946713628279e-13
sub-06,rest,30.75,2.9046467227154236e-13
sub-06,rest,31.0,2.4996532593200063e-13
sub-06,rest,31.25,2.260173706900217e-13
sub-06,rest,31.5,2.0302526296560775e-13
sub-06,rest,31.75,1.8434048561281316e-13
sub-06,rest,32.0,1.8947724658636288e-13
sub-06,rest,32.25,2.3234720236589535e-13
sub-06,rest,32.5,2.094889366595074e-13
sub-06,rest,32.75,1.9042099548862069e-13
sub-06,rest,33.0,2.1712625654860464e-13
sub-06,rest,33.25,1.9010816314782394e-13
sub-06,rest,33.5,1.4094671140814178e-13
sub-06,rest,33.75,1.664185763603462e-13
sub-06,rest,34.0,2.0152614487502528e-13
sub-06,rest,34.25,2.176790493066316e-13
sub-06,rest,34.5,1.9208771893366428e-13
sub-06,rest,34.75,2.0552417038269792e-13
sub-06,rest,35.0,2.1651230723462682e-13
sub-06,rest,35.25,1.563692633477842e-13
sub-06,rest,35.5,1.4338588469746514e-13
sub-06,rest,35.75,1.4544814223020289e-13
sub-06,rest,36.0,1.7498573267603287e-13
sub-06,rest,36.25,1.9096647524570084e-13
sub-06,rest,36.5,1.6636002557001082e-13
sub-06,rest,36.75,1.622891223484557e-13
sub-06,rest,37.0,1.2898722176359865e-13
sub-06,rest,37.25,1.530525479184768e-13
sub-06,rest,37.5,1.6270721620208614e-13
sub-06,rest,37.75,1.8703427747046508e-13
sub-06,rest,38.0,1.629563389623188e-13
sub-06,rest,38.25,1.7726674650568506e-13
sub-06,rest,38.5,1.3663924990848838e-13
sub-06,rest,38.75,1.0845446036104316e-13
sub-06,rest,39.0,1.397467205318045e-13
sub-06,rest,39.25,1.4085806039292875e-13
sub-06,rest,39.5,1.594138912246933e-13
sub-06,rest,39.75,1.7673797215280955e-13
sub-06,rest,40.0,1.6596127121848154e-13
sub-06,rest,40.25,1.8206831862098662e-13
sub-06,rest,40.5,1.5656001722134913e-13
sub-06,rest,40.75,1.4090214040307574e-13
sub-06,rest,41.0,1.56678676472968e-13
sub-06,rest,41.25,1.697365592889418e-13
sub-06,rest,41.5,1.9893783707972164e-13
sub-06,rest,41.75,1.5740361187623744e-13
sub-06,rest,42.0,1.9264328879087124e-13
sub-06,rest,42.25,2.1148910094787174e-13
sub-06,rest,42.5,1.3710157368775005e-13
sub-06,rest,42.75,1.0993318527090346e-13
sub-06,rest,43.0,1.1419581403554445e-13
sub-06,rest,43.25,1.3916282843896333e-13
sub-06,rest,43.5,1.4103635317885745e-13
sub-06,rest,43.75,1.2646915698682444e-13
sub-06,rest,44.0,1.3491652950946291e-13
sub-06,rest,44.25,1.0756188576693739e-13
sub-06,rest,44.5,1.0387046872472453e-13
sub-06,rest,44.75,7.489086412011102e-14
sub-06,rest,45.0,6.157285682273517e-14
sub-06,rest,45.25,5.600510360563818e-14
sub-06,rest,45.5,4.11166563027536e-14
sub-06,rest,45.75,2.06471594564926e-14
sub-06,rest,46.0,8.598689717142782e-15
sub-06,rest,46.25,4.7128812746624424e-15
sub-06,rest,46.5,2.3159032316712103e-15
sub-06,rest,46.75,1.051244175437272e-15
sub-06,rest,47.0,5.006789924112734e-16
sub-06,rest,47.25,2.857201479567541e-16
sub-06,rest,47.5,1.5802078795396441e-16
sub-06,rest,47.75,1.0254071402109777e-16
sub-06,rest,48.0,8.572659109358669e-17
sub-06,rest,48.25,5.399828648856107e-17
sub-06,rest,48.5,3.576842579855804e-17
sub-06,rest,48.75,2.3000352353302522e-17
sub-06,rest,49.0,8.76263038983576e-18
sub-06,rest,49.25,6.300452327443338e-18
sub-06,rest,49.5,5.219576516668721e-18
sub-06,rest,49.75,5.380517786480296e-18
sub-06,rest,50.0,4.517293392285571e-18
sub-06,rest,50.25,4.6092109479880764e-18
sub-06,rest,50.5,6.184649059565225e-18
sub-06,rest,50.75,1.1350107750287278e-17
sub-06,rest,51.0,1.706277247845743e-17
sub-06,rest,51.25,3.050781513122363e-17
sub-06,rest,51.5,6.089421321363655e-17
sub-06,rest,51.75,9.306859182211031e-17
sub-06,rest,52.0,1.306410255937769e-16
sub-06,rest,52.25,1.9461189320765798e-16
sub-06,rest,52.5,2.5522769867261465e-16
sub-06,rest,52.75,5.345718841720822e-16
sub-06,rest,53.0,6.73843764526853e-16
sub-06,rest,53.25,1.0245922829512315e-15
sub-06,rest,53.5,3.3271158972142042e-15
sub-06,rest,53.75,5.556645240294804e-15
sub-06,rest,54.0,8.103741340338068e-15
sub-06,rest,54.25,1.0793848966811366e-14
sub-06,rest,54.5,2.6187369344876527e-14
sub-06,rest,54.75,3.991055906155935e-14
sub-06,rest,55.0,5.022544596798265e-14
sub-06,stimulus,25.0,7.324462722718774e-13
sub-06,stimulus,25.25,7.611773024869137e-13
sub-06,stimulus,25.5,5.90315601146279e-13
sub-06,stimulus,25.75,5.390031335350485e-13
sub-06,stimulus,26.0,5.014548376987001e-13
sub-06,stimulus,26.25,4.395001948677251e-13
sub-06,stimulus,26.5,4.4629874272566627e-13
sub-06,stimulus,26.75,4.2376673429814486e-13
sub-06,stimulus,27.0,3.8927750572998017e-13
sub-06,stimulus,27.25,3.902188823355722e-13
sub-06,stimulus,27.5,3.970417317727663e-13
sub-06,stimulus,27.75,3.4280928415537165e-13
sub-06,stimulus,28.0,3.1876568404618056e-13
sub-06,stimulus,28.25,3.213088343459251e-13
sub-06,stimulus,28.5,3.0117397237453973e-13
sub-06,stimulus,28.75,2.731404448514007e-13
sub-06,stimulus,29.0,2.7125098623903666e-13
sub-06,stimulus,29.25,2.983697919982661e-13
sub-06,stimulus,29.5,3.1745501862345015e-13
sub-06,stimulus,29.75,2.6130840324187946e-13
sub-06,stimulus,30.0,2.323119609148703e-13
sub-06,stimulus,30.25,2.890232205613705e-13
sub-06,stimulus,30.5,2.183380929611948e-13
sub-06,stimulus,30.75,2.2791481041117265e-13
sub-06,stimulus,31.0,2.1932579172710773e-13
sub-06,stimulus,31.25,1.765796132298924e-13
sub-06,stimulus,31.5,1.9965259429811752e-13
sub-06,stimulus,31.75,1.856521117760292e-13
sub-06,stimulus,32.0,1.6182004974813803e-13
sub-06,stimulus,32.25,2.0514958876267016e-13
sub-06,stimulus,32.5,1.7494929940236511e-13
sub-06,stimulus,32.75,1.6214538316575563e-13
sub-06,stimulus,33.0,1.7020922317316073e-13
sub-06,stimulus,33.25,1.5947568353936313e-13
sub-06,stimulus,33.5,1.452799246459846e-13
sub-06,stimulus,33.75,1.2612831139933827e-13
sub-06,stimulus,34.0,1.5120663448747182e-13
sub-06,stimulus,34.25,1.601944451119479e-13
sub-06,stimulus,34.5,1.622947725575449e-13
sub-06,stimulus,34.75,1.3664579635017904e-13
sub-06,stimulus,35.0,1.2650261951773156e-13
sub-06,stimulus,35.25,1.2570312242446183e-13
sub-06,stimulus,35.5,1.215420599828425e-13
sub-06,stimulus,35.75,1.260225661240811e-13
sub-06,stimulus,36.0,1.2342980711486504e-13
sub-06,stimulus,36.25,1.2810117856386738e-13
sub-06,stimulus,36.5,1.4525461179712715e-13
sub-06,stimulus,36.75,1.5423515642481174e-13
sub-06,stimulus,37.0,1.4590907242493395e-13
sub-06,stimulus,37.25,1.34697600749436e-13
sub-06,stimulus,37.5,1.2416766693891996e-13
sub-06,stimulus,37.75,1.0948805665918402e-13
sub-06,stimulus,38.0,1.2513695778241239e-13
sub-06,stimulus,38.25,1.3198645700894086e-13
sub-06,stimulus,38.5,1.292988296719284e-13
sub-06,stimulus,38.75,1.3533103146574846e-13
sub-06,stimulus,39.0,1.1129030324367646e-13
sub-06,stimulus,39.25,1.197187626921797e-13
sub-06,stimulus,39.5,1.465060679781921e-13
sub-06,stimulus,39.75,1.3654274227462267e-13
sub-06,stimulus,40.0,1.3952083327634193e-13
sub-06,stimulus,40.25,1.2727393472924633e-13
sub-06,stimulus,40.5,1.0097078366743308e-13
sub-06,stimulus,40.75,1.1603586560165291e-13
sub-06,stimulus,41.0,1.3172667654793332e-13
sub-06,stimulus,41.25,1.2873740389459895e-13
sub-06,stimulus,41.5,1.2639909690591555e-13
sub-06,stimulus,41.75,1.3650902917316722e-13
sub-06,stimulus,42.0,1.3522460330243634e-13
sub-06,stimulus,42.25,1.2887814965528409e-13
sub-06,stimulus,42.5,1.3573590829719926e-13
sub-06,stimulus,42.75,1.2599238819802696e-13
sub-06,stimulus,43.0,1.1423710031837403e-13
sub-06,stimulus,43.25,1.1560071733119453e-13
sub-06,stimulus,43.5,1.357138417560856e-13
sub-06,stimulus,43.75,1.0755170932699683e-13
sub-06,stimulus,44.0,9.463516772941654e-14
sub-06,stimulus,44.25,8.99521077232926e-14
sub-06,stimulus,44.5,8.927767606456904e-14
sub-06,stimulus,44.75,8.549541027357244e-14
sub-06,stimulus,45.0,6.185217083136025e-14
sub-06,stimulus,45.25,3.5156020168376815e-14
sub-06,stimulus,45.5,2.4947207872887546e-14
sub-06,stimulus,45.75,1.532056313201738e-14
sub-06,stimulus,46.0,7.853514676322718e-15
sub-06,stimulus,46.25,3.2370269464089287e-15
sub-06,stimulus,46.5,1.246426221698896e-15
sub-06,stimulus,46.75,6.750030620059415e-16
sub-06,stimulus,47.0,2.5141089266311697e-16
sub-06,stimulus,47.25,1.1135095664240384e-16
sub-06,stimulus,47.5,6.260618631519979e-17
sub-06,stimulus,47.75,3.682083906707148e-17
sub-06,stimulus,48.0,1.6893313167528185e-17
sub-06,stimulus,48.25,1.0160055152243701e-17
sub-06,stimulus,48.5,5.281405418499113e-18
sub-06,stimulus,48.75,5.8537764009467824e-18
sub-06,stimulus,49.0,3.789513719387367e-18
sub-06,stimulus,49.25,2.149126902371637e-18
sub-06,stimulus,49.5,1.5521790266545357e-18
sub-06,stimulus,49.75,1.1635328954150401e-18
sub-06,stimulus,50.0,1.1197042057448914e-18
sub-06,stimulus,50.25,1.352648943738326e-18
sub-06,stimulus,50.5,1.7138126750013117e-18
sub-06,stimulus,50.75,2.3859995240571034e-18
sub-06,stimulus,51.0,2.8224400911096757e-18
sub-06,stimulus,51.25,4.4709241318995375e-18
sub-06,stimulus,51.5,7.473663633026228e-18
sub-06,stimulus,51.75,1.4739529893425445e-17
sub-06,stimulus,52.0,2.1465299310102684e-17
sub-06,stimulus,52.25,3.691644419203263e-17
sub-06,stimulus,52.5,7.094324252217075e-17
sub-06,stimulus,52.75,1.3524520712811234e-16
sub-06,stimulus,53.0,3.4192563682483586e-16
sub-06,stimulus,53.25,7.249654762446825e-16
sub-06,stimulus,53.5,1.4591765979361245e-15
sub-06,stimulus,53.75,2.6734633212380526e-15
sub-06,stimulus,54.0,5.641850513396864e-15
sub-06,stimulus,54.25,1.027495680852759e-14
sub-06,stimulus,54.5,1.6308284549452852e-14
sub-06,stimulus,54.75,2.5009108418222095e-14
sub-06,stimulus,55.0,2.98103284183988e-14
sub-07,rest,25.0,3.9244764509811854e-14
sub-07,rest,25.25,3.713388113657589e-14
sub-07,rest,25.5,4.318050624768721e-14
sub-07,rest,25.75,3.99506029145888e-14
sub-07,rest,26.0,4.3674164958064993e-14
sub-07,rest,26.25,3.687322073176701e-14
sub-07,rest,26.5,3.684328050607449e-14
sub-07,rest,26.75,3.568141090016017e-14
sub-07,rest,27.0,3.579616804318545e-14
sub-07,rest,27.25,3.43546488253049e-14
sub-07,rest,27.5,2.982513139413347e-14
sub-07,rest,27.75,3.352096776087851e-14
sub-07,rest,28.0,3.6451177327157033e-14
sub-07,rest,28.25,3.608353216000842e-14
sub-07,rest,28.5,3.541572984146856e-14
sub-07,rest,28.75,3.6029368022210555e-14
sub-07,rest,29.0,3.526547651369329e-14
sub-07,rest,29.25,3.099113365535725e-14
sub-07,rest,29.5,3.514095104560925e-14
sub-07,rest,29.75,3.626536373441303e-14
sub-07,rest,30.0,3.143642109881959e-14
sub-07,rest,30.25,2.9465548440900626e-14
sub-07,rest,30.5,2.900552310135171e-14
sub-07,rest,30.75,2.5485126810793205e-14
sub-07,rest,31.0,2.5260380390517373e-14
sub-07,rest,31.25,2.4629833302968692e-14
sub-07,rest,31.5,2.47272672373905e-14
sub-07,rest,31.75,2.9967245059375675e-14
sub-07,rest,32.0,2.462286111367214e-14
sub-07,rest,32.25,2.5710545606474082e-14
sub-07,rest,32.5,2.5154369056208158e-14
sub-07,rest,32.75,2.1321129036215433e-14
sub-07,rest,33.0,2.795988079417315e-14
sub-07,rest,33.25,2.6569723920448212e-14
sub-07,rest,33.5,2.4807435226577757e-14
sub-07,rest,33.75,2.1184878449882537e-14
sub-07,rest,34.0,1.9796942861847247e-14
sub-07,rest,34.25,1.922283430758196e-14
sub-07,rest,34.5,2.2318717203547994e-14
sub-07,rest,34.75,2.4163558488804437e-14
sub-07,rest,35.0,2.431472238861359e-14
sub-07,rest,35.25,2.4288602696472e-14
sub-07,rest,35.5,2.221741642309039e-14
sub-07,rest,35.75,2.6641017634828052e-14
sub-07,rest,36.0,2.7222865033842633e-14
sub-07,rest,36.25,2.4998046750215132e-14
sub-07,rest,36.5,2.376367808713791e-14
sub-07,rest,36.75,2.3017854677773362e-14
sub-07,rest,37.0,2.238838837078095e-14
sub-07,rest,37.25,2.1234471604635114e-14
sub-07,rest,37.5,2.2028200386880793e-14
sub-07,rest,37.75,2.3490232221695952e-14
sub-07,rest,38.0,2.0377624352441913e-14
sub-07,rest,38.25,2.5213014818219825e-14
sub-07,rest,38.5,2.4494502633760888e-14
sub-07,rest,38.75,2.2135367772738553e-14
sub-07,rest,39.0,2.1073665247173215e-14
sub-07,rest,39.25,2.2370423222360552e-14
sub-07,rest,39.5,2.184421088288994e-14
sub-07,rest,39.75,2.176857607244991e-14
sub-07,rest,40.0,2.0122424716529668e-14
sub-07,rest,40.25,1.8253373433580433e-14
sub-07,rest,40.5,2.112164071505259e-14
sub-07,rest,40.75,1.9779585222774377e-14
sub-07,rest,41.0,2.0300374884603232e-14
sub-07,rest,41.25,2.1290286609757322e-14
sub-07,rest,41.5,2.131717929938377e-14
sub-07,rest,41.75,2.1022787721569522e-14
sub-07,rest,42.0,2.040100421613207e-14
sub-07,rest,42.25,2.10482611900136e-14
sub-07,rest,42.5,1.8457201502659777e-14
sub-07,rest,42.75,1.9662230811677215e-14
sub-07,rest,43.0,1.817162870756284e-14
sub-07,rest,43.25,1.995613631727619e-14
sub-07,rest,43.5,1.8247141556042984e-14
sub-07,rest,43.75,1.836430116077945e-14
sub-07,rest,44.0,1.6335412554027195e-14
sub-07,rest,44.25,1.769958434687596e-14
sub-07,rest,44.5,1.4887300567968373e-14
sub-07,rest,44.75,1.1392271161199531e-14
sub-07,rest,45.0,8.492466980622299e-15
sub-07,rest,45.25,5.566940080442765e-15
sub-07,rest,45.5,3.6864610228507865e-15
sub-07,rest,45.75,1.9817831922413793e-15
sub-07,rest,46.0,1.0456580631552626e-15
sub-07,rest,46.25,4.781749449108543e-16
sub-07,rest,46.5,1.846776942506268e-16
sub-07,rest,46.75,8.421689236206876e-17
sub-07,rest,47.0,3.4119918026111456e-17
sub-07,rest,47.25,1.4572830259196617e-17
sub-07,rest,47.5,5.2040694992019526e-18
sub-07,rest,47.75,2.544279093609915e-18
sub-07,rest,48.0,1.3440397002019707e-18
sub-07,rest,48.25,6.461437770850307e-19
sub-07,rest,48.5,4.087270372042022e-19
sub-07,rest,48.75,2.0927941462516724e-19
sub-07,rest,49.0,1.5695156684777233e-19
sub-07,rest,49.25,1.4050235631188693e-19
sub-07,rest,49.5,1.393003051477169e-19
sub-07,rest,49.75,1.2745056030072649e-19
sub-07,rest,50.0,1.286992815350955e-19
sub-07,rest,50.25,1.3627634508874238e-19
sub-07,rest,50.5,1.4636451888641046e-19
sub-07,rest,50.75,1.3663470704611685e-19
sub-07,rest,51.0,2.1205810767735718e-19
sub-07,rest,51.25,3.1192848313803677e-19
sub-07,rest,51.5,5.688091373139386e-19
sub-07,rest,51.75,8.070149912742471e-19
sub-07,rest,52.0,1.3699597611268985e-18
sub-07,rest,52.25,3.263559031638726e-18
sub-07,rest,52.5,8.36095169180865e-18
sub-07,rest,52.75,2.000503325513133e-17
sub-07,rest,53.0,3.8304741517378387e-17
sub-07,rest,53.25,1.10611755253564e-16
sub-07,rest,53.5,2.5249350527060364e-16
sub-07,rest,53.75,5.432666174967344e-16
sub-07,rest,54.0,9.384811944522919e-16
sub-07,rest,54.25,1.5083497603137258e-15
sub-07,rest,54.5,3.1624979137796874e-15
sub-07,rest,54.75,4.639235761498935e-15
sub-07,rest,55.0,8.208520942378413e-15
sub-07,stimulus,25.0,4.3563846926143536e-14
sub-07,stimulus,25.25,4.343387593817154e-14
sub-07,stimulus,25.5,4.491858446810788e-14
sub-07,stimulus,25.75,3.880506464220759e-14
sub-07,stimulus,26.0,3.357504142071324e-14
sub-07,stimulus,26.25,3.683941429805377e-14
sub-07,stimulus,26.5,3.5450358985816913e-14
sub-07,stimulus,26.75,3.604696011201608e-14
sub-07,stimulus,27.0,4.148212391560256e-14
sub-07,stimulus,27.25,4.1124547073102075e-14
sub-07,stimulus,27.5,3.719514740050635e-14
sub-07,stimulus,27.75,3.034691488288402e-14
sub-07,stimulus,28.0,2.9809633166941696e-14
sub-07,stimulus,28.25,3.148729119088242e-14
sub-07,stimulus,28.5,3.3029279327665604e-14
sub-07,stimulus,28.75,3.4586334639445145e-14
sub-07,stimulus,29.0,3.535860439491038e-14
sub-07,stimulus,29.25,3.562582029964348e-14
sub-07,stimulus,29.5,3.344714077373293e-14
sub-07,stimulus,29.75,3.200992035662379e-14
sub-07,stimulus,30.0,2.977045137338127e-14
sub-07,stimulus,30.25,3.2483263816829915e-14
sub-07,stimulus,30.5,3.151875518198996e-14
sub-07,stimulus,30.75,3.2265904635179596e-14
sub-07,stimulus,31.0,2.950418517284664e-14
sub-07,stimulus,31.25,2.85107491123271e-14
sub-07,stimulus,31.5,2.951367581620533e-14
sub-07,stimulus,31.75,2.57127088466985e-14
sub-07,stimulus,32.0,2.6443948303094068e-14
sub-07,stimulus,32.25,2.5328073764024308e-14
sub-07,stimulus,32.5,2.5556445940734537e-14
sub-07,stimulus,32.75,2.724976165536993e-14
sub-07,stimulus,33.0,2.6401702771151643e-14
sub-07,stimulus,33.25,2.5590428467041697e-14
sub-07,stimulus,33.5,2.3780276454890597e-14
sub-07,stimulus,33.75,2.4819173661848095e-14
sub-07,stimulus,34.0,2.679972482460367e-14
sub-07,stimulus,34.25,2.44593296654443e-14
sub-07,stimulus,34.5,2.567276601597974e-14
sub-07,stimulus,34.75,2.8241253583259207e-14
sub-07,stimulus,35.0,2.614641307832075e-14
sub-07,stimulus,35.25,2.5751061719921725e-14
sub-07,stimulus,35.5,2.3438366311160627e-14
sub-07,stimulus,35.75,2.535474104074924e-14
sub-07,stimulus,36.0,2.370553281655861e-14
sub-07,stimulus,36.25,2.6007001963739767e-14
sub-07,stimulus,36.5,2.3324217291950766e-14
sub-07,stimulus,36.75,2.4146129678006324e-14
sub-07,stimulus,37.0,2.3784389011720926e-14
sub-07,stimulus,37.25,2.1843641607531453e-14
sub-07,stimulus,37.5,2.4644359828706403e-14
sub-07,stimulus,37.75,2.2278870658970744e-14
sub-07,stimulus,38.0,2.270638268497174e-14
sub-07,stimulus,38.25,2.1591838693467745e-14
sub-07,stimulus,38.5,1.9583022567480502e-14
sub-07,stimulus,38.75,2.4120540102295487e-14
sub-07,stimulus,39.0,2.274526261201179e-14
sub-07,stimulus,39.25,2.166101408250988e-14
sub-07,stimulus,39.5,2.2436268766727743e-14
sub-07,stimulus,39.75,2.3283514151661603e-14
sub-07,stimulus,40.0,2.068396825334009e-14
sub-07,stimulus,40.25,1.9930315631515097e-14
sub-07,stimulus,40.5,2.0363248195059595e-14
sub-07,stimulus,40.75,2.035979244144773e-14
sub-07,stimulus,41.0,2.1909342026302658e-14
sub-07,stimulus,41.25,2.118852427921984e-14
sub-07,stimulus,41.5,2.2737386726890974e-14
sub-07,stimulus,41.75,2.0677455834915385e-14
sub-07,stimulus,42.0,1.886817507094038e-14
sub-07,stimulus,42.25,1.8376365367376765e-14
sub-07,stimulus,42.5,1.9073946354069963e-14
sub-07,stimulus,42.75,1.9292803178933715e-14
sub-07,stimulus,43.0,1.6743839328630163e-14
sub-07,stimulus,43.25,1.8118305974370318e-14
sub-07,stimulus,43.5,2.0334770522025643e-14
sub-07,stimulus,43.75,1.7909455478505427e-14
sub-07,stimulus,44.0,1.62220879338763e-14
sub-07,stimulus,44.25,1.5378695462066776e-14
sub-07,stimulus,44.5,1.3989696776923685e-14
sub-07,stimulus,44.75,1.1232015026556887e-14
sub-07,stimulus,45.0,7.813043395796856e-15
sub-07,stimulus,45.25,5.923914647372485e-15
sub-07,stimulus,45.5,3.957397933158844e-15
sub-07,stimulus,45.75,1.9106880960023817e-15
sub-07,stimulus,46.0,1.0057368151777235e-15
sub-07,stimulus,46.25,5.180925134751016e-16
sub-07,stimulus,46.5,2.555986354100724e-16
sub-07,stimulus,46.75,9.210848808306367e-17
sub-07,stimulus,47.0,3.4273435125378654e-17
sub-07,stimulus,47.25,1.3726041621963767e-17
sub-07,stimulus,47.5,4.939249004087985e-18
sub-07,stimulus,47.75,2.018317912265191e-18
sub-07,stimulus,48.0,9.401142616976342e-19
sub-07,stimulus,48.25,4.641279513251855e-19
sub-07,stimulus,48.5,2.873460489014824e-19
sub-07,stimulus,48.75,1.8938086548715015e-19
sub-07,stimulus,49.0,1.3425743061213059e-19
sub-07,stimulus,49.25,1.395036209763781e-19
sub-07,stimulus,49.5,1.2216733201663304e-19
sub-07,stimulus,49.75,1.1463018424112985e-19
sub-07,stimulus,50.0,1.2992142146682466e-19
sub-07,stimulus,50.25,1.279256945428778e-19
sub-07,stimulus,50.5,1.2870607231144264e-19
sub-07,stimulus,50.75,1.5034686815641095e-19
sub-07,stimulus,51.0,2.5693278332161483e-19
sub-07,stimulus,51.25,3.7027311436964564e-19
sub-07,stimulus,51.5,5.411355185494538e-19
sub-07,stimulus,51.75,8.088879473498948e-19
sub-07,stimulus,52.0,1.1809425346279959e-18
sub-07,stimulus,52.25,3.045832547127397e-18
sub-07,stimulus,52.5,6.678377420271656e-18
sub-07,stimulus,52.75,2.0890100417457918e-17
sub-07,stimulus,53.0,5.031947024111711e-17
sub-07,stimulus,53.25,1.1037492569679542e-16
sub-07,stimulus,53.5,2.4500003040546473e-16
sub-07,stimulus,53.75,5.437079755408505e-16
sub-07,stimulus,54.0,9.533677389717511e-16
sub-07,stimulus,54.25,1.5885720579662952e-15
sub-07,stimulus,54.5,3.3422408124209675e-15
sub-07,stimulus,54.75,4.440727393883589e-15
sub-07,stimulus,55.0,6.6869952852972365e-15
sub-08,rest,25.0,1.0286665058487794e-13
sub-08,rest,25.25,9.581055188611385e-14
sub-08,rest,25.5,8.510774777047266e-14
sub-08,rest,25.75,7.190220264061564e-14
sub-08,rest,26.0,7.070757738527911e-14
sub-08,rest,26.25,6.81930264524472e-14
sub-08,rest,26.5,7.018554225270611e-14
sub-08,rest,26.75,7.696878597417719e-14
sub-08,rest,27.0,6.895596745146915e-14
sub-08,rest,27.25,5.928567820689285e-14
sub-08,rest,27.5,6.199166509571409e-14
sub-08,rest,27.75,5.886486627174633e-14
sub-08,rest,28.0,6.10794760897391e-14
sub-08,rest,28.25,5.3014028482355577e-14
sub-08,rest,28.5,5.1602973303765984e-14
sub-08,rest,28.75,5.6167618316854984e-14
sub-08,rest,29.0,5.221929646956547e-14
sub-08,rest,29.25,5.0528782518627986e-14
sub-08,rest,29.5,4.0136196163925684e-14
sub-08,rest,29.75,4.216382914684899e-14
sub-08,rest,30.0,4.450549072429749e-14
sub-08,rest,30.25,4.2335307949009304e-14
sub-08,rest,30.5,4.8106485840258265e-14
sub-08,rest,30.75,5.3199950079871724e-14
sub-08,rest,31.0,5.410954969502891e-14
sub-08,rest,31.25,4.251193162975829e-14
sub-08,rest,31.5,4.432411172511912e-14
sub-08,rest,31.75,4.045454185929825e-14
sub-08,rest,32.0,4.824976217975663e-14
sub-08,rest,32.25,4.7440853352535276e-14
sub-08,rest,32.5,4.220167547893689e-14
sub-08,rest,32.75,3.196143471367514e-14
sub-08,rest,33.0,4.0197139420067586e-14
sub-08,rest,33.25,4.140480230057258e-14
sub-08,rest,33.5,3.9776547915493646e-14
sub-08,rest,33.75,4.102282384118151e-14
sub-08,rest,34.0,4.2287050294508506e-14
sub-08,rest,34.25,3.630338793472509e-14
sub-08,rest,34.5,3.0609772751792576e-14
sub-08,rest,34.75,3.434452303715875e-14
sub-08,rest,35.0,4.423559256536798e-14
sub-08,rest,35.25,4.0198988678353907e-14
sub-08,rest,35.5,3.3912256717470636e-14
sub-08,rest,35.75,3.264485140508956e-14
sub-08,rest,36.0,3.101821311624223e-14
sub-08,rest,36.25,3.38910741508782e-14
sub-08,rest,36.5,3.7482129324148724e-14
sub-08,rest,36.75,3.744446411154549e-14
sub-08,rest,37.0,3.12643181055272e-14
sub-08,rest,37.25,3.518492706101006e-14
sub-08,rest,37.5,3.167927192314121e-14
sub-08,rest,37.75,3.208843683184193e-14
sub-08,rest,38.0,2.9558426755170923e-14
sub-08,rest,38.25,2.759672863114332e-14
sub-08,rest,38.5,2.4675587217933952e-14
sub-08,rest,38.75,2.4207497366888388e-14
sub-08,rest,39.0,2.985438639325798e-14
sub-08,rest,39.25,3.2993057911414264e-14
sub-08,rest,39.5,3.7511859696834004e-14
sub-08,rest,39.75,3.29575463471743e-14
sub-08,rest,40.0,3.027805947650684e-14
sub-08,rest,40.25,3.260487020738673e-14
sub-08,rest,40.5,2.740605943780297e-14
sub-08,rest,40.75,2.2973832231751576e-14
sub-08,rest,41.0,3.1937906807732e-14
sub-08,rest,41.25,2.970814221471836e-14
sub-08,rest,41.5,2.4898470477667137e-14
sub-08,rest,41.75,2.487867758953873e-14
sub-08,rest,42.0,2.802887255304586e-14
sub-08,rest,42.25,3.2731310906865334e-14
sub-08,rest,42.5,2.900164502388088e-14
sub-08,rest,42.75,2.581218315237957e-14
sub-08,rest,43.0,2.3456364878932936e-14
sub-08,rest,43.25,2.809868077604649e-14
sub-08,rest,43.5,2.804173179175263e-14
sub-08,rest,43.75,1.9925013573467274e-14
sub-08,rest,44.0,2.6052055199274074e-14
sub-08,rest,44.25,2.3846263538370442e-14
sub-08,rest,44.5,2.2756946166571208e-14
sub-08,rest,44.75,2.0234688003794476e-14
sub-08,rest,45.0,1.123505799483549e-14
sub-08,rest,45.25,8.024929049333496e-15
sub-08,rest,45.5,5.395234524328205e-15
sub-08,rest,45.75,3.1222050172073685e-15
sub-08,rest,46.0,1.4009180887211494e-15
sub-08,rest,46.25,6.955858760025577e-16
sub-08,rest,46.5,3.0859414645846896e-16
sub-08,rest,46.75,1.2911741497872382e-16
sub-08,rest,47.0,5.145869128042326e-17
sub-08,rest,47.25,1.921259981655475e-17
sub-08,rest,47.5,9.50789473522128e-18
sub-08,rest,47.75,3.832421480080833e-18
sub-08,rest,48.0,1.753702907038632e-18
sub-08,rest,48.25,1.1775045252842125e-18
sub-08,rest,48.5,1.0353537332722021e-18
sub-08,rest,48.75,7.879856212797601e-19
sub-08,rest,49.0,4.307325167562199e-19
sub-08,rest,49.25,3.018280928578636e-19
sub-08,rest,49.5,2.24451449974774e-19
sub-08,rest,49.75,1.7559933155689237e-19
sub-08,rest,50.0,1.859554015744484e-19
sub-08,rest,50.25,2.013484814634584e-19
sub-08,rest,50.5,2.5759333661289854e-19
sub-08,rest,50.75,3.8566252620733526e-19
sub-08,rest,51.0,5.176095291781711e-19
sub-08,rest,51.25,7.51105808607993e-19
sub-08,rest,51.5,1.0019376046355476e-18
sub-08,rest,51.75,1.529127736720585e-18
sub-08,rest,52.0,2.8431187971833096e-18
sub-08,rest,52.25,5.151496074185787e-18
sub-08,rest,52.5,1.5057298488194542e-17
sub-08,rest,52.75,4.119628900907798e-17
sub-08,rest,53.0,9.080756894315186e-17
sub-08,rest,53.25,1.9791067282545536e-16
sub-08,rest,53.5,4.157702671997425e-16
sub-08,rest,53.75,8.050094915793873e-16
sub-08,rest,54.0,1.7536279421307256e-15
sub-08,rest,54.25,3.2344911921570818e-15
sub-08,rest,54.5,6.070401669865717e-15
sub-08,rest,54.75,8.291858878564205e-15
sub-08,rest,55.0,1.0319064884049321e-14
sub-08,stimulus,25.0,8.85317986645499e-14
sub-08,stimulus,25.25,8.577735249064514e-14
sub-08,stimulus,25.5,9.149617259326128e-14
sub-08,stimulus,25.75,9.28147692132022e-14
sub-08,stimulus,26.0,8.480518526554595e-14
sub-08,stimulus,26.25,7.65401441536986e-14
sub-08,stimulus,26.5,8.042434569146869e-14
sub-08,stimulus,26.75,7.418267414261687e-14
sub-08,stimulus,27.0,6.97320793579456e-14
sub-08,stimulus,27.25,6.905313480421841e-14
sub-08,stimulus,27.5,6.324914410987708e-14
sub-08,stimulus,27.75,6.171419409483369e-14
sub-08,stimulus,28.0,5.4331071487568934e-14
sub-08,stimulus,28.25,4.961376572522429e-14
sub-08,stimulus,28.5,5.851673830409673e-14
sub-08,stimulus,28.75,5.5649433873399483e-14
sub-08,stimulus,29.0,5.375735950281945e-14
sub-08,stimulus,29.25,5.752652996522172e-14
sub-08,stimulus,29.5,5.761079209177551e-14
sub-08,stimulus,29.75,5.208697421910451e-14
sub-08,stimulus,30.0,4.501899929760838e-14
sub-08,stimulus,30.25,4.9556618753376145e-14
sub-08,stimulus,30.5,4.8318213591907665e-14
sub-08,stimulus,30.75,4.436650354590539e-14
sub-08,stimulus,31.0,4.219652009606065e-14
sub-08,stimulus,31.25,4.333271882241091e-14
sub-08,stimulus,31.5,4.0431407975842665e-14
sub-08,stimulus,31.75,4.5803556120849876e-14
sub-08,stimulus,32.0,4.349960738160342e-14
sub-08,stimulus,32.25,3.9110453959042207e-14
sub-08,stimulus,32.5,4.195572721934353e-14
sub-08,stimulus,32.75,4.176204497873806e-14
sub-08,stimulus,33.0,4.388618177326734e-14
sub-08,stimulus,33.25,4.502698653230177e-14
sub-08,stimulus,33.5,4.084171442054663e-14
sub-08,stimulus,33.75,4.08966995014473e-14
sub-08,stimulus,34.0,3.753704675587699e-14
sub-08,stimulus,34.25,4.2679457018326644e-14
sub-08,stimulus,34.5,3.792868746969022e-14
sub-08,stimulus,34.75,3.623454181336136e-14
sub-08,stimulus,35.0,3.458307950739803e-14
sub-08,stimulus,35.25,3.15427822679813e-14
sub-08,stimulus,35.5,3.089570693203248e-14
sub-08,stimulus,35.75,3.237373431278619e-14
sub-08,stimulus,36.0,3.284435350970914e-14
sub-08,stimulus,36.25,3.3406746159926275e-14
sub-08,stimulus,36.5,3.413246180177602e-14
sub-08,stimulus,36.75,3.274993939295437e-14
sub-08,stimulus,37.0,2.993001980395059e-14
sub-08,stimulus,37.25,3.693495160180854e-14
sub-08,stimulus,37.5,3.3706619186224373e-14
sub-08,stimulus,37.75,3.375600522933607e-14
sub-08,stimulus,38.0,3.3279915938891667e-14
sub-08,stimulus,38.25,2.690836192364462e-14
sub-08,stimulus,38.5,3.0571056750116736e-14
sub-08,stimulus,38.75,3.560657721853616e-14
sub-08,stimulus,39.0,3.670200492192641e-14
sub-08,stimulus,39.25,3.1076135517818686e-14
sub-08,stimulus,39.5,2.928358093984234e-14
sub-08,stimulus,39.75,3.008107896219218e-14
sub-08,stimulus,40.0,4.497081970533694e-14
sub-08,stimulus,40.25,3.282800632811733e-14
sub-08,stimulus,40.5,2.7073428780516186e-14
sub-08,stimulus,40.75,2.6764814966249888e-14
sub-08,stimulus,41.0,3.2344290067204015e-14
sub-08,stimulus,41.25,2.885463879878399e-14
sub-08,stimulus,41.5,2.7671878647484283e-14
sub-08,stimulus,41.75,2.7242682871619636e-14
sub-08,stimulus,42.0,3.0071671073055677e-14
sub-08,stimulus,42.25,2.6552592963449813e-14
sub-08,stimulus,42.5,2.6995098332349533e-14
sub-08,stimulus,42.75,3.197200447130608e-14
sub-08,stimulus,43.0,2.7845532076159244e-14
sub-08,stimulus,43.25,2.7259576887521526e-14
sub-08,stimulus,43.5,2.5228976035456374e-14
sub-08,stimulus,43.75,2.2450872067118642e-14
sub-08,stimulus,44.0,2.3460261339565277e-14
sub-08,stimulus,44.25,2.256913401120983e-14
sub-08,stimulus,44.5,1.8631104412356624e-14
sub-08,stimulus,44.75,1.4022320719183111e-14
sub-08,stimulus,45.0,1.2275568868493702e-14
sub-08,stimulus,45.25,8.322179197299125e-15
sub-08,stimulus,45.5,6.194629287557692e-15
sub-08,stimulus,45.75,2.585612481354699e-15
sub-08,stimulus,46.0,1.4518006334942055e-15
sub-08,stimulus,46.25,6.904972869521574e-16
sub-08,stimulus,46.5,3.1386916802933293e-16
sub-08,stimulus,46.75,1.3458450639428718e-16
sub-08,stimulus,47.0,5.267401751013954e-17
sub-08,stimulus,47.25,2.4865765678476402e-17
sub-08,stimulus,47.5,9.510135882432258e-18
sub-08,stimulus,47.75,4.655107272292566e-18
sub-08,stimulus,48.0,2.0030882107904226e-18
sub-08,stimulus,48.25,1.0212337916551463e-18
sub-08,stimulus,48.5,8.789173762307626e-19
sub-08,stimulus,48.75,5.401823015437132e-19
sub-08,stimulus,49.0,3.5416104210960474e-19
sub-08,stimulus,49.25,3.0282846289196385e-19
sub-08,stimulus,49.5,2.4997213720709485e-19
sub-08,stimulus,49.75,2.2793144923250765e-19
sub-08,stimulus,50.0,1.6208803302784549e-19
sub-08,stimulus,50.25,1.69519892740063e-19
sub-08,stimulus,50.5,2.2652941064106697e-19
sub-08,stimulus,50.75,2.913437322153501e-19
sub-08,stimulus,51.0,4.0063753426088114e-19
sub-08,stimulus,51.25,4.951130579661695e-19
sub-08,stimulus,51.5,8.414465762503928e-19
sub-08,stimulus,51.75,1.440113585994118e-18
sub-08,stimulus,52.0,2.284774697976345e-18
sub-08,stimulus,52.25,5.009132578136793e-18
sub-08,stimulus,52.5,1.1341996622221317e-17
sub-08,stimulus,52.75,3.066108848136269e-17
sub-08,stimulus,53.0,7.301875244817282e-17
sub-08,stimulus,53.25,1.7879002551131212e-16
sub-08,stimulus,53.5,3.185639332157107e-16
sub-08,stimulus,53.75,6.677554602255509e-16
sub-08,stimulus,54.0,1.5235804340229876e-15
sub-08,stimulus,54.25,2.5930325454081927e-15
sub-08,stimulus,54.5,4.1565919608123575e-15
sub-08,stimulus,54.75,5.98098416737604e-15
sub-08,stimulus,55.0,8.609420724357337e-15
sub-09,rest,25.0,2.7758938865853024e-13
sub-09,rest,25.25,2.524044832827918e-13
sub-09,rest,25.5,2.1494670713742568e-13
sub-09,rest,25.75,2.729015225964535e-13
sub-09,rest,26.0,2.376417101295274e-13
sub-09,rest,26.25,3.231450189025225e-13
sub-09,rest,26.5,3.1558650360931316e-13
sub-09,rest,26.75,3.806015148231234e-13
sub-09,rest,27.0,3.2833788013224764e-13
sub-09,rest,27.25,3.4226027542107937e-13
sub-09,rest,27.5,3.1795284991489855e-13
sub-09,rest,27.75,3.2198234508726484e-13
sub-09,rest,28.0,2.962157631550649e-13
sub-09,rest,28.25,3.5395512360742503e-13
sub-09,rest,28.5,3.1276791408169686e-13
sub-09,rest,28.75,2.292485707872536e-13
sub-09,rest,29.0,2.034894308897471e-13
sub-09,rest,29.25,2.1297547149516252e-13
sub-09,rest,29.5,1.8173553401718354e-13
sub-09,rest,29.75,1.580278544791364e-13
sub-09,rest,30.0,1.4100291578249235e-13
sub-09,rest,30.25,1.362446777758062e-13
sub-09,rest,30.5,1.1377131669105123e-13
sub-09,rest,30.75,1.1686202682321151e-13
sub-09,rest,31.0,1.072933618259349e-13
sub-09,rest,31.25,1.0684274935908649e-13
sub-09,rest,31.5,1.1072026386984849e-13
sub-09,rest,31.75,9.06155867294913e-14
sub-09,rest,32.0,7.095029495671619e-14
sub-09,rest,32.25,7.962718992457114e-14
sub-09,rest,32.5,7.875499957885178e-14
sub-09,rest,32.75,8.039034720544979e-14
sub-09,rest,33.0,7.960890392389752e-14
sub-09,rest,33.25,7.856962561754871e-14
sub-09,rest,33.5,6.809206004921592e-14
sub-09,rest,33.75,7.983020966829916e-14
sub-09,rest,34.0,6.818374736763357e-14
sub-09,rest,34.25,5.802603118138423e-14
sub-09,rest,34.5,6.136912326401492e-14
sub-09,rest,34.75,6.539679902371391e-14
sub-09,rest,35.0,5.940438751166372e-14
sub-09,rest,35.25,6.731841869976088e-14
sub-09,rest,35.5,5.412415939456479e-14
sub-09,rest,35.75,4.715272069003827e-14
sub-09,rest,36.0,6.082366641394545e-14
sub-09,rest,36.25,6.549671735055939e-14
sub-09,rest,36.5,6.192429755195202e-14
sub-09,rest,36.75,6.505513652037402e-14
sub-09,rest,37.0,6.356852596249877e-14
sub-09,rest,37.25,5.862518231449607e-14
sub-09,rest,37.5,5.2066483440391276e-14
sub-09,rest,37.75,4.613144653151809e-14
sub-09,rest,38.0,5.5442310292365163e-14
sub-09,rest,38.25,5.611889369302484e-14
sub-09,rest,38.5,5.6308682298100905e-14
sub-09,rest,38.75,5.543586186728029e-14
sub-09,rest,39.0,5.512615169882669e-14
sub-09,rest,39.25,4.787159396395049e-14
sub-09,rest,39.5,5.6248316041919236e-14
sub-09,rest,39.75,6.026651790521237e-14
sub-09,rest,40.0,6.03888059521294e-14
sub-09,rest,40.25,7.222589210841999e-14
sub-09,rest,40.5,5.539197263229272e-14
sub-09,rest,40.75,5.492921183396737e-14
sub-09,rest,41.0,5.694469741753798e-14
sub-09,rest,41.25,5.2347962771806376e-14
sub-09,rest,41.5,5.918192644655265e-14
sub-09,rest,41.75,5.036212812695753e-14
sub-09,rest,42.0,5.702699052291874e-14
sub-09,rest,42.25,5.5228021972595014e-14
sub-09,rest,42.5,5.339720686628157e-14
sub-09,rest,42.75,5.853653419720629e-14
sub-09,rest,43.0,5.2832903995344107e-14
sub-09,rest,43.25,6.620356127331584e-14
sub-09,rest,43.5,6.197535789774151e-14
sub-09,rest,43.75,4.802097219879119e-14
sub-09,rest,44.0,4.724296934211098e-14
sub-09,rest,44.25,4.114911026921242e-14
sub-09,rest,44.5,2.870322937602255e-14
sub-09,rest,44.75,2.51265563212669e-14
sub-09,rest,45.0,2.138785754912288e-14
sub-09,rest,45.25,1.7609844044521385e-14
sub-09,rest,45.5,1.077808808203505e-14
sub-09,rest,45.75,5.6720628487373875e-15
sub-09,rest,46.0,2.176184815426783e-15
sub-09,rest,46.25,1.5696163355756428e-15
sub-09,rest,46.5,7.955210735030417e-16
sub-09,rest,46.75,2.903067091646593e-16
sub-09,rest,47.0,1.1802468231875227e-16
sub-09,rest,47.25,3.897589215303217e-17
sub-09,rest,47.5,1.0020789907354964e-17
sub-09,rest,47.75,3.2549622866164514e-18
sub-09,rest,48.0,1.0076660869764982e-18
sub-09,rest,48.25,3.471012939816715e-19
sub-09,rest,48.5,2.2783747437615517e-19
sub-09,rest,48.75,1.5398104965044252e-19
sub-09,rest,49.0,1.343684519513108e-19
sub-09,rest,49.25,1.084637926237571e-19
sub-09,rest,49.5,9.799899392323969e-20
sub-09,rest,49.75,8.712101192847383e-20
sub-09,rest,50.0,7.54462356658119e-20
sub-09,rest,50.25,8.493545725305394e-20
sub-09,rest,50.5,9.137823961732301e-20
sub-09,rest,50.75,9.110189465116086e-20
sub-09,rest,51.0,1.1898123289882122e-19
sub-09,rest,51.25,1.2642973251143712e-19
sub-09,rest,51.5,2.532789521437232e-19
sub-09,rest,51.75,7.323894147257928e-19
sub-09,rest,52.0,2.149696905183849e-18
sub-09,rest,52.25,7.708079480056453e-18
sub-09,rest,52.5,2.0611522525832693e-17
sub-09,rest,52.75,5.403286256581314e-17
sub-09,rest,53.0,1.3854905821825285e-16
sub-09,rest,53.25,3.017760274072469e-16
sub-09,rest,53.5,6.791435620232728e-16
sub-09,rest,53.75,1.742526339695926e-15
sub-09,rest,54.0,2.7943284642507396e-15
sub-09,rest,54.25,6.027341749231483e-15
sub-09,rest,54.5,1.1358874019944058e-14
sub-09,rest,54.75,1.735170102161135e-14
sub-09,rest,55.0,2.227088541356384e-14
sub-09,stimulus,25.0,1.9030801596316762e-13
sub-09,stimulus,25.25,1.7999330866768183e-13
sub-09,stimulus,25.5,2.0410423088418117e-13
sub-09,stimulus,25.75,2.168553697995529e-13
sub-09,stimulus,26.0,1.992921479496229e-13
sub-09,stimulus,26.25,2.1876766388385638e-13
sub-09,stimulus,26.5,2.530410261640987e-13
sub-09,stimulus,26.75,2.719098834757525e-13
sub-09,stimulus,27.0,3.490029129139236e-13
sub-09,stimulus,27.25,3.4286354304887723e-13
sub-09,stimulus,27.5,3.132919067822282e-13
sub-09,stimulus,27.75,3.6887220318284775e-13
sub-09,stimulus,28.0,3.1355862171694917e-13
sub-09,stimulus,28.25,2.356515613979353e-13
sub-09,stimulus,28.5,2.734724355262104e-13
sub-09,stimulus,28.75,2.4785200828608715e-13
sub-09,stimulus,29.0,2.1279327006607163e-13
sub-09,stimulus,29.25,1.8517999938528717e-13
sub-09,stimulus,29.5,2.0340488773702947e-13
sub-09,stimulus,29.75,1.8030647097495277e-13
sub-09,stimulus,30.0,1.2687025944069608e-13
sub-09,stimulus,30.25,1.2023463547270299e-13
sub-09,stimulus,30.5,1.3193064863367832e-13
sub-09,stimulus,30.75,1.248206112977336e-13
sub-09,stimulus,31.0,1.154077509074301e-13
sub-09,stimulus,31.25,1.0230131662042466e-13
sub-09,stimulus,31.5,1.0248396836977133e-13
sub-09,stimulus,31.75,8.733623351988872e-14
sub-09,stimulus,32.0,8.446326856868403e-14
sub-09,stimulus,32.25,7.434832746510976e-14
sub-09,stimulus,32.5,8.08709999786043e-14
sub-09,stimulus,32.75,8.043857879195918e-14
sub-09,stimulus,33.0,6.156372544522654e-14
sub-09,stimulus,33.25,6.493684883802805e-14
sub-09,stimulus,33.5,6.868604228572716e-14
sub-09,stimulus,33.75,6.921137494399615e-14
sub-09,stimulus,34.0,6.098281497546778e-14
sub-09,stimulus,34.25,6.080929799005521e-14
sub-09,stimulus,34.5,6.556738316048955e-14
sub-09,stimulus,34.75,6.382669805327638e-14
sub-09,stimulus,35.0,6.375936299062833e-14
sub-09,stimulus,35.25,5.881147267641582e-14
sub-09,stimulus,35.5,6.308847476701294e-14
sub-09,stimulus,35.75,5.767509162516676e-14
sub-09,stimulus,36.0,6.465017615269697e-14
sub-09,stimulus,36.25,5.828912899690885e-14
sub-09,stimulus,36.5,5.134733445194556e-14
sub-09,stimulus,36.75,6.124409146681343e-14
sub-09,stimulus,37.0,5.979466930808437e-14
sub-09,stimulus,37.25,6.280159910468537e-14
sub-09,stimulus,37.5,5.833963073920485e-14
sub-09,stimulus,37.75,6.312634599271715e-14
sub-09,stimulus,38.0,5.558721601674309e-14
sub-09,stimulus,38.25,6.06778475019232e-14
sub-09,stimulus,38.5,5.903669608205718e-14
sub-09,stimulus,38.75,6.157612623754612e-14
sub-09,stimulus,39.0,5.1955783759736775e-14
sub-09,stimulus,39.25,5.840772773017376e-14
sub-09,stimulus,39.5,5.1648973826142675e-14
sub-09,stimulus,39.75,4.987060469836841e-14
sub-09,stimulus,40.0,5.323471684554769e-14
sub-09,stimulus,40.25,6.00028581232617e-14
sub-09,stimulus,40.5,5.5139135220645875e-14
sub-09,stimulus,40.75,4.966448583356562e-14
sub-09,stimulus,41.0,4.840793710745407e-14
sub-09,stimulus,41.25,5.230181501048951e-14
sub-09,stimulus,41.5,4.8928620642419804e-14
sub-09,stimulus,41.75,4.912967204455537e-14
sub-09,stimulus,42.0,4.9234116901099315e-14
sub-09,stimulus,42.25,4.6423619887597605e-14
sub-09,stimulus,42.5,4.6740195854998594e-14
sub-09,stimulus,42.75,4.538328634583554e-14
sub-09,stimulus,43.0,4.648867029480785e-14
sub-09,stimulus,43.25,4.472157748900898e-14
sub-09,stimulus,43.5,4.957441066830955e-14
sub-09,stimulus,43.75,4.8599184264032267e-14
sub-09,stimulus,44.0,4.1519456574779296e-14
sub-09,stimulus,44.25,4.1819933257270057e-14
sub-09,stimulus,44.5,3.6533181000262904e-14
sub-09,stimulus,44.75,2.8822369702278233e-14
sub-09,stimulus,45.0,2.4585634668777838e-14
sub-09,stimulus,45.25,1.658584697661647e-14
sub-09,stimulus,45.5,9.911238776793162e-15
sub-09,stimulus,45.75,5.5783371936565876e-15
sub-09,stimulus,46.0,2.5967601956020925e-15
sub-09,stimulus,46.25,1.2044695609132182e-15
sub-09,stimulus,46.5,5.659649165106568e-16
sub-09,stimulus,46.75,2.616106103205986e-16
sub-09,stimulus,47.0,9.606405755025205e-17
sub-09,stimulus,47.25,3.888539060682666e-17
sub-09,stimulus,47.5,1.1410439931494708e-17
sub-09,stimulus,47.75,4.451798735405828e-18
sub-09,stimulus,48.0,1.229958200953143e-18
sub-09,stimulus,48.25,3.637553802410493e-19
sub-09,stimulus,48.5,2.0505821943402267e-19
sub-09,stimulus,48.75,1.7075162643740155e-19
sub-09,stimulus,49.0,1.170737115199293e-19
sub-09,stimulus,49.25,1.0831023075379702e-19
sub-09,stimulus,49.5,9.476063997420596e-20
sub-09,stimulus,49.75,8.786432444978558e-20
sub-09,stimulus,50.0,7.967856556819306e-20
sub-09,stimulus,50.25,9.38180226783188e-20
sub-09,stimulus,50.5,1.0841239043276151e-19
sub-09,stimulus,50.75,1.2496679624428918e-19
sub-09,stimulus,51.0,1.4649091605904476e-19
sub-09,stimulus,51.25,2.0521582234254188e-19
sub-09,stimulus,51.5,3.5658849406446834e-19
sub-09,stimulus,51.75,1.0572034706623705e-18
sub-09,stimulus,52.0,2.782547176893318e-18
sub-09,stimulus,52.25,8.021065016445029e-18
sub-09,stimulus,52.5,1.8019036176696887e-17
sub-09,stimulus,52.75,5.4051642241404405e-17
sub-09,stimulus,53.0,1.5383722752516156e-16
sub-09,stimulus,53.25,3.837215601832394e-16
sub-09,stimulus,53.5,8.203442841647248e-16
sub-09,stimulus,53.75,1.5792126219038955e-15
sub-09,stimulus,54.0,2.694243565091494e-15
sub-09,stimulus,54.25,6.014995781181394e-15
sub-09,stimulus,54.5,8.67221919531732e-15
sub-09,stimulus,54.75,1.4258556551514777e-14
sub-09,stimulus,55.0,1.9386569408067888e-14
sub-10,rest,25.0,1.0363097409764192e-13
sub-10,rest,25.25,8.134280879222147e-14
sub-10,rest,25.5,7.125267333246184e-14
sub-10,rest,25.75,7.666920346361464e-14
sub-10,rest,26.0,8.156856244938055e-14
sub-10,rest,26.25,9.089790520568854e-14
sub-10,rest,26.5,8.820423127347074e-14
sub-10,rest,26.75,9.497541437453785e-14
sub-10,rest,27.0,8.293313937451276e-14
sub-10,rest,27.25,7.603237915757585e-14
sub-10,rest,27.5,7.946989971067794e-14
sub-10,rest,27.75,6.593629154815356e-14
sub-10,rest,28.0,8.366418025490236e-14
sub-10,rest,28.25,8.082030639566076e-14
sub-10,rest,28.5,7.454711915951443e-14
sub-10,rest,28.75,7.833426540422356e-14
sub-10,rest,29.0,6.833665225153469e-14
sub-10,rest,29.25,9.301505282264667e-14
sub-10,rest,29.5,7.640719915980928e-14
sub-10,rest,29.75,7.326888213047925e-14
sub-10,rest,30.0,7.339099539945052e-14
sub-10,rest,30.25,6.488837736395581e-14
sub-10,rest,30.5,7.312877562548151e-14
sub-10,rest,30.75,6.43231054621726e-14
sub-10,rest,31.0,7.196381238586852e-14
sub-10,rest,31.25,8.271122598657711e-14
sub-10,rest,31.5,7.369053578948703e-14
sub-10,rest,31.75,5.96106803031664e-14
sub-10,rest,32.0,8.022612701531269e-14
sub-10,rest,32.25,8.022842463035132e-14
sub-10,rest,32.5,7.280089846658638e-14
sub-10,rest,32.75,7.085210072094927e-14
sub-10,rest,33.0,6.768724637415856e-14
sub-10,rest,33.25,7.987698951436022e-14
sub-10,rest,33.5,7.388972633110378e-14
sub-10,rest,33.75,5.834398780329643e-14
sub-10,rest,34.0,6.801914064618697e-14
sub-10,rest,34.25,6.972177520201011e-14
sub-10,rest,34.5,7.974838909190225e-14
sub-10,rest,34.75,7.788378037123072e-14
sub-10,rest,35.0,7.00782020600073e-14
sub-10,rest,35.25,8.054364316841035e-14
sub-10,rest,35.5,7.482157654175594e-14
sub-10,rest,35.75,6.168417259874869e-14
sub-10,rest,36.0,7.977183474825598e-14
sub-10,rest,36.25,6.97772935963163e-14
sub-10,rest,36.5,6.30017336609549e-14
sub-10,rest,36.75,7.121229617916967e-14
sub-10,rest,37.0,6.005924890234099e-14
sub-10,rest,37.25,6.383461902293109e-14
sub-10,rest,37.5,6.943771004397569e-14
sub-10,rest,37.75,7.139473289733952e-14
sub-10,rest,38.0,6.222031340607901e-14
sub-10,rest,38.25,6.813595948545569e-14
sub-10,rest,38.5,7.090327245351681e-14
sub-10,rest,38.75,5.3772762430245396e-14
sub-10,rest,39.0,7.092151653173463e-14
sub-10,rest,39.25,8.059986143802237e-14
sub-10,rest,39.5,7.505645789440538e-14
sub-10,rest,39.75,6.338232231665028e-14
sub-10,rest,40.0,5.785923263597876e-14
sub-10,rest,40.25,5.212724463514694e-14
sub-10,rest,40.5,7.183444163148772e-14
sub-10,rest,40.75,6.663063660896461e-14
sub-10,rest,41.0,5.679861498564093e-14
sub-10,rest,41.25,5.4206541708334585e-14
sub-10,rest,41.5,5.576823405768805e-14
sub-10,rest,41.75,7.507320346628002e-14
sub-10,rest,42.0,8.249336372222245e-14
sub-10,rest,42.25,6.899145406264899e-14
sub-10,rest,42.5,7.268487788538832e-14
sub-10,rest,42.75,6.857314780448171e-14
sub-10,rest,43.0,5.773446399826443e-14
sub-10,rest,43.25,5.243667569526646e-14
sub-10,rest,43.5,5.764864314241129e-14
sub-10,rest,43.75,5.072422813739447e-14
sub-10,rest,44.0,5.91924681236963e-14
sub-10,rest,44.25,6.501246581464792e-14
sub-10,rest,44.5,4.625259129332788e-14
sub-10,rest,44.75,4.106932720341186e-14
sub-10,rest,45.0,3.1318310815698345e-14
sub-10,rest,45.25,2.1883639811652888e-14
sub-10,rest,45.5,1.9225415114879525e-14
sub-10,rest,45.75,9.26952418589476e-15
sub-10,rest,46.0,4.825999927474548e-15
sub-10,rest,46.25,2.045445172523969e-15
sub-10,rest,46.5,1.1030279269381106e-15
sub-10,rest,46.75,5.097353111460532e-16
sub-10,rest,47.0,2.364461812596568e-16
sub-10,rest,47.25,1.4438143226079058e-16
sub-10,rest,47.5,7.811394145026218e-17
sub-10,rest,47.75,5.333481470114483e-17
sub-10,rest,48.0,3.399608775718537e-17
sub-10,rest,48.25,1.869671934957571e-17
sub-10,rest,48.5,9.45176656923929e-18
sub-10,rest,48.75,1.1258104721219517e-17
sub-10,rest,49.0,4.991857416115248e-18
sub-10,rest,49.25,1.9181452844254216e-18
sub-10,rest,49.5,1.602909253815005e-18
sub-10,rest,49.75,1.0660811735099639e-18
sub-10,rest,50.0,8.301193135328537e-19
sub-10,rest,50.25,1.0878330342000833e-18
sub-10,rest,50.5,1.4893485778115873e-18
sub-10,rest,50.75,2.1883946789527064e-18
sub-10,rest,51.0,4.0928004801535046e-18
sub-10,rest,51.25,5.997819851030607e-18
sub-10,rest,51.5,1.2261081367026255e-17
sub-10,rest,51.75,2.5384666706612965e-17
sub-10,rest,52.0,3.62682843758051e-17
sub-10,rest,52.25,6.11891539862948e-17
sub-10,rest,52.5,1.136192828684854e-16
sub-10,rest,52.75,1.9949396198772866e-16
sub-10,rest,53.0,3.7618173637872865e-16
sub-10,rest,53.25,7.352154833550399e-16
sub-10,rest,53.5,1.4676866934003088e-15
sub-10,rest,53.75,2.642571462730676e-15
sub-10,rest,54.0,5.079422260176442e-15
sub-10,rest,54.25,8.759428403091501e-15
sub-10,rest,54.5,1.4697007465764348e-14
sub-10,rest,54.75,2.089986196615808e-14
sub-10,rest,55.0,2.7848901121529552e-14
sub-10,stimulus,25.0,8.744688713954041e-14
sub-10,stimulus,25.25,8.99045148578664e-14
sub-10,stimulus,25.5,9.179649557150993e-14
sub-10,stimulus,25.75,1.0281806836056058e-13
sub-10,stimulus,26.0,8.632645065644485e-14
sub-10,stimulus,26.25,7.466560062665426e-14
sub-10,stimulus,26.5,7.796485118323956e-14
sub-10,stimulus,26.75,6.868721651703897e-14
sub-10,stimulus,27.0,5.93912878672729e-14
sub-10,stimulus,27.25,6.55903615763331e-14
sub-10,stimulus,27.5,6.422859324433982e-14
sub-10,stimulus,27.75,5.705783884018586e-14
sub-10,stimulus,28.0,5.859613580590527e-14
sub-10,stimulus,28.25,5.994342189003617e-14
sub-10,stimulus,28.5,4.7235803205572085e-14
sub-10,stimulus,28.75,5.4939348472631157e-14
sub-10,stimulus,29.0,6.475067770430446e-14
sub-10,stimulus,29.25,5.76580998473967e-14
sub-10,stimulus,29.5,5.76281956699203e-14
sub-10,stimulus,29.75,5.585704514643935e-14
sub-10,stimulus,30.0,5.954639262267677e-14
sub-10,stimulus,30.25,5.464784617798083e-14
sub-10,stimulus,30.5,4.6041163385701206e-14
sub-10,stimulus,30.75,5.0936091106801693e-14
sub-10,stimulus,31.0,4.9296114404637967e-14
sub-10,stimulus,31.25,4.9661033092331483e-14
sub-10,stimulus,31.5,4.366592926841542e-14
sub-10,stimulus,31.75,4.2887670881990173e-14
sub-10,stimulus,32.0,4.939477560779251e-14
sub-10,stimulus,32.25,4.5565198399719155e-14
sub-10,stimulus,32.5,4.725120975599487e-14
sub-10,stimulus,32.75,4.9620663766686386e-14
sub-10,stimulus,33.0,4.430085003881764e-14
sub-10,stimulus,33.25,4.604003325195636e-14
sub-10,stimulus,33.5,5.1433537761706176e-14
sub-10,stimulus,33.75,5.144050198481443e-14
sub-10,stimulus,34.0,3.8346853605861445e-14
sub-10,stimulus,34.25,3.950853250661643e-14
sub-10,stimulus,34.5,4.1567111561082105e-14
sub-10,stimulus,34.75,4.057050758191103e-14
sub-10,stimulus,35.0,3.6594871154991704e-14
sub-10,stimulus,35.25,4.9969948515068285e-14
sub-10,stimulus,35.5,4.848130562410546e-14
sub-10,stimulus,35.75,4.3663169407947216e-14
sub-10,stimulus,36.0,4.0276158986103045e-14
sub-10,stimulus,36.25,4.4448437355492026e-14
sub-10,stimulus,36.5,3.580595134823302e-14
sub-10,stimulus,36.75,3.828511436280409e-14
sub-10,stimulus,37.0,4.2968540508852275e-14
sub-10,stimulus,37.25,4.8525276300539907e-14
sub-10,stimulus,37.5,4.836452675076621e-14
sub-10,stimulus,37.75,4.08822555565563e-14
sub-10,stimulus,38.0,4.5920164974343426e-14
sub-10,stimulus,38.25,4.906155521708077e-14
sub-10,stimulus,38.5,4.0513235604979884e-14
sub-10,stimulus,38.75,4.739247147625755e-14
sub-10,stimulus,39.0,4.4999134270446814e-14
sub-10,stimulus,39.25,4.790484077188525e-14
sub-10,stimulus,39.5,4.560543387040048e-14
sub-10,stimulus,39.75,5.2048041306877617e-14
sub-10,stimulus,40.0,5.266759815938429e-14
sub-10,stimulus,40.25,4.7129899662862574e-14
sub-10,stimulus,40.5,4.942371633100415e-14
sub-10,stimulus,40.75,4.23636016990048e-14
sub-10,stimulus,41.0,4.050591427571274e-14
sub-10,stimulus,41.25,3.765936218941897e-14
sub-10,stimulus,41.5,3.355660954349618e-14
sub-10,stimulus,41.75,4.662471986898309e-14
sub-10,stimulus,42.0,4.369517680333807e-14
sub-10,stimulus,42.25,3.541531168127518e-14
sub-10,stimulus,42.5,4.507347739254529e-14
sub-10,stimulus,42.75,4.10167031101811e-14
sub-10,stimulus,43.0,3.3257194406994623e-14
sub-10,stimulus,43.25,4.233947762307593e-14
sub-10,stimulus,43.5,4.5689965012449e-14
sub-10,stimulus,43.75,3.6591443252630506e-14
sub-10,stimulus,44.0,3.865351159608054e-14
sub-10,stimulus,44.25,3.417771026113267e-14
sub-10,stimulus,44.5,3.1413849928341904e-14
sub-10,stimulus,44.75,2.4174755011838185e-14
sub-10,stimulus,45.0,2.1684844057111252e-14
sub-10,stimulus,45.25,1.8769448888862123e-14
sub-10,stimulus,45.5,1.2189608599954065e-14
sub-10,stimulus,45.75,5.6417050420552864e-15
sub-10,stimulus,46.0,3.0490647684152587e-15
sub-10,stimulus,46.25,1.5981852555724108e-15
sub-10,stimulus,46.5,7.644573385533351e-16
sub-10,stimulus,46.75,3.834734501518968e-16
sub-10,stimulus,47.0,1.4587417283992079e-16
sub-10,stimulus,47.25,6.229285766240795e-17
sub-10,stimulus,47.5,2.6236963109648274e-17
sub-10,stimulus,47.75,1.1389821146330698e-17
sub-10,stimulus,48.0,7.130345535597495e-18
sub-10,stimulus,48.25,4.157581151497261e-18
sub-10,stimulus,48.5,2.4983922499847043e-18
sub-10,stimulus,48.75,1.4929767312306192e-18
sub-10,stimulus,49.0,7.734991166878209e-19
sub-10,stimulus,49.25,5.4059011011545865e-19
sub-10,stimulus,49.5,4.824615514026283e-19
sub-10,stimulus,49.75,4.629098447476417e-19
sub-10,stimulus,50.0,3.85869821007414e-19
sub-10,stimulus,50.25,3.9013316149015237e-19
sub-10,stimulus,50.5,5.472030336415857e-19
sub-10,stimulus,50.75,7.624703361312466e-19
sub-10,stimulus,51.0,1.314939864240431e-18
sub-10,stimulus,51.25,1.6248269080152184e-18
sub-10,stimulus,51.5,2.57825211602394e-18
sub-10,stimulus,51.75,4.9281829031570135e-18
sub-10,stimulus,52.0,7.546081491156935e-18
sub-10,stimulus,52.25,1.5848905500610934e-17
sub-10,stimulus,52.5,4.5715440401624656e-17
sub-10,stimulus,52.75,8.487375113840485e-17
sub-10,stimulus,53.0,1.6284043415747493e-16
sub-10,stimulus,53.25,2.7847283399405483e-16
sub-10,stimulus,53.5,7.633648060666168e-16
sub-10,stimulus,53.75,1.6673110524704805e-15
sub-10,stimulus,54.0,2.8487516808239842e-15
sub-10,stimulus,54.25,4.765547956237966e-15
sub-10,stimulus,54.5,7.622848950740592e-15
sub-10,stimulus,54.75,1.3386017217412739e-14
sub-10,stimulus,55.0,1.7085882818598872e-14
sub-11,rest,25.0,1.1009583384280063e-13
sub-11,rest,25.25,1.2043126802578977e-13
sub-11,rest,25.5,7.684717962434027e-14
sub-11,rest,25.75,9.920007121047315e-14
sub-11,rest,26.0,9.05166234271041e-14
sub-11,rest,26.25,7.623762757122457e-14
sub-11,rest,26.5,6.926500751810361e-14
sub-11,rest,26.75,8.322130723811679e-14
sub-11,rest,27.0,8.362679887609494e-14
sub-11,rest,27.25,7.529753185459179e-14
sub-11,rest,27.5,7.604574030434986e-14
sub-11,rest,27.75,5.6629594977760444e-14
sub-11,rest,28.0,5.3675159449666315e-14
sub-11,rest,28.25,6.236159366876291e-14
sub-11,rest,28.5,8.059194903655214e-14
sub-11,rest,28.75,7.344687885730065e-14
sub-11,rest,29.0,6.497349238550253e-14
sub-11,rest,29.25,5.89772025245662e-14
sub-11,rest,29.5,5.723203798022764e-14
sub-11,rest,29.75,5.128624338684733e-14
sub-11,rest,30.0,5.191066395641808e-14
sub-11,rest,30.25,4.569275654558708e-14
sub-11,rest,30.5,5.867743679101248e-14
sub-11,rest,30.75,7.082819316976919e-14
sub-11,rest,31.0,5.892010693828526e-14
sub-11,rest,31.25,5.045292548924627e-14
sub-11,rest,31.5,4.810642141629711e-14
sub-11,rest,31.75,4.343063598854956e-14
sub-11,rest,32.0,5.1168749507673533e-14
sub-11,rest,32.25,5.536409021509792e-14
sub-11,rest,32.5,5.0353370182170614e-14
sub-11,rest,32.75,4.7374052576130496e-14
sub-11,rest,33.0,4.961564003155043e-14
sub-11,rest,33.25,5.010755289755361e-14
sub-11,rest,33.5,5.440707625651654e-14
sub-11,rest,33.75,4.144606247339506e-14
sub-11,rest,34.0,3.531672373057268e-14
sub-11,rest,34.25,4.11632596637148e-14
sub-11,rest,34.5,3.967711893996934e-14
sub-11,rest,34.75,4.068032880787647e-14
sub-11,rest,35.0,4.3022548012828707e-14
sub-11,rest,35.25,4.5115306333499847e-14
sub-11,rest,35.5,4.086364575542968e-14
sub-11,rest,35.75,3.580067174894488e-14
sub-11,rest,36.0,3.64717676488491e-14
sub-11,rest,36.25,3.7147817221975443e-14
sub-11,rest,36.5,3.8744250329818856e-14
sub-11,rest,36.75,3.6178090233088966e-14
sub-11,rest,37.0,3.948638437194401e-14
sub-11,rest,37.25,3.397585038356077e-14
sub-11,rest,37.5,3.8846535042739984e-14
sub-11,rest,37.75,3.575453119319355e-14
sub-11,rest,38.0,3.1797937581988734e-14
sub-11,rest,38.25,3.288168739464081e-14
sub-11,rest,38.5,3.154723761769962e-14
sub-11,rest,38.75,2.6970563508490176e-14
sub-11,rest,39.0,2.8701365364338104e-14
sub-11,rest,39.25,3.484737653690374e-14
sub-11,rest,39.5,3.0481321593492126e-14
sub-11,rest,39.75,2.4450111594943015e-14
sub-11,rest,40.0,2.3428814470044894e-14
sub-11,rest,40.25,2.6549325261005598e-14
sub-11,rest,40.5,2.971097102187028e-14
sub-11,rest,40.75,2.833435827220292e-14
sub-11,rest,41.0,2.7373604242735295e-14
sub-11,rest,41.25,3.198572657799154e-14
sub-11,rest,41.5,2.538102283780407e-14
sub-11,rest,41.75,3.035245482640897e-14
sub-11,rest,42.0,3.286589873656553e-14
sub-11,rest,42.25,2.881238951458826e-14
sub-11,rest,42.5,2.883743821392143e-14
sub-11,rest,42.75,3.353258351606245e-14
sub-11,rest,43.0,2.9740835465120186e-14
sub-11,rest,43.25,2.4019638317652524e-14
sub-11,rest,43.5,2.059691248699423e-14
sub-11,rest,43.75,1.978008742925787e-14
sub-11,rest,44.0,2.35192978090251e-14
sub-11,rest,44.25,3.0465989082652887e-14
sub-11,rest,44.5,2.6707570522125964e-14
sub-11,rest,44.75,1.5523895776324712e-14
sub-11,rest,45.0,9.626783747880647e-15
sub-11,rest,45.25,8.353375747478581e-15
sub-11,rest,45.5,5.821645829949362e-15
sub-11,rest,45.75,3.1980469860731156e-15
sub-11,rest,46.0,1.650700444618686e-15
sub-11,rest,46.25,8.459381087289807e-16
sub-11,rest,46.5,3.492513983835544e-16
sub-11,rest,46.75,1.5303578804096616e-16
sub-11,rest,47.0,7.774383122014756e-17
sub-11,rest,47.25,3.1510252077226105e-17
sub-11,rest,47.5,1.7264864921919415e-17
sub-11,rest,47.75,1.0513925063524746e-17
sub-11,rest,48.0,5.040865134223026e-18
sub-11,rest,48.25,3.1187069949904797e-18
sub-11,rest,48.5,1.9141572952925493e-18
sub-11,rest,48.75,1.6598261020858015e-18
sub-11,rest,49.0,9.60939304783178e-19
sub-11,rest,49.25,5.939184872638511e-19
sub-11,rest,49.5,4.740024337889431e-19
sub-11,rest,49.75,3.640338682248417e-19
sub-11,rest,50.0,2.487351329845943e-19
sub-11,rest,50.25,2.9298488510347083e-19
sub-11,rest,50.5,4.7773927563443e-19
sub-11,rest,50.75,6.5363269670640395e-19
sub-11,rest,51.0,8.140324016531599e-19
sub-11,rest,51.25,1.1348856551625207e-18
sub-11,rest,51.5,2.1872628344278183e-18
sub-11,rest,51.75,3.3461049295216457e-18
sub-11,rest,52.0,5.0498127058228404e-18
sub-11,rest,52.25,1.1259512315853372e-17
sub-11,rest,52.5,2.438123379005174e-17
sub-11,rest,52.75,5.3220105875364716e-17
sub-11,rest,53.0,1.020622184018726e-16
sub-11,rest,53.25,2.293965841640328e-16
sub-11,rest,53.5,4.556970484874791e-16
sub-11,rest,53.75,9.757563842216982e-16
sub-11,rest,54.0,2.0433198643468384e-15
sub-11,rest,54.25,2.839871294839436e-15
sub-11,rest,54.5,4.764655322397005e-15
sub-11,rest,54.75,7.965950441488429e-15
sub-11,rest,55.0,1.1056284304548107e-14
sub-11,stimulus,25.0,1.119517350964096e-13
sub-11,stimulus,25.25,1.1846970833602928e-13
sub-11,stimulus,25.5,1.223738562605986e-13
sub-11,stimulus,25.75,1.1853566016447184e-13
sub-11,stimulus,26.0,1.1878003204214094e-13
sub-11,stimulus,26.25,9.859656154177966e-14
sub-11,stimulus,26.5,7.752528698761261e-14
sub-11,stimulus,26.75,8.691097418957696e-14
sub-11,stimulus,27.0,8.13890552541064e-14
sub-11,stimulus,27.25,7.864089968176761e-14
sub-11,stimulus,27.5,7.809563579097316e-14
sub-11,stimulus,27.75,7.29966015954345e-14
sub-11,stimulus,28.0,7.06723831436698e-14
sub-11,stimulus,28.25,6.916484888115098e-14
sub-11,stimulus,28.5,6.5036598432025e-14
sub-11,stimulus,28.75,6.32623294597186e-14
sub-11,stimulus,29.0,5.863947753398422e-14
sub-11,stimulus,29.25,6.034898095891288e-14
sub-11,stimulus,29.5,5.790482320919062e-14
sub-11,stimulus,29.75,5.251743853443715e-14
sub-11,stimulus,30.0,5.5254841614173606e-14
sub-11,stimulus,30.25,5.066146613852551e-14
sub-11,stimulus,30.5,5.435008441823636e-14
sub-11,stimulus,30.75,5.370277043754226e-14
sub-11,stimulus,31.0,5.547349998592669e-14
sub-11,stimulus,31.25,5.757663101088156e-14
sub-11,stimulus,31.5,5.4970147726653957e-14
sub-11,stimulus,31.75,4.675620338935612e-14
sub-11,stimulus,32.0,5.213449597394574e-14
sub-11,stimulus,32.25,4.961390232257782e-14
sub-11,stimulus,32.5,5.136096425411889e-14
sub-11,stimulus,32.75,4.599005384965688e-14
sub-11,stimulus,33.0,4.451914929776717e-14
sub-11,stimulus,33.25,4.799159275511293e-14
sub-11,stimulus,33.5,4.263476795992163e-14
sub-11,stimulus,33.75,4.374594401699797e-14
sub-11,stimulus,34.0,3.7757404525679775e-14
sub-11,stimulus,34.25,3.7090330335230834e-14
sub-11,stimulus,34.5,3.891228514885661e-14
sub-11,stimulus,34.75,4.469640192123289e-14
sub-11,stimulus,35.0,4.729173774869226e-14
sub-11,stimulus,35.25,4.279195294744483e-14
sub-11,stimulus,35.5,3.7495452739925455e-14
sub-11,stimulus,35.75,3.708607631373589e-14
sub-11,stimulus,36.0,3.7903435550350024e-14
sub-11,stimulus,36.25,4.003191395622871e-14
sub-11,stimulus,36.5,3.58024656816288e-14
sub-11,stimulus,36.75,3.83276940928892e-14
sub-11,stimulus,37.0,3.623160577424727e-14
sub-11,stimulus,37.25,3.5740899054543134e-14
sub-11,stimulus,37.5,3.897418874892468e-14
sub-11,stimulus,37.75,3.5011828061205546e-14
sub-11,stimulus,38.0,3.061344101487306e-14
sub-11,stimulus,38.25,3.456867597677677e-14
sub-11,stimulus,38.5,3.7443779693854137e-14
sub-11,stimulus,38.75,3.159690816682367e-14
sub-11,stimulus,39.0,3.1891200839146524e-14
sub-11,stimulus,39.25,2.9093458172442906e-14
sub-11,stimulus,39.5,3.071369584500695e-14
sub-11,stimulus,39.75,2.960487671442548e-14
sub-11,stimulus,40.0,4.025184895841564e-14
sub-11,stimulus,40.25,3.263708915304592e-14
sub-11,stimulus,40.5,2.978515676956657e-14
sub-11,stimulus,40.75,3.0993531468001865e-14
sub-11,stimulus,41.0,2.973576492789374e-14
sub-11,stimulus,41.25,2.725704210384491e-14
sub-11,stimulus,41.5,2.6992129269500554e-14
sub-11,stimulus,41.75,2.497705415021421e-14
sub-11,stimulus,42.0,2.7395067090974917e-14
sub-11,stimulus,42.25,3.0268362688018694e-14
sub-11,stimulus,42.5,2.8428931133203924e-14
sub-11,stimulus,42.75,2.4335777101104102e-14
sub-11,stimulus,43.0,2.8209538674022127e-14
sub-11,stimulus,43.25,2.5962550064060844e-14
sub-11,stimulus,43.5,2.5687130174696382e-14
sub-11,stimulus,43.75,2.1856784164162907e-14
sub-11,stimulus,44.0,1.8669475388732678e-14
sub-11,stimulus,44.25,2.1256535097177776e-14
sub-11,stimulus,44.5,2.011537653918324e-14
sub-11,stimulus,44.75,1.5306423511191743e-14
sub-11,stimulus,45.0,1.3894174340406592e-14
sub-11,stimulus,45.25,9.244713163936573e-15
sub-11,stimulus,45.5,5.2220136287549795e-15
sub-11,stimulus,45.75,3.118637754183705e-15
sub-11,stimulus,46.0,1.589875115700341e-15
sub-11,stimulus,46.25,8.320137831092889e-16
sub-11,stimulus,46.5,3.994669721354698e-16
sub-11,stimulus,46.75,2.032272422738368e-16
sub-11,stimulus,47.0,8.742280763528761e-17
sub-11,stimulus,47.25,3.3817496903523147e-17
sub-11,stimulus,47.5,1.847506942628476e-17
sub-11,stimulus,47.75,1.045269610493148e-17
sub-11,stimulus,48.0,7.042347316958398e-18
sub-11,stimulus,48.25,5.135681832483817e-18
sub-11,stimulus,48.5,2.5689042451456844e-18
sub-11,stimulus,48.75,1.4379295556083938e-18
sub-11,stimulus,49.0,8.850711040657613e-19
sub-11,stimulus,49.25,6.59800369459066e-19
sub-11,stimulus,49.5,4.6966149165286e-19
sub-11,stimulus,49.75,3.474862111495459e-19
sub-11,stimulus,50.0,3.4571236526215524e-19
sub-11,stimulus,50.25,3.829324829379958e-19
sub-11,stimulus,50.5,5.193191332388709e-19
sub-11,stimulus,50.75,7.129592538047613e-19
sub-11,stimulus,51.0,8.342569758533705e-19
sub-11,stimulus,51.25,1.2484623145592807e-18
sub-11,stimulus,51.5,2.3903110638256985e-18
sub-11,stimulus,51.75,3.531794726212091e-18
sub-11,stimulus,52.0,6.5458920049759736e-18
sub-11,stimulus,52.25,1.3718709492177959e-17
sub-11,stimulus,52.5,2.3054847136002663e-17
sub-11,stimulus,52.75,4.9690543924655296e-17
sub-11,stimulus,53.0,1.0674514654097208e-16
sub-11,stimulus,53.25,2.2265936978730492e-16
sub-11,stimulus,53.5,4.290501017521773e-16
sub-11,stimulus,53.75,8.939382862146435e-16
sub-11,stimulus,54.0,1.6787490909722431e-15
sub-11,stimulus,54.25,2.8522995404654756e-15
sub-11,stimulus,54.5,4.580770807511616e-15
sub-11,stimulus,54.75,8.080438296271481e-15
sub-11,stimulus,55.0,1.0305568698143997e-14
sub-12,rest,25.0,1.4813462336328385e-13
sub-12,rest,25.25,1.3355398520400617e-13
sub-12,rest,25.5,1.345516048435343e-13
sub-12,rest,25.75,1.1298600437027444e-13
sub-12,rest,26.0,1.2096782612281137e-13
sub-12,rest,26.25,1.367027357566305e-13
sub-12,rest,26.5,1.0999756870050982e-13
sub-12,rest,26.75,1.0728605520956419e-13
sub-12,rest,27.0,9.701572109521592e-14
sub-12,rest,27.25,9.316458787021273e-14
sub-12,rest,27.5,8.614469968244943e-14
sub-12,rest,27.75,7.608034703377686e-14
sub-12,rest,28.0,8.165549649441896e-14
sub-12,rest,28.25,7.556753933975707e-14
sub-12,rest,28.5,6.026440564276278e-14
sub-12,rest,28.75,7.768156461824523e-14
sub-12,rest,29.0,7.77754806453908e-14
sub-12,rest,29.25,7.76789340892527e-14
sub-12,rest,29.5,6.742712133889273e-14
sub-12,rest,29.75,5.806261602157394e-14
sub-12,rest,30.0,5.0865665698577194e-14
sub-12,rest,30.25,5.4771249132269645e-14
sub-12,rest,30.5,6.092255754991943e-14
sub-12,rest,30.75,6.367780107679012e-14
sub-12,rest,31.0,5.700106903151557e-14
sub-12,rest,31.25,4.6383660379760105e-14
sub-12,rest,31.5,5.045723278293396e-14
sub-12,rest,31.75,5.091086103695398e-14
sub-12,rest,32.0,4.726045084802344e-14
sub-12,rest,32.25,4.509011443932886e-14
sub-12,rest,32.5,4.831141058507848e-14
sub-12,rest,32.75,4.2675670476033656e-14
sub-12,rest,33.0,3.827685091677835e-14
sub-12,rest,33.25,4.247078383118233e-14
sub-12,rest,33.5,4.1243376160415087e-14
sub-12,rest,33.75,4.2793027520432685e-14
sub-12,rest,34.0,3.517954026165803e-14
sub-12,rest,34.25,3.959321557142401e-14
sub-12,rest,34.5,4.03869699668154e-14
sub-12,rest,34.75,3.7606439101029045e-14
sub-12,rest,35.0,3.5411644679374034e-14
sub-12,rest,35.25,3.639075344261295e-14
sub-12,rest,35.5,4.0610493922387253e-14
sub-12,rest,35.75,3.316941355717474e-14
sub-12,rest,36.0,3.3279696576929614e-14
sub-12,rest,36.25,3.3490389842746237e-14
sub-12,rest,36.5,3.27339498293146e-14
sub-12,rest,36.75,3.069083866503818e-14
sub-12,rest,37.0,3.445627419856326e-14
sub-12,rest,37.25,2.8483739528543797e-14
sub-12,rest,37.5,2.943063715475554e-14
sub-12,rest,37.75,2.7868619858016694e-14
sub-12,rest,38.0,2.832886054286728e-14
sub-12,rest,38.25,2.5525626414964194e-14
sub-12,rest,38.5,2.997415905468823e-14
sub-12,rest,38.75,2.703718063322665e-14
sub-12,rest,39.0,2.5080416343635967e-14
sub-12,rest,39.25,2.4559543623325606e-14
sub-12,rest,39.5,1.8534807882769517e-14
sub-12,rest,39.75,1.8797930389702983e-14
sub-12,rest,40.0,2.2794550159910295e-14
sub-12,rest,40.25,1.9383349691637098e-14
sub-12,rest,40.5,2.1981125010234606e-14
sub-12,rest,40.75,2.161075481661154e-14
sub-12,rest,41.0,1.9990753961982138e-14
sub-12,rest,41.25,1.6409559262131726e-14
sub-12,rest,41.5,1.9045210100306462e-14
sub-12,rest,41.75,1.812810603801292e-14
sub-12,rest,42.0,1.8914833989909947e-14
sub-12,rest,42.25,1.7392861845097194e-14
sub-12,rest,42.5,1.8569327430868434e-14
sub-12,rest,42.75,1.890226411726296e-14
sub-12,rest,43.0,1.866053800987335e-14
sub-12,rest,43.25,1.5984276325079487e-14
sub-12,rest,43.5,1.5764774830023035e-14
sub-12,rest,43.75,1.807153257277578e-14
sub-12,rest,44.0,1.4236236485839654e-14
sub-12,rest,44.25,1.3200673042186898e-14
sub-12,rest,44.5,1.1394379270244222e-14
sub-12,rest,44.75,7.765846564138498e-15
sub-12,rest,45.0,5.76090655402911e-15
sub-12,rest,45.25,4.278782558221043e-15
sub-12,rest,45.5,2.8808784763850945e-15
sub-12,rest,45.75,1.6269314143610506e-15
sub-12,rest,46.0,1.0447206129301874e-15
sub-12,rest,46.25,4.653475853950876e-16
sub-12,rest,46.5,1.81055536778664e-16
sub-12,rest,46.75,8.137686517052711e-17
sub-12,rest,47.0,3.342899948759639e-17
sub-12,rest,47.25,1.539606136070087e-17
sub-12,rest,47.5,7.466778065315196e-18
sub-12,rest,47.75,2.752237416518945e-18
sub-12,rest,48.0,1.5207855590482082e-18
sub-12,rest,48.25,9.409488884168403e-19
sub-12,rest,48.5,6.950489059494575e-19
sub-12,rest,48.75,4.658264361717795e-19
sub-12,rest,49.0,2.8895592065195743e-19
sub-12,rest,49.25,1.725477961310109e-19
sub-12,rest,49.5,1.3697560994724955e-19
sub-12,rest,49.75,1.618306483747331e-19
sub-12,rest,50.0,1.496472203473196e-19
sub-12,rest,50.25,1.965839850155903e-19
sub-12,rest,50.5,1.9160688978450495e-19
sub-12,rest,50.75,1.8304395017378859e-19
sub-12,rest,51.0,2.0401217256994927e-19
sub-12,rest,51.25,4.2556546945747027e-19
sub-12,rest,51.5,6.795884741054661e-19
sub-12,rest,51.75,6.945237436797618e-19
sub-12,rest,52.0,1.5009162325952704e-18
sub-12,rest,52.25,4.044000685714868e-18
sub-12,rest,52.5,8.102678162939199e-18
sub-12,rest,52.75,1.865094470272034e-17
sub-12,rest,53.0,3.7450060902001504e-17
sub-12,rest,53.25,7.908131373906474e-17
sub-12,rest,53.5,1.897320533729241e-16
sub-12,rest,53.75,3.9494841774227494e-16
sub-12,rest,54.0,8.688937177703284e-16
sub-12,rest,54.25,1.4669014181613798e-15
sub-12,rest,54.5,2.6892054823971237e-15
sub-12,rest,54.75,3.4993354157811228e-15
sub-12,rest,55.0,4.471184015999939e-15
sub-12,stimulus,25.0,1.5923735662863115e-13
sub-12,stimulus,25.25,1.6140454824586531e-13
sub-12,stimulus,25.5,1.3670151442088504e-13
sub-12,stimulus,25.75,1.307602241231966e-13
sub-12,stimulus,26.0,1.1989600768872938e-13
sub-12,stimulus,26.25,1.1257762209311167e-13
sub-12,stimulus,26.5,1.0569804516731054e-13
sub-12,stimulus,26.75,9.579670272804471e-14
sub-12,stimulus,27.0,9.668531946447757e-14
sub-12,stimulus,27.25,1.0442594503325163e-13
sub-12,stimulus,27.5,9.854507492019207e-14
sub-12,stimulus,27.75,8.721071787932297e-14
sub-12,stimulus,28.0,7.971024825198094e-14
sub-12,stimulus,28.25,8.24974881930812e-14
sub-12,stimulus,28.5,8.486453398294761e-14
sub-12,stimulus,28.75,8.179202110381432e-14
sub-12,stimulus,29.0,6.580032155138302e-14
sub-12,stimulus,29.25,6.650006970048453e-14
sub-12,stimulus,29.5,6.678474818878683e-14
sub-12,stimulus,29.75,6.172277411949722e-14
sub-12,stimulus,30.0,6.334503490270537e-14
sub-12,stimulus,30.25,6.258479251679852e-14
sub-12,stimulus,30.5,5.726250622503251e-14
sub-12,stimulus,30.75,5.925091027825704e-14
sub-12,stimulus,31.0,5.987828491414064e-14
sub-12,stimulus,31.25,5.1861206740404414e-14
sub-12,stimulus,31.5,5.645541392927184e-14
sub-12,stimulus,31.75,6.070136455576368e-14
sub-12,stimulus,32.0,5.415742973727132e-14
sub-12,stimulus,32.25,5.568754524281331e-14
sub-12,stimulus,32.5,5.579161261072276e-14
sub-12,stimulus,32.75,5.959173789896179e-14
sub-12,stimulus,33.0,5.483920327394313e-14
sub-12,stimulus,33.25,5.301954610403242e-14
sub-12,stimulus,33.5,5.1861375336189083e-14
sub-12,stimulus,33.75,4.1352032639356424e-14
sub-12,stimulus,34.0,4.2381285312797114e-14
sub-12,stimulus,34.25,4.2523648529007704e-14
sub-12,stimulus,34.5,4.182572720595579e-14
sub-12,stimulus,34.75,4.323862133213376e-14
sub-12,stimulus,35.0,4.209362886820468e-14
sub-12,stimulus,35.25,4.0840068821570353e-14
sub-12,stimulus,35.5,3.7773503021117876e-14
sub-12,stimulus,35.75,3.6258280494723365e-14
sub-12,stimulus,36.0,4.14727645045432e-14
sub-12,stimulus,36.25,3.555184021119621e-14
sub-12,stimulus,36.5,3.713392646192052e-14
sub-12,stimulus,36.75,3.9932840524744916e-14
sub-12,stimulus,37.0,3.281258318943121e-14
sub-12,stimulus,37.25,2.7230239467688812e-14
sub-12,stimulus,37.5,3.01496864741181e-14
sub-12,stimulus,37.75,2.8300094445393384e-14
sub-12,stimulus,38.0,2.8155706205365895e-14
sub-12,stimulus,38.25,2.9715689390391067e-14
sub-12,stimulus,38.5,2.5514711252404895e-14
sub-12,stimulus,38.75,2.3845070459021877e-14
sub-12,stimulus,39.0,2.26913516335823e-14
sub-12,stimulus,39.25,2.513162674014398e-14
sub-12,stimulus,39.5,2.5463987141935273e-14
sub-12,stimulus,39.75,2.7154775334622876e-14
sub-12,stimulus,40.0,3.354477784853365e-14
sub-12,stimulus,40.25,2.4796120065872382e-14
sub-12,stimulus,40.5,2.431936074097144e-14
sub-12,stimulus,40.75,2.299500892383362e-14
sub-12,stimulus,41.0,2.0959319651055642e-14
sub-12,stimulus,41.25,2.0365381290205416e-14
sub-12,stimulus,41.5,2.1136664987531507e-14
sub-12,stimulus,41.75,2.079598591376954e-14
sub-12,stimulus,42.0,1.8052312717122244e-14
sub-12,stimulus,42.25,1.784196231255443e-14
sub-12,stimulus,42.5,1.868977928866733e-14
sub-12,stimulus,42.75,1.957041392233518e-14
sub-12,stimulus,43.0,2.1019152531852322e-14
sub-12,stimulus,43.25,1.7594842420783506e-14
sub-12,stimulus,43.5,2.0226010078540584e-14
sub-12,stimulus,43.75,1.8435045904639837e-14
sub-12,stimulus,44.0,1.634959557721194e-14
sub-12,stimulus,44.25,1.4833025147515787e-14
sub-12,stimulus,44.5,1.3345017164854494e-14
sub-12,stimulus,44.75,1.143200029749376e-14
sub-12,stimulus,45.0,8.420413921882825e-15
sub-12,stimulus,45.25,5.889569648110316e-15
sub-12,stimulus,45.5,3.3420647432251928e-15
sub-12,stimulus,45.75,2.0325467285356025e-15
sub-12,stimulus,46.0,1.182378833445179e-15
sub-12,stimulus,46.25,5.223693680321783e-16
sub-12,stimulus,46.5,2.1057295131583468e-16
sub-12,stimulus,46.75,9.985217856576931e-17
sub-12,stimulus,47.0,4.7750451836714766e-17
sub-12,stimulus,47.25,2.1922515099909946e-17
sub-12,stimulus,47.5,8.859891130028516e-18
sub-12,stimulus,47.75,4.926965874880753e-18
sub-12,stimulus,48.0,3.4329869497626254e-18
sub-12,stimulus,48.25,2.1032314873629095e-18
sub-12,stimulus,48.5,1.3511310216427506e-18
sub-12,stimulus,48.75,7.308758521145507e-19
sub-12,stimulus,49.0,5.225481287161665e-19
sub-12,stimulus,49.25,3.0672242323800294e-19
sub-12,stimulus,49.5,1.9961335101795893e-19
sub-12,stimulus,49.75,2.26675884598638e-19
sub-12,stimulus,50.0,2.3830448528820156e-19
sub-12,stimulus,50.25,2.3005885657466865e-19
sub-12,stimulus,50.5,2.619794453388578e-19
sub-12,stimulus,50.75,3.631964005570257e-19
sub-12,stimulus,51.0,5.185579070471683e-19
sub-12,stimulus,51.25,6.971941370273154e-19
sub-12,stimulus,51.5,8.660629672740434e-19
sub-12,stimulus,51.75,1.5050598298235537e-18
sub-12,stimulus,52.0,2.6945177403205634e-18
sub-12,stimulus,52.25,5.076050235172884e-18
sub-12,stimulus,52.5,1.0007655920571185e-17
sub-12,stimulus,52.75,2.4422507008231698e-17
sub-12,stimulus,53.0,4.327778239023362e-17
sub-12,stimulus,53.25,9.976352899307945e-17
sub-12,stimulus,53.5,2.1484127611326405e-16
sub-12,stimulus,53.75,4.546105339401e-16
sub-12,stimulus,54.0,8.236854853264019e-16
sub-12,stimulus,54.25,1.3323057431424694e-15
sub-12,stimulus,54.5,2.369061106127139e-15
sub-12,stimulus,54.75,3.7591529660852184e-15
sub-12,stimulus,55.0,5.352487497374567e-15
sub-13,rest,25.0,7.460897532885426e-14
sub-13,rest,25.25,7.397363089860591e-14
sub-13,rest,25.5,7.161240437493036e-14
sub-13,rest,25.75,6.914961974562398e-14
sub-13,rest,26.0,6.053694156197679e-14
sub-13,rest,26.25,6.157605733379562e-14
sub-13,rest,26.5,5.6701347120477025e-14
sub-13,rest,26.75,5.946100232149731e-14
sub-13,rest,27.0,5.564354958209202e-14
sub-13,rest,27.25,5.10870089487351e-14
sub-13,rest,27.5,4.858770671981679e-14
sub-13,rest,27.75,4.663938538792194e-14
sub-13,rest,28.0,5.034999594872909e-14
sub-13,rest,28.25,4.461179685502961e-14
sub-13,rest,28.5,4.285091211961359e-14
sub-13,rest,28.75,4.1550967640780915e-14
sub-13,rest,29.0,3.442844035120883e-14
sub-13,rest,29.25,3.6458012608791446e-14
sub-13,rest,29.5,3.7517112061463286e-14
sub-13,rest,29.75,3.810990911178149e-14
sub-13,rest,30.0,3.4363164482073054e-14
sub-13,rest,30.25,3.216202422960292e-14
sub-13,rest,30.5,3.164470423821267e-14
sub-13,rest,30.75,3.176157451980744e-14
sub-13,rest,31.0,3.138466064421858e-14
sub-13,rest,31.25,2.860885685077005e-14
sub-13,rest,31.5,2.455527448963437e-14
sub-13,rest,31.75,2.7002862337801827e-14
sub-13,rest,32.0,2.680940116907825e-14
sub-13,rest,32.25,2.9466039832424644e-14
sub-13,rest,32.5,2.7070900402474376e-14
sub-13,rest,32.75,2.433872370709369e-14
sub-13,rest,33.0,2.2580080074932977e-14
sub-13,rest,33.25,2.1734780046131497e-14
sub-13,rest,33.5,2.3012885317308008e-14
sub-13,rest,33.75,2.322249700593903e-14
sub-13,rest,34.0,2.423067190196369e-14
sub-13,rest,34.25,2.4112856245507386e-14
sub-13,rest,34.5,2.3167978450422845e-14
sub-13,rest,34.75,2.1547342929777457e-14
sub-13,rest,35.0,2.6284625278021868e-14
sub-13,rest,35.25,2.3838842221984578e-14
sub-13,rest,35.5,2.2099369990531815e-14
sub-13,rest,35.75,1.826911693787807e-14
sub-13,rest,36.0,1.7422279581039497e-14
sub-13,rest,36.25,1.9263798185236887e-14
sub-13,rest,36.5,1.8452938785136858e-14
sub-13,rest,36.75,1.699736058940253e-14
sub-13,rest,37.0,1.909497024342023e-14
sub-13,rest,37.25,1.6952788949989673e-14
sub-13,rest,37.5,1.7107402086539575e-14
sub-13,rest,37.75,1.6968267629794486e-14
sub-13,rest,38.0,1.7052259995749104e-14
sub-13,rest,38.25,1.7269220183725923e-14
sub-13,rest,38.5,1.5079812703166755e-14
sub-13,rest,38.75,1.4459313056618188e-14
sub-13,rest,39.0,1.6447400224643607e-14
sub-13,rest,39.25,1.538776356367446e-14
sub-13,rest,39.5,1.8248377652510106e-14
sub-13,rest,39.75,1.7800933978038295e-14
sub-13,rest,40.0,1.4005318563009224e-14
sub-13,rest,40.25,1.7882573105383505e-14
sub-13,rest,40.5,1.6172105403405e-14
sub-13,rest,40.75,1.2396994666533584e-14
sub-13,rest,41.0,1.453650923781766e-14
sub-13,rest,41.25,1.533045507419724e-14
sub-13,rest,41.5,1.4627510407992193e-14
sub-13,rest,41.75,1.5578269759522598e-14
sub-13,rest,42.0,1.546585571302152e-14
sub-13,rest,42.25,1.4084114418997168e-14
sub-13,rest,42.5,1.2290311924531739e-14
sub-13,rest,42.75,1.2085157504529511e-14
sub-13,rest,43.0,1.436716961594258e-14
sub-13,rest,43.25,1.2305656023919499e-14
sub-13,rest,43.5,1.2643386071125706e-14
sub-13,rest,43.75,1.4091364176608009e-14
sub-13,rest,44.0,1.2969872472805397e-14
sub-13,rest,44.25,1.1546406278490375e-14
sub-13,rest,44.5,1.1918708442449988e-14
sub-13,rest,44.75,9.450942677859051e-15
sub-13,rest,45.0,6.6911726127442615e-15
sub-13,rest,45.25,4.7997785858286245e-15
sub-13,rest,45.5,2.941795238665884e-15
sub-13,rest,45.75,1.804648583171396e-15
sub-13,rest,46.0,1.0029361558591596e-15
sub-13,rest,46.25,5.302732361236391e-16
sub-13,rest,46.5,2.4780504421249084e-16
sub-13,rest,46.75,1.0407291734601907e-16
sub-13,rest,47.0,4.913732508755047e-17
sub-13,rest,47.25,1.8041272593808083e-17
sub-13,rest,47.5,1.3491449504530598e-17
sub-13,rest,47.75,1.0263999317075112e-17
sub-13,rest,48.0,6.242020177818143e-18
sub-13,rest,48.25,3.942838794637321e-18
sub-13,rest,48.5,2.5265438714169125e-18
sub-13,rest,48.75,1.5075988933169588e-18
sub-13,rest,49.0,1.1159298903205857e-18
sub-13,rest,49.25,7.537210327902163e-19
sub-13,rest,49.5,5.787258468216303e-19
sub-13,rest,49.75,3.4124838130234857e-19
sub-13,rest,50.0,3.0984284645224824e-19
sub-13,rest,50.25,3.572152838826153e-19
sub-13,rest,50.5,4.3171649231984404e-19
sub-13,rest,50.75,5.26104283065336e-19
sub-13,rest,51.0,7.8731298400443195e-19
sub-13,rest,51.25,1.578953617163827e-18
sub-13,rest,51.5,2.3698227815580165e-18
sub-13,rest,51.75,3.298190971165196e-18
sub-13,rest,52.0,6.096598380603725e-18
sub-13,rest,52.25,9.722239177534017e-18
sub-13,rest,52.5,1.5774270660199007e-17
sub-13,rest,52.75,3.059829366958271e-17
sub-13,rest,53.0,6.009644180721827e-17
sub-13,rest,53.25,1.3029949599752012e-16
sub-13,rest,53.5,2.3773881322044104e-16
sub-13,rest,53.75,4.474596201229949e-16
sub-13,rest,54.0,9.4650134967466e-16
sub-13,rest,54.25,1.296756401558237e-15
sub-13,rest,54.5,2.255906860207311e-15
sub-13,rest,54.75,5.063784970093123e-15
sub-13,rest,55.0,5.746394365501413e-15
sub-13,stimulus,25.0,7.570818597039679e-14
sub-13,stimulus,25.25,7.280277729206488e-14
sub-13,stimulus,25.5,6.613854437499433e-14
sub-13,stimulus,25.75,6.23026397115118e-14
sub-13,stimulus,26.0,6.65376296240182e-14
sub-13,stimulus,26.25,6.43953171297594e-14
sub-13,stimulus,26.5,5.6299469244772556e-14
sub-13,stimulus,26.75,5.818876931767527e-14
sub-13,stimulus,27.0,5.515462080373955e-14
sub-13,stimulus,27.25,5.719284808868382e-14
sub-13,stimulus,27.5,5.405806360978549e-14
sub-13,stimulus,27.75,4.383165175848513e-14
sub-13,stimulus,28.0,4.6202856561744984e-14
sub-13,stimulus,28.25,4.4685465842460444e-14
sub-13,stimulus,28.5,4.4184714229614234e-14
sub-13,stimulus,28.75,4.207573608166301e-14
sub-13,stimulus,29.0,4.0013378224767925e-14
sub-13,stimulus,29.25,4.210333165038655e-14
sub-13,stimulus,29.5,3.9502415668487165e-14
sub-13,stimulus,29.75,3.429300797694508e-14
sub-13,stimulus,30.0,3.291112404335599e-14
sub-13,stimulus,30.25,3.39625425419387e-14
sub-13,stimulus,30.5,3.4923542740891306e-14
sub-13,stimulus,30.75,3.0506261259727996e-14
sub-13,stimulus,31.0,3.151650776700736e-14
sub-13,stimulus,31.25,2.913447354880756e-14
sub-13,stimulus,31.5,3.002727035978312e-14
sub-13,stimulus,31.75,2.850138340804195e-14
sub-13,stimulus,32.0,3.0856885444311345e-14
sub-13,stimulus,32.25,2.8358639067736905e-14
sub-13,stimulus,32.5,2.609440028572191e-14
sub-13,stimulus,32.75,2.4872264802518418e-14
sub-13,stimulus,33.0,2.908616874153181e-14
sub-13,stimulus,33.25,2.5413925727380673e-14
sub-13,stimulus,33.5,2.4107764005832563e-14
sub-13,stimulus,33.75,2.7490755025761816e-14
sub-13,stimulus,34.0,2.976480798735911e-14
sub-13,stimulus,34.25,2.3659942795525822e-14
sub-13,stimulus,34.5,2.225693075464394e-14
sub-13,stimulus,34.75,2.1005737035196494e-14
sub-13,stimulus,35.0,2.0413830718511902e-14
sub-13,stimulus,35.25,2.0331445892920827e-14
sub-13,stimulus,35.5,2.3277834244436543e-14
sub-13,stimulus,35.75,2.4750486854458554e-14
sub-13,stimulus,36.0,2.327830477773625e-14
sub-13,stimulus,36.25,2.1696720483775553e-14
sub-13,stimulus,36.5,1.8499635383988408e-14
sub-13,stimulus,36.75,2.1953113433596502e-14
sub-13,stimulus,37.0,2.1423056363877192e-14
sub-13,stimulus,37.25,2.0617772603349388e-14
sub-13,stimulus,37.5,2.0434139788479634e-14
sub-13,stimulus,37.75,1.7542722654883725e-14
sub-13,stimulus,38.0,1.770435642541869e-14
sub-13,stimulus,38.25,1.7785161480659364e-14
sub-13,stimulus,38.5,1.5951171780161143e-14
sub-13,stimulus,38.75,1.7661706650719672e-14
sub-13,stimulus,39.0,1.970663496587495e-14
sub-13,stimulus,39.25,1.7501954223672627e-14
sub-13,stimulus,39.5,1.8441831126289815e-14
sub-13,stimulus,39.75,1.8901555674008722e-14
sub-13,stimulus,40.0,1.9185544659871866e-14
sub-13,stimulus,40.25,1.722868945632158e-14
sub-13,stimulus,40.5,1.930373416153156e-14
sub-13,stimulus,40.75,1.924234349733156e-14
sub-13,stimulus,41.0,1.8544995918754766e-14
sub-13,stimulus,41.25,1.7830372154012196e-14
sub-13,stimulus,41.5,1.721744755889877e-14
sub-13,stimulus,41.75,1.9198488071812845e-14
sub-13,stimulus,42.0,2.0231137860671074e-14
sub-13,stimulus,42.25,1.618799610520754e-14
sub-13,stimulus,42.5,1.6779451925271235e-14
sub-13,stimulus,42.75,1.7370553178865862e-14
sub-13,stimulus,43.0,1.4732329116279957e-14
sub-13,stimulus,43.25,1.2729646018765725e-14
sub-13,stimulus,43.5,1.440022568181595e-14
sub-13,stimulus,43.75,1.318060800113917e-14
sub-13,stimulus,44.0,1.3927727640624234e-14
sub-13,stimulus,44.25,1.3192558665573282e-14
sub-13,stimulus,44.5,1.0876038799590386e-14
sub-13,stimulus,44.75,9.072058609254334e-15
sub-13,stimulus,45.0,7.241299665759924e-15
sub-13,stimulus,45.25,5.3237427031009865e-15
sub-13,stimulus,45.5,3.5339680983117537e-15
sub-13,stimulus,45.75,1.924020644580656e-15
sub-13,stimulus,46.0,1.012007955811965e-15
sub-13,stimulus,46.25,5.622420448586125e-16
sub-13,stimulus,46.5,2.9884464638164594e-16
sub-13,stimulus,46.75,1.4190595878075735e-16
sub-13,stimulus,47.0,5.483613975150348e-17
sub-13,stimulus,47.25,3.018497824999239e-17
sub-13,stimulus,47.5,1.869809159102646e-17
sub-13,stimulus,47.75,1.277994897279614e-17
sub-13,stimulus,48.0,5.698555694443902e-18
sub-13,stimulus,48.25,3.755410524909709e-18
sub-13,stimulus,48.5,3.2740664486717895e-18
sub-13,stimulus,48.75,1.6329253081169465e-18
sub-13,stimulus,49.0,1.0334142489469034e-18
sub-13,stimulus,49.25,7.131911068328067e-19
sub-13,stimulus,49.5,5.092314717844004e-19
sub-13,stimulus,49.75,4.825881793148715e-19
sub-13,stimulus,50.0,4.974342270889026e-19
sub-13,stimulus,50.25,4.1654719964824275e-19
sub-13,stimulus,50.5,5.62805519628237e-19
sub-13,stimulus,50.75,7.615730655246768e-19
sub-13,stimulus,51.0,1.0632944012452847e-18
sub-13,stimulus,51.25,1.9843814302428954e-18
sub-13,stimulus,51.5,3.830628697494629e-18
sub-13,stimulus,51.75,5.947830657735759e-18
sub-13,stimulus,52.0,9.66683059442334e-18
sub-13,stimulus,52.25,1.2494967093202338e-17
sub-13,stimulus,52.5,1.7921893218359394e-17
sub-13,stimulus,52.75,3.952267600581561e-17
sub-13,stimulus,53.0,7.958087241898467e-17
sub-13,stimulus,53.25,1.6582648112077592e-16
sub-13,stimulus,53.5,2.849239100064029e-16
sub-13,stimulus,53.75,6.780620305406484e-16
sub-13,stimulus,54.0,1.1911791507067708e-15
sub-13,stimulus,54.25,1.84796934465211e-15
sub-13,stimulus,54.5,2.9468024051131073e-15
sub-13,stimulus,54.75,4.02946316549612e-15
sub-13,stimulus,55.0,5.9734161516972e-15
sub-14,rest,25.0,7.776196362065849e-14
sub-14,rest,25.25,8.726912149472082e-14
sub-14,rest,25.5,7.792988353966061e-14
sub-14,rest,25.75,5.8804417647327e-14
sub-14,rest,26.0,5.845071888326619e-14
sub-14,rest,26.25,6.883898313503539e-14
sub-14,rest,26.5,6.254321311870712e-14
sub-14,rest,26.75,7.334312843237394e-14
sub-14,rest,27.0,6.295105110202818e-14
sub-14,rest,27.25,6.415634047943995e-14
sub-14,rest,27.5,7.046876271809711e-14
sub-14,rest,27.75,7.616896185904799e-14
sub-14,rest,28.0,9.047386462908014e-14
sub-14,rest,28.25,7.527618921072294e-14
sub-14,rest,28.5,5.346610096509526e-14
sub-14,rest,28.75,5.072603979975534e-14
sub-14,rest,29.0,6.629911931273164e-14
sub-14,rest,29.25,4.837057978382626e-14
sub-14,rest,29.5,5.665179221841917e-14
sub-14,rest,29.75,5.412427410636875e-14
sub-14,rest,30.0,6.85337031053038e-14
sub-14,rest,30.25,6.431820330024346e-14
sub-14,rest,30.5,5.711142860401281e-14
sub-14,rest,30.75,5.782276741179429e-14
sub-14,rest,31.0,5.220144341614117e-14
sub-14,rest,31.25,4.634757835735157e-14
sub-14,rest,31.5,3.772642283995139e-14
sub-14,rest,31.75,4.4701219575009956e-14
sub-14,rest,32.0,5.1115893395401826e-14
sub-14,rest,32.25,5.469949897220035e-14
sub-14,rest,32.5,4.9544634883434304e-14
sub-14,rest,32.75,4.8711897206551857e-14
sub-14,rest,33.0,4.23322692121068e-14
sub-14,rest,33.25,4.4585179693187456e-14
sub-14,rest,33.5,4.4408264129390197e-14
sub-14,rest,33.75,4.739430030381152e-14
sub-14,rest,34.0,4.312762072546523e-14
sub-14,rest,34.25,4.904380512898349e-14
sub-14,rest,34.5,4.7664540750127524e-14
sub-14,rest,34.75,4.462344931488919e-14
sub-14,rest,35.0,4.3649581970290055e-14
sub-14,rest,35.25,5.002660515646145e-14
sub-14,rest,35.5,3.6499449189166283e-14
sub-14,rest,35.75,3.8810113669453226e-14
sub-14,rest,36.0,4.2724404453038674e-14
sub-14,rest,36.25,4.048915952057045e-14
sub-14,rest,36.5,4.6769424249220195e-14
sub-14,rest,36.75,3.499260381154913e-14
sub-14,rest,37.0,3.604729501918934e-14
sub-14,rest,37.25,3.388506571127682e-14
sub-14,rest,37.5,4.1459223626503097e-14
sub-14,rest,37.75,3.838352809346291e-14
sub-14,rest,38.0,2.973873816562187e-14
sub-14,rest,38.25,3.500724215850788e-14
sub-14,rest,38.5,3.684315027257128e-14
sub-14,rest,38.75,3.331228032581661e-14
sub-14,rest,39.0,4.5646591865744704e-14
sub-14,rest,39.25,3.775294100965884e-14
sub-14,rest,39.5,3.9520203632373734e-14
sub-14,rest,39.75,3.3569917813757896e-14
sub-14,rest,40.0,3.4788509588343014e-14
sub-14,rest,40.25,2.8075549041013366e-14
sub-14,rest,40.5,2.8678094607165047e-14
sub-14,rest,40.75,3.7738431152477584e-14
sub-14,rest,41.0,3.3100676267119634e-14
sub-14,rest,41.25,3.0193986645318245e-14
sub-14,rest,41.5,2.6776054726591132e-14
sub-14,rest,41.75,3.056317137859979e-14
sub-14,rest,42.0,3.7663842810998554e-14
sub-14,rest,42.25,3.6372497529562766e-14
sub-14,rest,42.5,3.7198597357914096e-14
sub-14,rest,42.75,3.893537107518657e-14
sub-14,rest,43.0,3.433397972763492e-14
sub-14,rest,43.25,3.0621887873551195e-14
sub-14,rest,43.5,3.908292903406467e-14
sub-14,rest,43.75,3.2313423469782376e-14
sub-14,rest,44.0,2.6222941120886422e-14
sub-14,rest,44.25,2.7254307114788562e-14
sub-14,rest,44.5,2.5968488293206702e-14
sub-14,rest,44.75,2.244706849450621e-14
sub-14,rest,45.0,1.9030150051127155e-14
sub-14,rest,45.25,1.3679947506877584e-14
sub-14,rest,45.5,8.231046374902972e-15
sub-14,rest,45.75,4.494896807773283e-15
sub-14,rest,46.0,2.3599258563930475e-15
sub-14,rest,46.25,1.1236023984536414e-15
sub-14,rest,46.5,5.030607187282499e-16
sub-14,rest,46.75,2.6629099470258105e-16
sub-14,rest,47.0,1.2871941453115914e-16
sub-14,rest,47.25,4.0174327033245724e-17
sub-14,rest,47.5,1.695089208748902e-17
sub-14,rest,47.75,1.0997753719110861e-17
sub-14,rest,48.0,5.834350274396801e-18
sub-14,rest,48.25,3.788657719514123e-18
sub-14,rest,48.5,1.9621125283636674e-18
sub-14,rest,48.75,1.57433813511663e-18
sub-14,rest,49.0,1.2255395823287613e-18
sub-14,rest,49.25,5.378354276140705e-19
sub-14,rest,49.5,3.0211483343941843e-19
sub-14,rest,49.75,3.792981201238345e-19
sub-14,rest,50.0,3.744851067349719e-19
sub-14,rest,50.25,4.123319085788354e-19
sub-14,rest,50.5,8.788137879015546e-19
sub-14,rest,50.75,9.677386568728222e-19
sub-14,rest,51.0,1.3395381570208975e-18
sub-14,rest,51.25,2.4303946053065315e-18
sub-14,rest,51.5,5.480506502580986e-18
sub-14,rest,51.75,6.695957441758777e-18
sub-14,rest,52.0,9.635742319769818e-18
sub-14,rest,52.25,1.5937704813262708e-17
sub-14,rest,52.5,2.2459783976355416e-17
sub-14,rest,52.75,7.199557257221039e-17
sub-14,rest,53.0,1.7492013394935005e-16
sub-14,rest,53.25,3.010711047775617e-16
sub-14,rest,53.5,7.707301352895756e-16
sub-14,rest,53.75,1.3974008538389717e-15
sub-14,rest,54.0,2.051207012840638e-15
sub-14,rest,54.25,5.2615721287007165e-15
sub-14,rest,54.5,7.31982711969798e-15
sub-14,rest,54.75,1.0995233015337408e-14
sub-14,rest,55.0,1.3757922342603843e-14
sub-14,stimulus,25.0,7.632346760765727e-14
sub-14,stimulus,25.25,6.604932758160009e-14
sub-14,stimulus,25.5,7.17776768418453e-14
sub-14,stimulus,25.75,7.555836952314229e-14
sub-14,stimulus,26.0,8.361243356611049e-14
sub-14,stimulus,26.25,6.930002448841057e-14
sub-14,stimulus,26.5,6.756688886329699e-14
sub-14,stimulus,26.75,6.856884087109072e-14
sub-14,stimulus,27.0,6.686360287502202e-14
sub-14,stimulus,27.25,6.599469441910092e-14
sub-14,stimulus,27.5,6.93712949801345e-14
sub-14,stimulus,27.75,6.571947106010082e-14
sub-14,stimulus,28.0,6.190071418089283e-14
sub-14,stimulus,28.25,6.475338606680705e-14
sub-14,stimulus,28.5,5.945943459588544e-14
sub-14,stimulus,28.75,5.577974466660136e-14
sub-14,stimulus,29.0,5.530773763107827e-14
sub-14,stimulus,29.25,5.5879729473016374e-14
sub-14,stimulus,29.5,5.987034078770646e-14
sub-14,stimulus,29.75,5.768923187921829e-14
sub-14,stimulus,30.0,4.754649286517166e-14
sub-14,stimulus,30.25,4.803937048465774e-14
sub-14,stimulus,30.5,4.439518318813938e-14
sub-14,stimulus,30.75,4.5464520140949915e-14
sub-14,stimulus,31.0,4.7114209256486625e-14
sub-14,stimulus,31.25,4.394976872876631e-14
sub-14,stimulus,31.5,4.627589638619574e-14
sub-14,stimulus,31.75,4.376064028804948e-14
sub-14,stimulus,32.0,4.339847935915798e-14
sub-14,stimulus,32.25,3.8693162343398027e-14
sub-14,stimulus,32.5,3.939791503359474e-14
sub-14,stimulus,32.75,3.9316281483402064e-14
sub-14,stimulus,33.0,3.9844730952533776e-14
sub-14,stimulus,33.25,4.087548671014781e-14
sub-14,stimulus,33.5,4.318510930895121e-14
sub-14,stimulus,33.75,4.409825771422361e-14
sub-14,stimulus,34.0,4.2011009658286986e-14
sub-14,stimulus,34.25,3.931445112616992e-14
sub-14,stimulus,34.5,4.144717704981245e-14
sub-14,stimulus,34.75,3.443585359197311e-14
sub-14,stimulus,35.0,3.640030569304981e-14
sub-14,stimulus,35.25,3.251568337445774e-14
sub-14,stimulus,35.5,3.520435451200558e-14
sub-14,stimulus,35.75,3.356647303679602e-14
sub-14,stimulus,36.0,4.085065326064827e-14
sub-14,stimulus,36.25,3.852920646046677e-14
sub-14,stimulus,36.5,3.6747800109137215e-14
sub-14,stimulus,36.75,3.713765920673191e-14
sub-14,stimulus,37.0,3.363957929448438e-14
sub-14,stimulus,37.25,3.292021485370835e-14
sub-14,stimulus,37.5,3.386422625346626e-14
sub-14,stimulus,37.75,3.398859798629077e-14
sub-14,stimulus,38.0,3.1059436327905064e-14
sub-14,stimulus,38.25,3.608853155719054e-14
sub-14,stimulus,38.5,3.384896446679919e-14
sub-14,stimulus,38.75,3.436179582890575e-14
sub-14,stimulus,39.0,3.303636161387526e-14
sub-14,stimulus,39.25,3.087858744662491e-14
sub-14,stimulus,39.5,3.172067182102034e-14
sub-14,stimulus,39.75,3.386341902276341e-14
sub-14,stimulus,40.0,4.7318035729428315e-14
sub-14,stimulus,40.25,3.614636111967563e-14
sub-14,stimulus,40.5,3.2216686648811934e-14
sub-14,stimulus,40.75,3.169422734042631e-14
sub-14,stimulus,41.0,3.2002114097940875e-14
sub-14,stimulus,41.25,3.424405636046594e-14
sub-14,stimulus,41.5,2.9406440371551437e-14
sub-14,stimulus,41.75,3.076897641911922e-14
sub-14,stimulus,42.0,3.5335487397565186e-14
sub-14,stimulus,42.25,3.649031045212639e-14
sub-14,stimulus,42.5,3.081682274654227e-14
sub-14,stimulus,42.75,3.4209842290178114e-14
sub-14,stimulus,43.0,3.277983942282519e-14
sub-14,stimulus,43.25,3.202353470994452e-14
sub-14,stimulus,43.5,3.058728611090142e-14
sub-14,stimulus,43.75,2.997994535773964e-14
sub-14,stimulus,44.0,2.47743929974928e-14
sub-14,stimulus,44.25,2.4118852846879328e-14
sub-14,stimulus,44.5,2.063079646300214e-14
sub-14,stimulus,44.75,1.7617348807911993e-14
sub-14,stimulus,45.0,1.7324888144640934e-14
sub-14,stimulus,45.25,1.1265092170091993e-14
sub-14,stimulus,45.5,7.326478432270881e-15
sub-14,stimulus,45.75,3.897968715194694e-15
sub-14,stimulus,46.0,2.0807453473225065e-15
sub-14,stimulus,46.25,1.0011268894984353e-15
sub-14,stimulus,46.5,4.1846389090257086e-16
sub-14,stimulus,46.75,1.751522532636821e-16
sub-14,stimulus,47.0,8.092821347100642e-17
sub-14,stimulus,47.25,4.419132552274793e-17
sub-14,stimulus,47.5,2.1996133336800155e-17
sub-14,stimulus,47.75,1.0589346096379536e-17
sub-14,stimulus,48.0,7.60735637717919e-18
sub-14,stimulus,48.25,5.071787710744906e-18
sub-14,stimulus,48.5,2.731721163646784e-18
sub-14,stimulus,48.75,1.3532156976139862e-18
sub-14,stimulus,49.0,1.1064803601548353e-18
sub-14,stimulus,49.25,8.531351825873379e-19
sub-14,stimulus,49.5,6.131528264096745e-19
sub-14,stimulus,49.75,3.628828460529143e-19
sub-14,stimulus,50.0,2.768625227013373e-19
sub-14,stimulus,50.25,3.878016163544254e-19
sub-14,stimulus,50.5,5.27724972395867e-19
sub-14,stimulus,50.75,7.853526974022813e-19
sub-14,stimulus,51.0,1.387179629689906e-18
sub-14,stimulus,51.25,2.1641423867134553e-18
sub-14,stimulus,51.5,3.7466966738651234e-18
sub-14,stimulus,51.75,5.459061818738545e-18
sub-14,stimulus,52.0,8.427742601239532e-18
sub-14,stimulus,52.25,1.5273697420769534e-17
sub-14,stimulus,52.5,2.794768189748772e-17
sub-14,stimulus,52.75,5.746805445495845e-17
sub-14,stimulus,53.0,9.53142172892703e-17
sub-14,stimulus,53.25,2.7108604372204356e-16
sub-14,stimulus,53.5,5.659160435795456e-16
sub-14,stimulus,53.75,1.1394228318313853e-15
sub-14,stimulus,54.0,2.255373677902887e-15
sub-14,stimulus,54.25,3.1149569849387033e-15
sub-14,stimulus,54.5,5.8578194860046415e-15
sub-14,stimulus,54.75,9.325578083230077e-15
sub-14,stimulus,55.0,1.196263550727779e-14
sub-15,rest,25.0,1.120848983850288e-12
sub-15,rest,25.25,1.1612743779315487e-12
sub-15,rest,25.5,1.3304949067211516e-12
sub-15,rest,25.75,1.788990525947911e-12
sub-15,rest,26.0,2.590170926387847e-12
sub-15,rest,26.25,3.094925968950334e-12
sub-15,rest,26.5,3.7411058079703004e-12
sub-15,rest,26.75,4.139987932240722e-12
sub-15,rest,27.0,3.253635954235484e-12
sub-15,rest,27.25,2.8643797071728516e-12
sub-15,rest,27.5,1.8538352334920468e-12
sub-15,rest,27.75,1.2629656500772008e-12
sub-15,rest,28.0,6.908296130627286e-13
sub-15,rest,28.25,5.110271701193742e-13
sub-15,rest,28.5,4.692156087014995e-13
sub-15,rest,28.75,4.1032526117573707e-13
sub-15,rest,29.0,3.5401981368037e-13
sub-15,rest,29.25,2.8857029976057996e-13
sub-15,rest,29.5,2.7268727907805754e-13
sub-15,rest,29.75,2.473193899643811e-13
sub-15,rest,30.0,2.4440429039999153e-13
sub-15,rest,30.25,2.48315709526885e-13
sub-15,rest,30.5,2.317578763351438e-13
sub-15,rest,30.75,1.8869546782153268e-13
sub-15,rest,31.0,1.7241750813920737e-13
sub-15,rest,31.25,1.722015752342479e-13
sub-15,rest,31.5,1.5771225287206548e-13
sub-15,rest,31.75,1.6418127064290114e-13
sub-15,rest,32.0,1.4536928168360733e-13
sub-15,rest,32.25,1.3419065375394346e-13
sub-15,rest,32.5,1.265640121395706e-13
sub-15,rest,32.75,1.2375034675525985e-13
sub-15,rest,33.0,1.3529812184483738e-13
sub-15,rest,33.25,1.538844036301866e-13
sub-15,rest,33.5,1.3794037497200064e-13
sub-15,rest,33.75,1.0271354235026086e-13
sub-15,rest,34.0,1.1908696003606548e-13
sub-15,rest,34.25,1.1574866358495503e-13
sub-15,rest,34.5,1.1627760850057035e-13
sub-15,rest,34.75,1.0926010252079902e-13
sub-15,rest,35.0,1.256990991404457e-13
sub-15,rest,35.25,1.1315539230394815e-13
sub-15,rest,35.5,1.3120259201453415e-13
sub-15,rest,35.75,1.2335878289093554e-13
sub-15,rest,36.0,1.393205448378243e-13
sub-15,rest,36.25,1.1720246038218946e-13
sub-15,rest,36.5,1.1583927070885497e-13
sub-15,rest,36.75,1.1840845013213444e-13
sub-15,rest,37.0,1.0552659712218181e-13
sub-15,rest,37.25,1.142551391968674e-13
sub-15,rest,37.5,1.0643476616403333e-13
sub-15,rest,37.75,1.0880908555533673e-13
sub-15,rest,38.0,1.374046944913332e-13
sub-15,rest,38.25,1.1547096336542915e-13
sub-15,rest,38.5,1.0057371430411077e-13
sub-15,rest,38.75,1.0375661877492684e-13
sub-15,rest,39.0,8.948787998359655e-14
sub-15,rest,39.25,1.2388179720667231e-13
sub-15,rest,39.5,1.3370708006633824e-13
sub-15,rest,39.75,1.2032512334745638e-13
sub-15,rest,40.0,1.0277280393599715e-13
sub-15,rest,40.25,8.719965054256986e-14
sub-15,rest,40.5,9.782553193188717e-14
sub-15,rest,40.75,9.813693431858783e-14
sub-15,rest,41.0,9.997006330353285e-14
sub-15,rest,41.25,1.0642451078084254e-13
sub-15,rest,41.5,1.0052502461568038e-13
sub-15,rest,41.75,9.708304455955089e-14
sub-15,rest,42.0,9.68676961466107e-14
sub-15,rest,42.25,8.98497127864439e-14
sub-15,rest,42.5,9.561544053458358e-14
sub-15,rest,42.75,9.513789083748831e-14
sub-15,rest,43.0,6.823311575617882e-14
sub-15,rest,43.25,8.120691739045768e-14
sub-15,rest,43.5,6.669397691042166e-14
sub-15,rest,43.75,6.676648411346203e-14
sub-15,rest,44.0,6.18528287370176e-14
sub-15,rest,44.25,6.319530585460089e-14
sub-15,rest,44.5,5.602131877548354e-14
sub-15,rest,44.75,4.8564843028900736e-14
sub-15,rest,45.0,3.6346958808020553e-14
sub-15,rest,45.25,2.5112850459880618e-14
sub-15,rest,45.5,1.455935768756265e-14
sub-15,rest,45.75,8.07364948300798e-15
sub-15,rest,46.0,4.240758265377664e-15
sub-15,rest,46.25,1.7627904418515405e-15
sub-15,rest,46.5,7.482797704743319e-16
sub-15,rest,46.75,3.8162507839588137e-16
sub-15,rest,47.0,1.373049934530087e-16
sub-15,rest,47.25,5.096528049375095e-17
sub-15,rest,47.5,1.5120734272399835e-17
sub-15,rest,47.75,6.1878813426306116e-18
sub-15,rest,48.0,2.897465508158947e-18
sub-15,rest,48.25,1.0007727175187935e-18
sub-15,rest,48.5,7.005504154992178e-19
sub-15,rest,48.75,4.572565231620728e-19
sub-15,rest,49.0,3.174788230043104e-19
sub-15,rest,49.25,2.6521220836657866e-19
sub-15,rest,49.5,3.1198697681474865e-19
sub-15,rest,49.75,2.5590931154610033e-19
sub-15,rest,50.0,1.9917287366454912e-19
sub-15,rest,50.25,2.3983682027133523e-19
sub-15,rest,50.5,2.6151394371992254e-19
sub-15,rest,50.75,2.6506115723919015e-19
sub-15,rest,51.0,4.749876106516718e-19
sub-15,rest,51.25,5.602715435603773e-19
sub-15,rest,51.5,5.645626290836525e-19
sub-15,rest,51.75,1.3899138589698975e-18
sub-15,rest,52.0,4.391283786808141e-18
sub-15,rest,52.25,8.470982357437944e-18
sub-15,rest,52.5,2.2239120952427747e-17
sub-15,rest,52.75,5.661639970512019e-17
sub-15,rest,53.0,1.6541654047068852e-16
sub-15,rest,53.25,3.6491041419407704e-16
sub-15,rest,53.5,7.709874235886848e-16
sub-15,rest,53.75,1.299939288492016e-15
sub-15,rest,54.0,3.0639417831585158e-15
sub-15,rest,54.25,5.5155329071149126e-15
sub-15,rest,54.5,9.993395969737902e-15
sub-15,rest,54.75,1.3467741983836778e-14
sub-15,rest,55.0,1.7056782407212518e-14
sub-15,stimulus,25.0,1.1187297502020066e-12
sub-15,stimulus,25.25,1.2572313923915066e-12
sub-15,stimulus,25.5,1.5530136131203773e-12
sub-15,stimulus,25.75,1.97991235667582e-12
sub-15,stimulus,26.0,2.2636289225572556e-12
sub-15,stimulus,26.25,3.331106637974983e-12
sub-15,stimulus,26.5,3.55756414004665e-12
sub-15,stimulus,26.75,3.3456545060557717e-12
sub-15,stimulus,27.0,2.8952131570243e-12
sub-15,stimulus,27.25,1.7513259690527952e-12
sub-15,stimulus,27.5,1.4845363069955007e-12
sub-15,stimulus,27.75,1.0149709513684413e-12
sub-15,stimulus,28.0,6.190390918683112e-13
sub-15,stimulus,28.25,4.553520773878106e-13
sub-15,stimulus,28.5,3.2000754332430457e-13
sub-15,stimulus,28.75,2.7370535531113723e-13
sub-15,stimulus,29.0,2.52551585102277e-13
sub-15,stimulus,29.25,2.3089723332612834e-13
sub-15,stimulus,29.5,2.4127559513754604e-13
sub-15,stimulus,29.75,2.4702926551955006e-13
sub-15,stimulus,30.0,2.012458201746315e-13
sub-15,stimulus,30.25,1.712262277193861e-13
sub-15,stimulus,30.5,1.6831070479981311e-13
sub-15,stimulus,30.75,1.6221704657486885e-13
sub-15,stimulus,31.0,1.644328294897582e-13
sub-15,stimulus,31.25,1.5243807076889347e-13
sub-15,stimulus,31.5,1.2313573280965198e-13
sub-15,stimulus,31.75,1.3765264019717767e-13
sub-15,stimulus,32.0,1.3460089410567283e-13
sub-15,stimulus,32.25,1.314559873324689e-13
sub-15,stimulus,32.5,1.2602417410590893e-13
sub-15,stimulus,32.75,1.2560004088780323e-13
sub-15,stimulus,33.0,1.2404858177673427e-13
sub-15,stimulus,33.25,1.1925568118675216e-13
sub-15,stimulus,33.5,1.159217357016501e-13
sub-15,stimulus,33.75,1.1180564934492649e-13
sub-15,stimulus,34.0,1.1314051782840282e-13
sub-15,stimulus,34.25,1.247340340402555e-13
sub-15,stimulus,34.5,1.2003153651166586e-13
sub-15,stimulus,34.75,1.0757305826130073e-13
sub-15,stimulus,35.0,9.870040900745482e-14
sub-15,stimulus,35.25,1.0637240650751904e-13
sub-15,stimulus,35.5,9.412935220510627e-14
sub-15,stimulus,35.75,9.763346637209538e-14
sub-15,stimulus,36.0,1.0703486011979408e-13
sub-15,stimulus,36.25,9.086779523922469e-14
sub-15,stimulus,36.5,9.701100692035952e-14
sub-15,stimulus,36.75,8.956478660411201e-14
sub-15,stimulus,37.0,1.0204045952382675e-13
sub-15,stimulus,37.25,1.0497497209157612e-13
sub-15,stimulus,37.5,9.635501015872738e-14
sub-15,stimulus,37.75,1.095523272705843e-13
sub-15,stimulus,38.0,1.0090651443622454e-13
sub-15,stimulus,38.25,1.0332047447521303e-13
sub-15,stimulus,38.5,1.0046008662924947e-13
sub-15,stimulus,38.75,9.243405812298337e-14
sub-15,stimulus,39.0,9.033413086927199e-14
sub-15,stimulus,39.25,1.061255531037088e-13
sub-15,stimulus,39.5,1.0629405763931829e-13
sub-15,stimulus,39.75,1.0772163042781532e-13
sub-15,stimulus,40.0,9.980953391807715e-14
sub-15,stimulus,40.25,9.314078049213386e-14
sub-15,stimulus,40.5,8.81564180833718e-14
sub-15,stimulus,40.75,8.904367274471805e-14
sub-15,stimulus,41.0,9.694640842197186e-14
sub-15,stimulus,41.25,8.753004050510884e-14
sub-15,stimulus,41.5,7.653879603146503e-14
sub-15,stimulus,41.75,7.975759370893934e-14
sub-15,stimulus,42.0,8.178147249633923e-14
sub-15,stimulus,42.25,7.224717455406315e-14
sub-15,stimulus,42.5,7.273483263074395e-14
sub-15,stimulus,42.75,7.549013455944476e-14
sub-15,stimulus,43.0,7.413297643036424e-14
sub-15,stimulus,43.25,6.892849909067759e-14
sub-15,stimulus,43.5,6.879705241231361e-14
sub-15,stimulus,43.75,6.19443854767685e-14
sub-15,stimulus,44.0,6.332041675087259e-14
sub-15,stimulus,44.25,6.357231037389281e-14
sub-15,stimulus,44.5,5.6133986864245335e-14
sub-15,stimulus,44.75,4.274902341124918e-14
sub-15,stimulus,45.0,3.134701768583505e-14
sub-15,stimulus,45.25,2.210406542453307e-14
sub-15,stimulus,45.5,1.5178128859008383e-14
sub-15,stimulus,45.75,7.745388993686818e-15
sub-15,stimulus,46.0,3.204185358422833e-15
sub-15,stimulus,46.25,1.628222301221769e-15
sub-15,stimulus,46.5,7.121461943588345e-16
sub-15,stimulus,46.75,3.055549257879354e-16
sub-15,stimulus,47.0,1.1295368604051857e-16
sub-15,stimulus,47.25,3.831752455059775e-17
sub-15,stimulus,47.5,1.320087313948344e-17
sub-15,stimulus,47.75,3.4849920748658886e-18
sub-15,stimulus,48.0,9.982548224543127e-19
sub-15,stimulus,48.25,2.6166663927144084e-19
sub-15,stimulus,48.5,1.4141107273993697e-19
sub-15,stimulus,48.75,1.3829112060451852e-19
sub-15,stimulus,49.0,1.5481628057832272e-19
sub-15,stimulus,49.25,1.532792003506883e-19
sub-15,stimulus,49.5,1.1957957706878449e-19
sub-15,stimulus,49.75,1.2721577018952587e-19
sub-15,stimulus,50.0,1.3690177386380917e-19
sub-15,stimulus,50.25,1.3876842219897757e-19
sub-15,stimulus,50.5,1.4292558330159779e-19
sub-15,stimulus,50.75,1.7736437784636598e-19
sub-15,stimulus,51.0,2.0161628354554445e-19
sub-15,stimulus,51.25,1.979586476246086e-19
sub-15,stimulus,51.5,2.6449616634288654e-19
sub-15,stimulus,51.75,8.018144049733507e-19
sub-15,stimulus,52.0,1.9821798179530273e-18
sub-15,stimulus,52.25,6.291052394149561e-18
sub-15,stimulus,52.5,1.7319940703088628e-17
sub-15,stimulus,52.75,5.16601119384859e-17
sub-15,stimulus,53.0,1.3308074638999978e-16
sub-15,stimulus,53.25,3.294286099600932e-16
sub-15,stimulus,53.5,7.2981483106841e-16
sub-15,stimulus,53.75,1.491289280505097e-15
sub-15,stimulus,54.0,3.5048464510176826e-15
sub-15,stimulus,54.25,5.200572089549405e-15
sub-15,stimulus,54.5,8.953260082291558e-15
sub-15,stimulus,54.75,1.376040789064829e-14
sub-15,stimulus,55.0,1.7627516580379144e-14
sub-16,rest,25.0,1.8439153597329966e-13
sub-16,rest,25.25,1.597222390721368e-13
sub-16,rest,25.5,1.4956579342412334e-13
sub-16,rest,25.75,1.6186117468025663e-13
sub-16,rest,26.0,1.532180892085155e-13
sub-16,rest,26.25,1.571182187399065e-13
sub-16,rest,26.5,1.151112341688983e-13
sub-16,rest,26.75,1.2484835255336342e-13
sub-16,rest,27.0,1.274452025053132e-13
sub-16,rest,27.25,1.1155361334241977e-13
sub-16,rest,27.5,1.0921600376832985e-13
sub-16,rest,27.75,1.275917084010382e-13
sub-16,rest,28.0,1.1105977257072074e-13
sub-16,rest,28.25,1.0253825873254893e-13
sub-16,rest,28.5,1.0148432414594812e-13
sub-16,rest,28.75,8.822625184434069e-14
sub-16,rest,29.0,8.558855899940898e-14
sub-16,rest,29.25,8.216459098264909e-14
sub-16,rest,29.5,8.495609204602499e-14
sub-16,rest,29.75,7.981527231044135e-14
sub-16,rest,30.0,8.356160697544447e-14
sub-16,rest,30.25,8.429848281282021e-14
sub-16,rest,30.5,7.557428826611412e-14
sub-16,rest,30.75,7.425540156341461e-14
sub-16,rest,31.0,8.034495435971472e-14
sub-16,rest,31.25,6.335134492715601e-14
sub-16,rest,31.5,6.593795142433496e-14
sub-16,rest,31.75,5.350260221592703e-14
sub-16,rest,32.0,7.408136626906136e-14
sub-16,rest,32.25,7.722308531300551e-14
sub-16,rest,32.5,5.965852814771963e-14
sub-16,rest,32.75,5.492263428007585e-14
sub-16,rest,33.0,5.774692199349626e-14
sub-16,rest,33.25,5.501931837503227e-14
sub-16,rest,33.5,5.4351360984614844e-14
sub-16,rest,33.75,7.126802562845172e-14
sub-16,rest,34.0,6.148215953254362e-14
sub-16,rest,34.25,4.545641599000922e-14
sub-16,rest,34.5,4.9541436655414055e-14
sub-16,rest,34.75,5.2699508812089854e-14
sub-16,rest,35.0,6.064093717031927e-14
sub-16,rest,35.25,5.421391986734586e-14
sub-16,rest,35.5,5.0410588527731693e-14
sub-16,rest,35.75,5.763728517477371e-14
sub-16,rest,36.0,5.4218746411249264e-14
sub-16,rest,36.25,4.8643456428593145e-14
sub-16,rest,36.5,5.3224990129458824e-14
sub-16,rest,36.75,5.809173320809361e-14
sub-16,rest,37.0,5.2627571362707895e-14
sub-16,rest,37.25,4.648876094602301e-14
sub-16,rest,37.5,4.5703265112762235e-14
sub-16,rest,37.75,4.552830672724796e-14
sub-16,rest,38.0,4.507794292929221e-14
sub-16,rest,38.25,4.542606633360428e-14
sub-16,rest,38.5,6.803951328009756e-14
sub-16,rest,38.75,5.516827570440916e-14
sub-16,rest,39.0,4.679412006879484e-14
sub-16,rest,39.25,4.335558651230253e-14
sub-16,rest,39.5,4.7217850694553753e-14
sub-16,rest,39.75,3.848776329680431e-14
sub-16,rest,40.0,4.105588916277355e-14
sub-16,rest,40.25,4.854439650102763e-14
sub-16,rest,40.5,4.4332719833169753e-14
sub-16,rest,40.75,3.7228641567231426e-14
sub-16,rest,41.0,3.088209947438722e-14
sub-16,rest,41.25,3.136228978039706e-14
sub-16,rest,41.5,3.817642766905355e-14
sub-16,rest,41.75,3.341874899347408e-14
sub-16,rest,42.0,3.5224689652202576e-14
sub-16,rest,42.25,3.2243331504792456e-14
sub-16,rest,42.5,3.841007303312383e-14
sub-16,rest,42.75,3.825430930939838e-14
sub-16,rest,43.0,3.106153046149866e-14
sub-16,rest,43.25,2.953746228488002e-14
sub-16,rest,43.5,3.196276402567471e-14
sub-16,rest,43.75,3.00646181904237e-14
sub-16,rest,44.0,3.057987113949606e-14
sub-16,rest,44.25,2.7410723537577458e-14
sub-16,rest,44.5,2.510465177066808e-14
sub-16,rest,44.75,1.969761828950992e-14
sub-16,rest,45.0,1.4447613965613876e-14
sub-16,rest,45.25,9.315845997299002e-15
sub-16,rest,45.5,8.70973494543565e-15
sub-16,rest,45.75,5.2527212157863836e-15
sub-16,rest,46.0,2.928823524382719e-15
sub-16,rest,46.25,1.803433217271156e-15
sub-16,rest,46.5,8.398296785535477e-16
sub-16,rest,46.75,5.601713093116452e-16
sub-16,rest,47.0,2.807082299311056e-16
sub-16,rest,47.25,1.056164083283487e-16
sub-16,rest,47.5,9.138763891372998e-17
sub-16,rest,47.75,5.7138711777749e-17
sub-16,rest,48.0,5.925974230253663e-17
sub-16,rest,48.25,4.9062684999207725e-17
sub-16,rest,48.5,2.622959828810377e-17
sub-16,rest,48.75,1.1380411787727646e-17
sub-16,rest,49.0,8.722975308415251e-18
sub-16,rest,49.25,5.929965987654308e-18
sub-16,rest,49.5,5.132970717135162e-18
sub-16,rest,49.75,4.202489103133667e-18
sub-16,rest,50.0,2.9659378995710816e-18
sub-16,rest,50.25,3.846415658093432e-18
sub-16,rest,50.5,5.687002900395723e-18
sub-16,rest,50.75,1.0365940294638236e-17
sub-16,rest,51.0,1.5732726607859207e-17
sub-16,rest,51.25,1.5515633360082474e-17
sub-16,rest,51.5,2.9397765924204516e-17
sub-16,rest,51.75,3.310693257598733e-17
sub-16,rest,52.0,5.23216426680189e-17
sub-16,rest,52.25,7.875426727123723e-17
sub-16,rest,52.5,1.719496053010968e-16
sub-16,rest,52.75,3.255358511497711e-16
sub-16,rest,53.0,3.8521224841629753e-16
sub-16,rest,53.25,5.472148746317579e-16
sub-16,rest,53.5,7.881425866362385e-16
sub-16,rest,53.75,1.3599472274625656e-15
sub-16,rest,54.0,2.1296159753010404e-15
sub-16,rest,54.25,3.725440955244313e-15
sub-16,rest,54.5,7.004001699910356e-15
sub-16,rest,54.75,1.1592606793553356e-14
sub-16,rest,55.0,1.4245784204140937e-14
sub-16,stimulus,25.0,1.780858587781565e-13
sub-16,stimulus,25.25,1.738982394215605e-13
sub-16,stimulus,25.5,1.512688906028322e-13
sub-16,stimulus,25.75,1.4405775825474086e-13
sub-16,stimulus,26.0,1.389797586735208e-13
sub-16,stimulus,26.25,1.3813063288469703e-13
sub-16,stimulus,26.5,1.2354035620500055e-13
sub-16,stimulus,26.75,1.1937157116073676e-13
sub-16,stimulus,27.0,1.3045664469142942e-13
sub-16,stimulus,27.25,1.1891999588643413e-13
sub-16,stimulus,27.5,1.1240226760633493e-13
sub-16,stimulus,27.75,1.161666912049428e-13
sub-16,stimulus,28.0,1.0786647869076709e-13
sub-16,stimulus,28.25,1.0025462371896347e-13
sub-16,stimulus,28.5,1.0372493424264275e-13
sub-16,stimulus,28.75,1.0015728626319365e-13
sub-16,stimulus,29.0,1.0167686365749794e-13
sub-16,stimulus,29.25,1.0133766107518193e-13
sub-16,stimulus,29.5,9.368669826420883e-14
sub-16,stimulus,29.75,8.349829619585198e-14
sub-16,stimulus,30.0,8.023953039547651e-14
sub-16,stimulus,30.25,8.272804863991843e-14
sub-16,stimulus,30.5,8.064582505188684e-14
sub-16,stimulus,30.75,7.469588398065179e-14
sub-16,stimulus,31.0,7.08734782434472e-14
sub-16,stimulus,31.25,6.634105856997905e-14
sub-16,stimulus,31.5,6.342989382972722e-14
sub-16,stimulus,31.75,5.916734137911165e-14
sub-16,stimulus,32.0,6.481492329453449e-14
sub-16,stimulus,32.25,6.074560123545529e-14
sub-16,stimulus,32.5,6.231007894421749e-14
sub-16,stimulus,32.75,6.411196684821435e-14
sub-16,stimulus,33.0,6.363975451702317e-14
sub-16,stimulus,33.25,6.096521310725869e-14
sub-16,stimulus,33.5,5.871289006673356e-14
sub-16,stimulus,33.75,6.109720885277879e-14
sub-16,stimulus,34.0,5.774993674632125e-14
sub-16,stimulus,34.25,5.860283133049304e-14
sub-16,stimulus,34.5,6.315890189864656e-14
sub-16,stimulus,34.75,5.2870700379826554e-14
sub-16,stimulus,35.0,5.5264084544299843e-14
sub-16,stimulus,35.25,5.236787413610912e-14
sub-16,stimulus,35.5,6.042735776446871e-14
sub-16,stimulus,35.75,6.105631628430262e-14
sub-16,stimulus,36.0,5.008952862824977e-14
sub-16,stimulus,36.25,5.2788644396412626e-14
sub-16,stimulus,36.5,5.533165785764956e-14
sub-16,stimulus,36.75,5.401158938671548e-14
sub-16,stimulus,37.0,5.1387178711947017e-14
sub-16,stimulus,37.25,5.149511237211369e-14
sub-16,stimulus,37.5,5.104792241296645e-14
sub-16,stimulus,37.75,5.2212603492789963e-14
sub-16,stimulus,38.0,5.1444568966714485e-14
sub-16,stimulus,38.25,4.6563219056536664e-14
sub-16,stimulus,38.5,4.680578651805884e-14
sub-16,stimulus,38.75,4.761997208598697e-14
sub-16,stimulus,39.0,4.6398426313525796e-14
sub-16,stimulus,39.25,4.387929811169437e-14
sub-16,stimulus,39.5,4.4962927896943636e-14
sub-16,stimulus,39.75,5.004639478126673e-14
sub-16,stimulus,40.0,4.82133830836519e-14
sub-16,stimulus,40.25,5.106384768121055e-14
sub-16,stimulus,40.5,4.126165307492081e-14
sub-16,stimulus,40.75,3.773965464308091e-14
sub-16,stimulus,41.0,4.024672293568145e-14
sub-16,stimulus,41.25,3.6888889352427723e-14
sub-16,stimulus,41.5,3.9809748492105914e-14
sub-16,stimulus,41.75,4.426552071147377e-14
sub-16,stimulus,42.0,3.484522028065236e-14
sub-16,stimulus,42.25,3.823191729101293e-14
sub-16,stimulus,42.5,3.524743519063349e-14
sub-16,stimulus,42.75,3.4487002216701754e-14
sub-16,stimulus,43.0,3.3598312270925826e-14
sub-16,stimulus,43.25,3.7262862498708726e-14
sub-16,stimulus,43.5,2.8294419142622882e-14
sub-16,stimulus,43.75,3.272505577601007e-14
sub-16,stimulus,44.0,2.731749640757576e-14
sub-16,stimulus,44.25,2.6766138860505808e-14
sub-16,stimulus,44.5,2.2385676547029235e-14
sub-16,stimulus,44.75,2.1770941133510236e-14
sub-16,stimulus,45.0,1.7884247208879403e-14
sub-16,stimulus,45.25,1.601417423061494e-14
sub-16,stimulus,45.5,9.518015978865898e-15
sub-16,stimulus,45.75,4.772336509301822e-15
sub-16,stimulus,46.0,2.8881030808664635e-15
sub-16,stimulus,46.25,1.927557872264708e-15
sub-16,stimulus,46.5,1.1929681832051504e-15
sub-16,stimulus,46.75,6.13242145620172e-16
sub-16,stimulus,47.0,4.268098838290251e-16
sub-16,stimulus,47.25,2.301914743933592e-16
sub-16,stimulus,47.5,1.1644431274300943e-16
sub-16,stimulus,47.75,6.147848938377793e-17
sub-16,stimulus,48.0,3.5978829263153017e-17
sub-16,stimulus,48.25,3.741693022245866e-17
sub-16,stimulus,48.5,3.028209775447401e-17
sub-16,stimulus,48.75,1.331566335326748e-17
sub-16,stimulus,49.0,7.744242787476213e-18
sub-16,stimulus,49.25,5.158179698678285e-18
sub-16,stimulus,49.5,3.8366616228209176e-18
sub-16,stimulus,49.75,3.305525419124141e-18
sub-16,stimulus,50.0,2.0086204251538297e-18
sub-16,stimulus,50.25,2.8081141190264598e-18
sub-16,stimulus,50.5,4.461376864181495e-18
sub-16,stimulus,50.75,5.7345809077553454e-18
sub-16,stimulus,51.0,7.918863788509415e-18
sub-16,stimulus,51.25,1.932172402925288e-17
sub-16,stimulus,51.5,3.31801963072761e-17
sub-16,stimulus,51.75,6.143168634916897e-17
sub-16,stimulus,52.0,9.121489299436063e-17
sub-16,stimulus,52.25,1.386788617850937e-16
sub-16,stimulus,52.5,2.1939760553612946e-16
sub-16,stimulus,52.75,3.181901279210229e-16
sub-16,stimulus,53.0,4.201063918897298e-16
sub-16,stimulus,53.25,4.990959425145501e-16
sub-16,stimulus,53.5,9.626495581712546e-16
sub-16,stimulus,53.75,1.6790298187467073e-15
sub-16,stimulus,54.0,2.5456259161748993e-15
sub-16,stimulus,54.25,3.9268690674609116e-15
sub-16,stimulus,54.5,5.333334849158302e-15
sub-16,stimulus,54.75,9.233507423321718e-15
sub-16,stimulus,55.0,1.1697537794421641e-14
sub-17,rest,25.0,6.101821611264359e-14
sub-17,rest,25.25,6.145784359893807e-14
sub-17,rest,25.5,5.566085008371749e-14
sub-17,rest,25.75,5.852717635773916e-14
sub-17,rest,26.0,5.238863500490604e-14
sub-17,rest,26.25,4.7283322049939814e-14
sub-17,rest,26.5,3.988192421714275e-14
sub-17,rest,26.75,3.380527250382787e-14
sub-17,rest,27.0,3.380125276019123e-14
sub-17,rest,27.25,3.3687165570758446e-14
sub-17,rest,27.5,3.803568262887592e-14
sub-17,rest,27.75,3.6902206785542104e-14
sub-17,rest,28.0,3.0851346648917346e-14
sub-17,rest,28.25,3.174541965951223e-14
sub-17,rest,28.5,2.718077449813545e-14
sub-17,rest,28.75,2.415620783120375e-14
sub-17,rest,29.0,2.631177889769025e-14
sub-17,rest,29.25,2.3598693542059094e-14
sub-17,rest,29.5,1.932233370649104e-14
sub-17,rest,29.75,2.2339505768265653e-14
sub-17,rest,30.0,2.162000615474253e-14
sub-17,rest,30.25,2.120278422966688e-14
sub-17,rest,30.5,2.059660420955079e-14
sub-17,rest,30.75,2.2132786401502142e-14
sub-17,rest,31.0,2.037074336483247e-14
sub-17,rest,31.25,1.8137619183600666e-14
sub-17,rest,31.5,1.5692093953057648e-14
sub-17,rest,31.75,1.752332779817607e-14
sub-17,rest,32.0,1.4778278359249953e-14
sub-17,rest,32.25,1.3893456092841164e-14
sub-17,rest,32.5,1.3530310289275802e-14
sub-17,rest,32.75,1.5301822126457655e-14
sub-17,rest,33.0,1.3148862595805675e-14
sub-17,rest,33.25,1.3625796556903867e-14
sub-17,rest,33.5,1.2305522227489324e-14
sub-17,rest,33.75,1.381174265825328e-14
sub-17,rest,34.0,1.3614189263741648e-14
sub-17,rest,34.25,1.291255331899169e-14
sub-17,rest,34.5,1.4764561691447714e-14
sub-17,rest,34.75,1.3270360394165416e-14
sub-17,rest,35.0,1.1067710859730065e-14
sub-17,rest,35.25,1.142168086136182e-14
sub-17,rest,35.5,1.4149819255966099e-14
sub-17,rest,35.75,1.3172175189727323e-14
sub-17,rest,36.0,1.3135616591916774e-14
sub-17,rest,36.25,1.1748759429539797e-14
sub-17,rest,36.5,1.3988751528168511e-14
sub-17,rest,36.75,1.5374153746947784e-14
sub-17,rest,37.0,1.4074998687443666e-14
sub-17,rest,37.25,1.340666051629417e-14
sub-17,rest,37.5,1.4165531767853065e-14
sub-17,rest,37.75,1.1791475660098748e-14
sub-17,rest,38.0,1.066449570097668e-14
sub-17,rest,38.25,1.0594767111585567e-14
sub-17,rest,38.5,1.3285786608819155e-14
sub-17,rest,38.75,9.976820435570322e-15
sub-17,rest,39.0,1.0624617919228372e-14
sub-17,rest,39.25,9.211059146534676e-15
sub-17,rest,39.5,9.502744566092864e-15
sub-17,rest,39.75,8.832920982859444e-15
sub-17,rest,40.0,1.082635464755466e-14
sub-17,rest,40.25,1.4543300031004215e-14
sub-17,rest,40.5,1.4852059797633675e-14
sub-17,rest,40.75,1.1033795437842241e-14
sub-17,rest,41.0,1.2406083795324873e-14
sub-17,rest,41.25,1.2156632248814864e-14
sub-17,rest,41.5,1.049178482868181e-14
sub-17,rest,41.75,1.1353444465247946e-14
sub-17,rest,42.0,1.0866645967275997e-14
sub-17,rest,42.25,1.3036050013108074e-14
sub-17,rest,42.5,1.3062296211730901e-14
sub-17,rest,42.75,1.1451121069099767e-14
sub-17,rest,43.0,1.372384691769601e-14
sub-17,rest,43.25,1.2299750329747742e-14
sub-17,rest,43.5,1.2387006359671573e-14
sub-17,rest,43.75,1.162121431936873e-14
sub-17,rest,44.0,1.0498865875717445e-14
sub-17,rest,44.25,1.0957627964399322e-14
sub-17,rest,44.5,8.448667015149233e-15
sub-17,rest,44.75,5.813701321192928e-15
sub-17,rest,45.0,4.70406763756323e-15
sub-17,rest,45.25,3.888018366926716e-15
sub-17,rest,45.5,2.460779555053667e-15
sub-17,rest,45.75,1.4142147864969623e-15
sub-17,rest,46.0,7.423992125440416e-16
sub-17,rest,46.25,5.309896593976296e-16
sub-17,rest,46.5,2.2623857495673666e-16
sub-17,rest,46.75,1.0452632212951611e-16
sub-17,rest,47.0,5.689316215516412e-17
sub-17,rest,47.25,3.322603825679872e-17
sub-17,rest,47.5,1.8524544870552293e-17
sub-17,rest,47.75,1.117622496480273e-17
sub-17,rest,48.0,5.697925054312292e-18
sub-17,rest,48.25,3.304683913579707e-18
sub-17,rest,48.5,2.367104642562549e-18
sub-17,rest,48.75,1.5427196885709575e-18
sub-17,rest,49.0,9.381297199199303e-19
sub-17,rest,49.25,7.718587275715527e-19
sub-17,rest,49.5,6.142040432252029e-19
sub-17,rest,49.75,4.561640290966631e-19
sub-17,rest,50.0,4.886598410876153e-19
sub-17,rest,50.25,5.294292088259311e-19
sub-17,rest,50.5,6.431886572519889e-19
sub-17,rest,50.75,1.1940883544923672e-18
sub-17,rest,51.0,1.3647238986917458e-18
sub-17,rest,51.25,2.613524986287086e-18
sub-17,rest,51.5,3.8751849530531315e-18
sub-17,rest,51.75,7.36936554596264e-18
sub-17,rest,52.0,1.1193894306822112e-17
sub-17,rest,52.25,1.7068562143770537e-17
sub-17,rest,52.5,3.3737755156499494e-17
sub-17,rest,52.75,5.155967099978093e-17
sub-17,rest,53.0,1.0338576305528733e-16
sub-17,rest,53.25,1.7706828547798788e-16
sub-17,rest,53.5,3.2991804509536e-16
sub-17,rest,53.75,6.100127232421248e-16
sub-17,rest,54.0,1.0499019056568723e-15
sub-17,rest,54.25,1.9553851106647673e-15
sub-17,rest,54.5,2.9931877671609145e-15
sub-17,rest,54.75,4.505164303493063e-15
sub-17,rest,55.0,5.7603959642335674e-15
sub-17,stimulus,25.0,7.743629608844101e-14
sub-17,stimulus,25.25,6.558945646774147e-14
sub-17,stimulus,25.5,6.71148820494719e-14
sub-17,stimulus,25.75,5.418048634900228e-14
sub-17,stimulus,26.0,5.5551984031552275e-14
sub-17,stimulus,26.25,5.5919202031311973e-14
sub-17,stimulus,26.5,5.002304899616389e-14
sub-17,stimulus,26.75,5.139251874159676e-14
sub-17,stimulus,27.0,4.348054504967718e-14
sub-17,stimulus,27.25,3.619126500035184e-14
sub-17,stimulus,27.5,3.0055246745678865e-14
sub-17,stimulus,27.75,3.2890724245378556e-14
sub-17,stimulus,28.0,3.000303859738111e-14
sub-17,stimulus,28.25,2.6089096014995303e-14
sub-17,stimulus,28.5,2.7010166572445592e-14
sub-17,stimulus,28.75,2.7146824048297072e-14
sub-17,stimulus,29.0,2.3677776695775908e-14
sub-17,stimulus,29.25,2.3166154153451024e-14
sub-17,stimulus,29.5,2.5435438366482345e-14
sub-17,stimulus,29.75,2.4932377205179704e-14
sub-17,stimulus,30.0,2.0615908567369283e-14
sub-17,stimulus,30.25,1.7466614499158728e-14
sub-17,stimulus,30.5,1.9010680045401592e-14
sub-17,stimulus,30.75,1.901449072020401e-14
sub-17,stimulus,31.0,1.6618514167866135e-14
sub-17,stimulus,31.25,1.763065750414342e-14
sub-17,stimulus,31.5,1.7310381787453986e-14
sub-17,stimulus,31.75,1.7395536515428623e-14
sub-17,stimulus,32.0,1.8271074206791767e-14
sub-17,stimulus,32.25,1.763804105204337e-14
sub-17,stimulus,32.5,1.65148873200179e-14
sub-17,stimulus,32.75,1.5519693276211434e-14
sub-17,stimulus,33.0,1.3773127612184187e-14
sub-17,stimulus,33.25,1.3519779300588085e-14
sub-17,stimulus,33.5,1.3262007643944854e-14
sub-17,stimulus,33.75,1.3953287074418493e-14
sub-17,stimulus,34.0,1.3480590237905755e-14
sub-17,stimulus,34.25,1.4116980098266773e-14
sub-17,stimulus,34.5,1.3506937145164308e-14
sub-17,stimulus,34.75,1.2911811704504288e-14
sub-17,stimulus,35.0,1.3886277398611751e-14
sub-17,stimulus,35.25,1.2499812334033548e-14
sub-17,stimulus,35.5,1.3826801181528249e-14
sub-17,stimulus,35.75,1.3205048235804099e-14
sub-17,stimulus,36.0,1.2346872141248098e-14
sub-17,stimulus,36.25,1.3327566726342471e-14
sub-17,stimulus,36.5,1.2277871473265594e-14
sub-17,stimulus,36.75,1.1811719052322284e-14
sub-17,stimulus,37.0,1.0562089050897975e-14
sub-17,stimulus,37.25,1.1251784335936347e-14
sub-17,stimulus,37.5,1.3408392836018126e-14
sub-17,stimulus,37.75,1.3794958988100365e-14
sub-17,stimulus,38.0,1.1745074633472158e-14
sub-17,stimulus,38.25,1.349135096585278e-14
sub-17,stimulus,38.5,1.3218350338534217e-14
sub-17,stimulus,38.75,1.2409389316252018e-14
sub-17,stimulus,39.0,1.1247499654120203e-14
sub-17,stimulus,39.25,1.2682852771614667e-14
sub-17,stimulus,39.5,1.421177346093253e-14
sub-17,stimulus,39.75,2.2318855534770765e-14
sub-17,stimulus,40.0,4.5482792524968594e-14
sub-17,stimulus,40.25,2.3850273153702292e-14
sub-17,stimulus,40.5,1.411870794108025e-14
sub-17,stimulus,40.75,1.2906426186303387e-14
sub-17,stimulus,41.0,1.0160605941287953e-14
sub-17,stimulus,41.25,1.1149882279358193e-14
sub-17,stimulus,41.5,1.2589059414259625e-14
sub-17,stimulus,41.75,1.3336217998309893e-14
sub-17,stimulus,42.0,1.430079273458008e-14
sub-17,stimulus,42.25,1.3873686182918215e-14
sub-17,stimulus,42.5,1.1594302716686403e-14
sub-17,stimulus,42.75,1.2267159693818553e-14
sub-17,stimulus,43.0,1.1229957361784141e-14
sub-17,stimulus,43.25,9.489508334373108e-15
sub-17,stimulus,43.5,1.0506165936997125e-14
sub-17,stimulus,43.75,1.30332374810588e-14
sub-17,stimulus,44.0,1.044317185277867e-14
sub-17,stimulus,44.25,9.618294372942407e-15
sub-17,stimulus,44.5,9.20117798747724e-15
sub-17,stimulus,44.75,8.400293281631426e-15
sub-17,stimulus,45.0,6.042311578892901e-15
sub-17,stimulus,45.25,4.54022171056121e-15
sub-17,stimulus,45.5,2.5634304811584437e-15
sub-17,stimulus,45.75,1.6377862495825437e-15
sub-17,stimulus,46.0,7.415688904667243e-16
sub-17,stimulus,46.25,4.415625671281591e-16
sub-17,stimulus,46.5,2.4540504999760456e-16
sub-17,stimulus,46.75,1.4228727555087053e-16
sub-17,stimulus,47.0,8.002792414234021e-17
sub-17,stimulus,47.25,2.569189928742938e-17
sub-17,stimulus,47.5,1.5083564435583195e-17
sub-17,stimulus,47.75,8.197334800750106e-18
sub-17,stimulus,48.0,7.361902866182963e-18
sub-17,stimulus,48.25,4.4521178261774686e-18
sub-17,stimulus,48.5,3.055901071779018e-18
sub-17,stimulus,48.75,2.097049973562215e-18
sub-17,stimulus,49.0,1.0756808117330622e-18
sub-17,stimulus,49.25,6.346271336179259e-19
sub-17,stimulus,49.5,4.2230332757011758e-19
sub-17,stimulus,49.75,2.4899697593501385e-19
sub-17,stimulus,50.0,3.5865618342422806e-19
sub-17,stimulus,50.25,4.010746966780892e-19
sub-17,stimulus,50.5,4.759550575048431e-19
sub-17,stimulus,50.75,7.392442357410823e-19
sub-17,stimulus,51.0,8.968149473318271e-19
sub-17,stimulus,51.25,1.3164668345329173e-18
sub-17,stimulus,51.5,2.4395984435849495e-18
sub-17,stimulus,51.75,4.091338099333355e-18
sub-17,stimulus,52.0,6.6699548190643186e-18
sub-17,stimulus,52.25,1.4963761025334468e-17
sub-17,stimulus,52.5,2.3379991134483072e-17
sub-17,stimulus,52.75,4.323196201919932e-17
sub-17,stimulus,53.0,9.905134431971898e-17
sub-17,stimulus,53.25,1.8478058626346806e-16
sub-17,stimulus,53.5,2.530098469181976e-16
sub-17,stimulus,53.75,5.967440583403202e-16
sub-17,stimulus,54.0,1.0366072502090775e-15
sub-17,stimulus,54.25,1.8069044195733235e-15
sub-17,stimulus,54.5,2.8674395453824082e-15
sub-17,stimulus,54.75,4.253436086114821e-15
sub-17,stimulus,55.0,5.800539941263462e-15
sub-18,rest,25.0,2.719183691210895e-13
sub-18,rest,25.25,3.2163936712493287e-13
sub-18,rest,25.5,2.65009371617461e-13
sub-18,rest,25.75,2.1918001349677474e-13
sub-18,rest,26.0,2.1582818826761607e-13
sub-18,rest,26.25,2.0124611589878714e-13
sub-18,rest,26.5,1.9356219975695478e-13
sub-18,rest,26.75,1.9026857459304356e-13
sub-18,rest,27.0,2.0809167944128688e-13
sub-18,rest,27.25,1.7053014805127836e-13
sub-18,rest,27.5,1.1705601155114985e-13
sub-18,rest,27.75,1.7015997536207028e-13
sub-18,rest,28.0,1.3912854014215614e-13
sub-18,rest,28.25,1.356557466301701e-13
sub-18,rest,28.5,1.1902284253743472e-13
sub-18,rest,28.75,1.1597652266879323e-13
sub-18,rest,29.0,1.1339012313699711e-13
sub-18,rest,29.25,7.844012376374198e-14
sub-18,rest,29.5,9.091741323101231e-14
sub-18,rest,29.75,1.0202044264775173e-13
sub-18,rest,30.0,1.1266759588865342e-13
sub-18,rest,30.25,8.523990039915763e-14
sub-18,rest,30.5,6.680284668563169e-14
sub-18,rest,30.75,7.059940932871513e-14
sub-18,rest,31.0,7.430849799846314e-14
sub-18,rest,31.25,7.229828001909148e-14
sub-18,rest,31.5,6.39287983230662e-14
sub-18,rest,31.75,7.052799712419819e-14
sub-18,rest,32.0,5.986273664259953e-14
sub-18,rest,32.25,5.981506273638324e-14
sub-18,rest,32.5,5.99021848011098e-14
sub-18,rest,32.75,5.586471418934415e-14
sub-18,rest,33.0,5.180916704527803e-14
sub-18,rest,33.25,7.057028298922358e-14
sub-18,rest,33.5,5.811384653008688e-14
sub-18,rest,33.75,5.6438015409312403e-14
sub-18,rest,34.0,4.5500958818465075e-14
sub-18,rest,34.25,5.862559933838863e-14
sub-18,rest,34.5,4.8059418592008836e-14
sub-18,rest,34.75,5.2758018623773886e-14
sub-18,rest,35.0,5.4779726734542815e-14
sub-18,rest,35.25,5.4037668349074106e-14
sub-18,rest,35.5,4.7243749818028554e-14
sub-18,rest,35.75,4.820293308299349e-14
sub-18,rest,36.0,4.7055133307610387e-14
sub-18,rest,36.25,4.571344915916317e-14
sub-18,rest,36.5,4.971217444643494e-14
sub-18,rest,36.75,4.144752088804966e-14
sub-18,rest,37.0,3.8113705562799336e-14
sub-18,rest,37.25,4.0359429671936825e-14
sub-18,rest,37.5,4.549146966662345e-14
sub-18,rest,37.75,4.7511549145229075e-14
sub-18,rest,38.0,5.0354867183338705e-14
sub-18,rest,38.25,4.911136138476013e-14
sub-18,rest,38.5,5.627537428464184e-14
sub-18,rest,38.75,4.0655922489305835e-14
sub-18,rest,39.0,4.162258011122663e-14
sub-18,rest,39.25,4.406563510487944e-14
sub-18,rest,39.5,5.2215418638223594e-14
sub-18,rest,39.75,4.799613559683761e-14
sub-18,rest,40.0,4.9719945673421353e-14
sub-18,rest,40.25,4.485612407243096e-14
sub-18,rest,40.5,4.2500303199253925e-14
sub-18,rest,40.75,4.99101735508315e-14
sub-18,rest,41.0,4.0912237622302133e-14
sub-18,rest,41.25,4.8035095139604294e-14
sub-18,rest,41.5,4.0521392297149466e-14
sub-18,rest,41.75,4.751257911786189e-14
sub-18,rest,42.0,4.715654297954256e-14
sub-18,rest,42.25,4.423648821813207e-14
sub-18,rest,42.5,4.200621187766633e-14
sub-18,rest,42.75,4.922480888034027e-14
sub-18,rest,43.0,4.657576048112702e-14
sub-18,rest,43.25,4.331800499529482e-14
sub-18,rest,43.5,4.697761989633548e-14
sub-18,rest,43.75,4.2260541117149636e-14
sub-18,rest,44.0,4.283209189456447e-14
sub-18,rest,44.25,3.4805560926904947e-14
sub-18,rest,44.5,3.0957574010860106e-14
sub-18,rest,44.75,2.681060539496282e-14
sub-18,rest,45.0,2.1782477528949752e-14
sub-18,rest,45.25,1.4884438078278937e-14
sub-18,rest,45.5,1.072699657473969e-14
sub-18,rest,45.75,6.199754509147274e-15
sub-18,rest,46.0,3.595746358340301e-15
sub-18,rest,46.25,1.6857767357603804e-15
sub-18,rest,46.5,9.610851331594302e-16
sub-18,rest,46.75,3.981324464453665e-16
sub-18,rest,47.0,1.7390145571912536e-16
sub-18,rest,47.25,1.1378574920602298e-16
sub-18,rest,47.5,4.777338456286574e-17
sub-18,rest,47.75,3.009537935867395e-17
sub-18,rest,48.0,1.593833777967511e-17
sub-18,rest,48.25,9.968435372938407e-18
sub-18,rest,48.5,6.231601699216219e-18
sub-18,rest,48.75,4.5544464088543245e-18
sub-18,rest,49.0,2.9920462006649272e-18
sub-18,rest,49.25,1.5439117260322756e-18
sub-18,rest,49.5,1.0765212110186693e-18
sub-18,rest,49.75,9.114720143655025e-19
sub-18,rest,50.0,8.622845487454597e-19
sub-18,rest,50.25,9.434967730217581e-19
sub-18,rest,50.5,1.3739206350414006e-18
sub-18,rest,50.75,2.2697352652764444e-18
sub-18,rest,51.0,3.4121928746733604e-18
sub-18,rest,51.25,4.319923492809932e-18
sub-18,rest,51.5,6.643783303757334e-18
sub-18,rest,51.75,1.3113554070867019e-17
sub-18,rest,52.0,2.1786732188708678e-17
sub-18,rest,52.25,3.462929400443114e-17
sub-18,rest,52.5,6.81178610300297e-17
sub-18,rest,52.75,9.574811004351402e-17
sub-18,rest,53.0,2.507805121089177e-16
sub-18,rest,53.25,5.001674936193067e-16
sub-18,rest,53.5,7.340754723109297e-16
sub-18,rest,53.75,1.5219469995225405e-15
sub-18,rest,54.0,3.1842238451913623e-15
sub-18,rest,54.25,6.171746184221665e-15
sub-18,rest,54.5,1.0154803379805772e-14
sub-18,rest,54.75,1.2082696027543133e-14
sub-18,rest,55.0,2.0893147375415984e-14
sub-18,stimulus,25.0,3.109905952120258e-13
sub-18,stimulus,25.25,2.7372653294110286e-13
sub-18,stimulus,25.5,2.1999230104243778e-13
sub-18,stimulus,25.75,2.2691517690756672e-13
sub-18,stimulus,26.0,2.5689533568643006e-13
sub-18,stimulus,26.25,2.1732701838558995e-13
sub-18,stimulus,26.5,2.342669755868042e-13
sub-18,stimulus,26.75,1.8903376865570263e-13
sub-18,stimulus,27.0,1.87328417407975e-13
sub-18,stimulus,27.25,1.7898887337958598e-13
sub-18,stimulus,27.5,1.7559758565455127e-13
sub-18,stimulus,27.75,1.616161349013316e-13
sub-18,stimulus,28.0,1.6071234347584692e-13
sub-18,stimulus,28.25,1.4773581042686823e-13
sub-18,stimulus,28.5,1.340109959543427e-13
sub-18,stimulus,28.75,1.1498160649556866e-13
sub-18,stimulus,29.0,1.08613650283298e-13
sub-18,stimulus,29.25,9.737046328017819e-14
sub-18,stimulus,29.5,1.0798199899118773e-13
sub-18,stimulus,29.75,9.422782831650133e-14
sub-18,stimulus,30.0,7.676537153745252e-14
sub-18,stimulus,30.25,8.245773336297947e-14
sub-18,stimulus,30.5,8.164103684920254e-14
sub-18,stimulus,30.75,8.526077728817527e-14
sub-18,stimulus,31.0,7.4035217347051e-14
sub-18,stimulus,31.25,7.734191387571139e-14
sub-18,stimulus,31.5,8.177870644450262e-14
sub-18,stimulus,31.75,7.877482027559598e-14
sub-18,stimulus,32.0,7.364539724071075e-14
sub-18,stimulus,32.25,6.921611703555108e-14
sub-18,stimulus,32.5,6.953831476866051e-14
sub-18,stimulus,32.75,6.09537422335307e-14
sub-18,stimulus,33.0,6.348700006519179e-14
sub-18,stimulus,33.25,6.111575495621695e-14
sub-18,stimulus,33.5,6.518751232532209e-14
sub-18,stimulus,33.75,6.952513076596535e-14
sub-18,stimulus,34.0,6.362528537602696e-14
sub-18,stimulus,34.25,5.876359611046035e-14
sub-18,stimulus,34.5,5.478193636693373e-14
sub-18,stimulus,34.75,5.450472432616671e-14
sub-18,stimulus,35.0,6.110462225813094e-14
sub-18,stimulus,35.25,5.3787881515087536e-14
sub-18,stimulus,35.5,4.886414811251145e-14
sub-18,stimulus,35.75,5.603335650831093e-14
sub-18,stimulus,36.0,5.534379648647664e-14
sub-18,stimulus,36.25,5.1123596522180844e-14
sub-18,stimulus,36.5,5.4781491115804753e-14
sub-18,stimulus,36.75,5.591772336799534e-14
sub-18,stimulus,37.0,5.0476525221878903e-14
sub-18,stimulus,37.25,4.580091581460127e-14
sub-18,stimulus,37.5,4.873263421190669e-14
sub-18,stimulus,37.75,4.4402974947086523e-14
sub-18,stimulus,38.0,4.660114351480925e-14
sub-18,stimulus,38.25,4.9483246256517665e-14
sub-18,stimulus,38.5,4.6604547429624674e-14
sub-18,stimulus,38.75,4.4931491980127875e-14
sub-18,stimulus,39.0,5.828393383192367e-14
sub-18,stimulus,39.25,5.961868634479968e-14
sub-18,stimulus,39.5,4.331233514707242e-14
sub-18,stimulus,39.75,5.784656257291975e-14
sub-18,stimulus,40.0,8.008808398132718e-14
sub-18,stimulus,40.25,5.129633590538738e-14
sub-18,stimulus,40.5,4.9795189590131194e-14
sub-18,stimulus,40.75,5.1501685168650195e-14
sub-18,stimulus,41.0,5.176202226935407e-14
sub-18,stimulus,41.25,4.776812953501378e-14
sub-18,stimulus,41.5,4.432577932800523e-14
sub-18,stimulus,41.75,4.443146020689928e-14
sub-18,stimulus,42.0,4.63885339995515e-14
sub-18,stimulus,42.25,4.7117352842288134e-14
sub-18,stimulus,42.5,5.079514566690887e-14
sub-18,stimulus,42.75,4.1741900638847196e-14
sub-18,stimulus,43.0,4.429977201755217e-14
sub-18,stimulus,43.25,4.83973900735216e-14
sub-18,stimulus,43.5,4.986625767418169e-14
sub-18,stimulus,43.75,4.570287398966516e-14
sub-18,stimulus,44.0,3.881826675547446e-14
sub-18,stimulus,44.25,3.7244837189581363e-14
sub-18,stimulus,44.5,3.5740228893389226e-14
sub-18,stimulus,44.75,3.286161828919779e-14
sub-18,stimulus,45.0,2.4190043775963396e-14
sub-18,stimulus,45.25,1.3893380099346732e-14
sub-18,stimulus,45.5,1.1199396439856342e-14
sub-18,stimulus,45.75,6.1905723808278514e-15
sub-18,stimulus,46.0,3.151242107582923e-15
sub-18,stimulus,46.25,1.6345012550503025e-15
sub-18,stimulus,46.5,7.414662292816913e-16
sub-18,stimulus,46.75,3.3580746150785727e-16
sub-18,stimulus,47.0,1.6892087285415647e-16
sub-18,stimulus,47.25,7.668429905216867e-17
sub-18,stimulus,47.5,4.2332953331072317e-17
sub-18,stimulus,47.75,2.4076828823176832e-17
sub-18,stimulus,48.0,1.783085189794835e-17
sub-18,stimulus,48.25,1.2337791118538799e-17
sub-18,stimulus,48.5,6.509828846070003e-18
sub-18,stimulus,48.75,3.695233312014413e-18
sub-18,stimulus,49.0,2.5903456072551535e-18
sub-18,stimulus,49.25,1.5728016476012126e-18
sub-18,stimulus,49.5,1.2881785702373654e-18
sub-18,stimulus,49.75,1.0636641524764821e-18
sub-18,stimulus,50.0,8.330882971250573e-19
sub-18,stimulus,50.25,9.948324380075239e-19
sub-18,stimulus,50.5,1.4976968409047725e-18
sub-18,stimulus,50.75,2.116095693060372e-18
sub-18,stimulus,51.0,3.312113931739394e-18
sub-18,stimulus,51.25,4.915834469181897e-18
sub-18,stimulus,51.5,7.983896593172664e-18
sub-18,stimulus,51.75,1.0318090074783964e-17
sub-18,stimulus,52.0,2.0920347867298594e-17
sub-18,stimulus,52.25,4.1385095134124554e-17
sub-18,stimulus,52.5,8.381567921262754e-17
sub-18,stimulus,52.75,1.2926328252413683e-16
sub-18,stimulus,53.0,2.1547152410690224e-16
sub-18,stimulus,53.25,4.2241998796373935e-16
sub-18,stimulus,53.5,9.023156084944685e-16
sub-18,stimulus,53.75,1.883880202342733e-15
sub-18,stimulus,54.0,2.9802287760916862e-15
sub-18,stimulus,54.25,5.018124767523621e-15
sub-18,stimulus,54.5,8.49287767851885e-15
sub-18,stimulus,54.75,1.27735502107027e-14
sub-18,stimulus,55.0,1.630320313452074e-14
sub-19,rest,25.0,4.4021720594320295e-13
sub-19,rest,25.25,3.895783645141454e-13
sub-19,rest,25.5,5.024405369990439e-13
sub-19,rest,25.75,3.71727796824149e-13
sub-19,rest,26.0,3.9775660398548455e-13
sub-19,rest,26.25,3.314604832854138e-13
sub-19,rest,26.5,2.925139479545755e-13
sub-19,rest,26.75,3.248736053881974e-13
sub-19,rest,27.0,3.121489524258771e-13
sub-19,rest,27.25,2.4528057945096317e-13
sub-19,rest,27.5,2.332729719275084e-13
sub-19,rest,27.75,1.8274909656832684e-13
sub-19,rest,28.0,1.7611883058434641e-13
sub-19,rest,28.25,1.778855017662476e-13
sub-19,rest,28.5,1.570150966222409e-13
sub-19,rest,28.75,1.4758783778478772e-13
sub-19,rest,29.0,1.419122598292762e-13
sub-19,rest,29.25,1.4156331572896848e-13
sub-19,rest,29.5,1.2768119575966604e-13
sub-19,rest,29.75,1.1077335866215771e-13
sub-19,rest,30.0,1.2006690459107516e-13
sub-19,rest,30.25,1.318948127236016e-13
sub-19,rest,30.5,9.694051585481869e-14
sub-19,rest,30.75,1.1324907352205777e-13
sub-19,rest,31.0,1.0060662889989878e-13
sub-19,rest,31.25,8.487327738991416e-14
sub-19,rest,31.5,8.840745764590055e-14
sub-19,rest,31.75,8.850877018012433e-14
sub-19,rest,32.0,9.392435924665839e-14
sub-19,rest,32.25,8.412822462169258e-14
sub-19,rest,32.5,7.428459240869729e-14
sub-19,rest,32.75,6.885239334131636e-14
sub-19,rest,33.0,7.279070300422851e-14
sub-19,rest,33.25,7.573653482027677e-14
sub-19,rest,33.5,6.789836576591101e-14
sub-19,rest,33.75,6.098567916881815e-14
sub-19,rest,34.0,7.486775814472664e-14
sub-19,rest,34.25,7.524319205068733e-14
sub-19,rest,34.5,7.317641924913238e-14
sub-19,rest,34.75,6.379362282750332e-14
sub-19,rest,35.0,6.641338836799068e-14
sub-19,rest,35.25,7.288927222510143e-14
sub-19,rest,35.5,6.360579008400632e-14
sub-19,rest,35.75,5.996875489295112e-14
sub-19,rest,36.0,6.876706160293713e-14
sub-19,rest,36.25,6.276094323297058e-14
sub-19,rest,36.5,7.34881211658436e-14
sub-19,rest,36.75,5.522811917300647e-14
sub-19,rest,37.0,6.054951597837591e-14
sub-19,rest,37.25,5.457812010325833e-14
sub-19,rest,37.5,5.526681216280233e-14
sub-19,rest,37.75,6.372213151924734e-14
sub-19,rest,38.0,7.095604383743898e-14
sub-19,rest,38.25,7.209072549119745e-14
sub-19,rest,38.5,6.179824612359951e-14
sub-19,rest,38.75,7.864221981283245e-14
sub-19,rest,39.0,6.626088126733491e-14
sub-19,rest,39.25,6.139298434352504e-14
sub-19,rest,39.5,5.515730306445506e-14
sub-19,rest,39.75,6.26089444789293e-14
sub-19,rest,40.0,8.778038436203878e-14
sub-19,rest,40.25,7.073137131272269e-14
sub-19,rest,40.5,5.4745712421562316e-14
sub-19,rest,40.75,6.643122992977281e-14
sub-19,rest,41.0,7.402307967025076e-14
sub-19,rest,41.25,6.301879693906047e-14
sub-19,rest,41.5,6.672712527255557e-14
sub-19,rest,41.75,6.983502141935154e-14
sub-19,rest,42.0,6.67040867772726e-14
sub-19,rest,42.25,7.534440519002976e-14
sub-19,rest,42.5,6.828677410545321e-14
sub-19,rest,42.75,5.5437914866657344e-14
sub-19,rest,43.0,5.506188584427241e-14
sub-19,rest,43.25,6.124947301754278e-14
sub-19,rest,43.5,6.780188514706279e-14
sub-19,rest,43.75,7.355620885912203e-14
sub-19,rest,44.0,6.562153717800953e-14
sub-19,rest,44.25,5.912080002512999e-14
sub-19,rest,44.5,5.214428239036241e-14
sub-19,rest,44.75,4.465342592443931e-14
sub-19,rest,45.0,3.2879004767972005e-14
sub-19,rest,45.25,2.3483408459027763e-14
sub-19,rest,45.5,1.5275603102729836e-14
sub-19,rest,45.75,7.404616192408445e-15
sub-19,rest,46.0,3.71480937131728e-15
sub-19,rest,46.25,2.1685517160811274e-15
sub-19,rest,46.5,1.3706104768218249e-15
sub-19,rest,46.75,5.137676539012375e-16
sub-19,rest,47.0,1.9670812201753581e-16
sub-19,rest,47.25,6.272027019878071e-17
sub-19,rest,47.5,2.388547103843772e-17
sub-19,rest,47.75,9.983577016498082e-18
sub-19,rest,48.0,4.0719769499688005e-18
sub-19,rest,48.25,2.3629429630044825e-18
sub-19,rest,48.5,1.5645318905948862e-18
sub-19,rest,48.75,1.112082902362379e-18
sub-19,rest,49.0,6.580159676240064e-19
sub-19,rest,49.25,4.70229469828187e-19
sub-19,rest,49.5,2.9883273252419965e-19
sub-19,rest,49.75,2.17955425437429e-19
sub-19,rest,50.0,1.7976474953542725e-19
sub-19,rest,50.25,2.1536645451176466e-19
sub-19,rest,50.5,3.7562355958667486e-19
sub-19,rest,50.75,4.5858401642470855e-19
sub-19,rest,51.0,6.607433611772655e-19
sub-19,rest,51.25,9.985391959461592e-19
sub-19,rest,51.5,1.7562495116644814e-18
sub-19,rest,51.75,2.691611900926002e-18
sub-19,rest,52.0,5.750399511787442e-18
sub-19,rest,52.25,1.5982021066317987e-17
sub-19,rest,52.5,4.662705196596546e-17
sub-19,rest,52.75,1.2157771372976889e-16
sub-19,rest,53.0,3.080406717331188e-16
sub-19,rest,53.25,6.980785249562486e-16
sub-19,rest,53.5,1.24784147011982e-15
sub-19,rest,53.75,2.484429421059051e-15
sub-19,rest,54.0,5.275817165900783e-15
sub-19,rest,54.25,1.0432488116365364e-14
sub-19,rest,54.5,1.3775790668675078e-14
sub-19,rest,54.75,2.3005502769580643e-14
sub-19,rest,55.0,3.6713989123139316e-14
sub-19,stimulus,25.0,5.637613994363582e-13
sub-19,stimulus,25.25,5.069541218491948e-13
sub-19,stimulus,25.5,4.632368929387699e-13
sub-19,stimulus,25.75,4.3922910303968864e-13
sub-19,stimulus,26.0,4.007272488325985e-13
sub-19,stimulus,26.25,3.4866083372914216e-13
sub-19,stimulus,26.5,3.4234296115328617e-13
sub-19,stimulus,26.75,3.2659663197144833e-13
sub-19,stimulus,27.0,3.031323702891729e-13
sub-19,stimulus,27.25,2.734139122037823e-13
sub-19,stimulus,27.5,2.7130330750009837e-13
sub-19,stimulus,27.75,2.491758962105201e-13
sub-19,stimulus,28.0,2.1644412165210117e-13
sub-19,stimulus,28.25,2.0608721466445397e-13
sub-19,stimulus,28.5,1.99917488179259e-13
sub-19,stimulus,28.75,1.7606791956879757e-13
sub-19,stimulus,29.0,1.8527000757595167e-13
sub-19,stimulus,29.25,1.716674516297349e-13
sub-19,stimulus,29.5,1.3206950255599453e-13
sub-19,stimulus,29.75,1.3421654252980165e-13
sub-19,stimulus,30.0,1.2777218617376686e-13
sub-19,stimulus,30.25,1.1251496311923494e-13
sub-19,stimulus,30.5,9.915606197237032e-14
sub-19,stimulus,30.75,9.535897002135774e-14
sub-19,stimulus,31.0,8.201094687605242e-14
sub-19,stimulus,31.25,8.113680708071329e-14
sub-19,stimulus,31.5,7.648893067658482e-14
sub-19,stimulus,31.75,8.394215425679548e-14
sub-19,stimulus,32.0,8.603094487554357e-14
sub-19,stimulus,32.25,9.749534131465e-14
sub-19,stimulus,32.5,9.826496692511733e-14
sub-19,stimulus,32.75,8.044739409090142e-14
sub-19,stimulus,33.0,8.283186575976419e-14
sub-19,stimulus,33.25,8.597461074270272e-14
sub-19,stimulus,33.5,8.057619640394889e-14
sub-19,stimulus,33.75,7.487684134124392e-14
sub-19,stimulus,34.0,6.876209183788674e-14
sub-19,stimulus,34.25,7.750477829011137e-14
sub-19,stimulus,34.5,7.57708142715486e-14
sub-19,stimulus,34.75,7.487718326644628e-14
sub-19,stimulus,35.0,7.656376186959488e-14
sub-19,stimulus,35.25,8.293455794638749e-14
sub-19,stimulus,35.5,6.64934517912056e-14
sub-19,stimulus,35.75,7.616638101387265e-14
sub-19,stimulus,36.0,7.497395634181752e-14
sub-19,stimulus,36.25,6.795433010355277e-14
sub-19,stimulus,36.5,7.135104105695628e-14
sub-19,stimulus,36.75,8.332469126280906e-14
sub-19,stimulus,37.0,7.598153992685592e-14
sub-19,stimulus,37.25,8.488335487333116e-14
sub-19,stimulus,37.5,8.11389901515926e-14
sub-19,stimulus,37.75,7.792694375046757e-14
sub-19,stimulus,38.0,6.806660491276692e-14
sub-19,stimulus,38.25,7.768183106943958e-14
sub-19,stimulus,38.5,7.686002416528866e-14
sub-19,stimulus,38.75,7.617459248590328e-14
sub-19,stimulus,39.0,6.795386164899893e-14
sub-19,stimulus,39.25,8.544438088363999e-14
sub-19,stimulus,39.5,8.166810352891906e-14
sub-19,stimulus,39.75,1.348542199253121e-13
sub-19,stimulus,40.0,3.0841112060269023e-13
sub-19,stimulus,40.25,1.2514545486494885e-13
sub-19,stimulus,40.5,8.108608045893068e-14
sub-19,stimulus,40.75,7.548533707615336e-14
sub-19,stimulus,41.0,7.427495228355509e-14
sub-19,stimulus,41.25,7.833870762005962e-14
sub-19,stimulus,41.5,7.533756052864992e-14
sub-19,stimulus,41.75,8.29898939671369e-14
sub-19,stimulus,42.0,7.045309096394027e-14
sub-19,stimulus,42.25,6.783756259631023e-14
sub-19,stimulus,42.5,6.868107724303913e-14
sub-19,stimulus,42.75,7.391231045301292e-14
sub-19,stimulus,43.0,8.204547654669893e-14
sub-19,stimulus,43.25,7.950278550476179e-14
sub-19,stimulus,43.5,7.809267161179185e-14
sub-19,stimulus,43.75,8.311275045964938e-14
sub-19,stimulus,44.0,6.897701043191477e-14
sub-19,stimulus,44.25,7.054007876650042e-14
sub-19,stimulus,44.5,5.982501796305125e-14
sub-19,stimulus,44.75,5.147219684846267e-14
sub-19,stimulus,45.0,4.2356173272685445e-14
sub-19,stimulus,45.25,2.2842902861818436e-14
sub-19,stimulus,45.5,1.4117671714448474e-14
sub-19,stimulus,45.75,9.033794274316786e-15
sub-19,stimulus,46.0,4.845353554038458e-15
sub-19,stimulus,46.25,2.6080997352590757e-15
sub-19,stimulus,46.5,1.1756135944795328e-15
sub-19,stimulus,46.75,5.111056311019758e-16
sub-19,stimulus,47.0,2.0071923350701223e-16
sub-19,stimulus,47.25,6.961464088930682e-17
sub-19,stimulus,47.5,2.3594720142488573e-17
sub-19,stimulus,47.75,9.840650827195262e-18
sub-19,stimulus,48.0,4.968605588970862e-18
sub-19,stimulus,48.25,2.172115950407216e-18
sub-19,stimulus,48.5,1.4008302132218896e-18
sub-19,stimulus,48.75,8.511006799571303e-19
sub-19,stimulus,49.0,5.907080048544698e-19
sub-19,stimulus,49.25,4.349192759903784e-19
sub-19,stimulus,49.5,3.56596912502429e-19
sub-19,stimulus,49.75,2.4811835605103064e-19
sub-19,stimulus,50.0,2.817651539195891e-19
sub-19,stimulus,50.25,2.771671127526625e-19
sub-19,stimulus,50.5,2.9770598903162537e-19
sub-19,stimulus,50.75,4.580871524534995e-19
sub-19,stimulus,51.0,5.9731830593573665e-19
sub-19,stimulus,51.25,1.052878123103042e-18
sub-19,stimulus,51.5,1.6862510342622123e-18
sub-19,stimulus,51.75,2.9952006328698874e-18
sub-19,stimulus,52.0,7.238867407976746e-18
sub-19,stimulus,52.25,2.0956654037828928e-17
sub-19,stimulus,52.5,4.956268958864424e-17
sub-19,stimulus,52.75,1.2311053742182491e-16
sub-19,stimulus,53.0,3.1318317349047547e-16
sub-19,stimulus,53.25,7.248552805011766e-16
sub-19,stimulus,53.5,1.4207586570332334e-15
sub-19,stimulus,53.75,3.444339501148428e-15
sub-19,stimulus,54.0,6.11672542405207e-15
sub-19,stimulus,54.25,8.416201734162801e-15
sub-19,stimulus,54.5,1.549049641008448e-14
sub-19,stimulus,54.75,2.6434457248958506e-14
sub-19,stimulus,55.0,3.870004699728752e-14
sub-20,rest,25.0,1.8232970069427494e-13
sub-20,rest,25.25,1.863270841268887e-13
sub-20,rest,25.5,2.300279063756714e-13
sub-20,rest,25.75,1.713161992875755e-13
sub-20,rest,26.0,1.897649071813597e-13
sub-20,rest,26.25,2.193522320867831e-13
sub-20,rest,26.5,1.6644127732353502e-13
sub-20,rest,26.75,1.6243782448889429e-13
sub-20,rest,27.0,1.6139498161540146e-13
sub-20,rest,27.25,1.6099909723834335e-13
sub-20,rest,27.5,1.6118372991611326e-13
sub-20,rest,27.75,1.6122032813375563e-13
sub-20,rest,28.0,1.4126295060133419e-13
sub-20,rest,28.25,1.1730358708278794e-13
sub-20,rest,28.5,1.3086469021072447e-13
sub-20,rest,28.75,1.4451869426381197e-13
sub-20,rest,29.0,1.544488015696958e-13
sub-20,rest,29.25,1.3007937434079252e-13
sub-20,rest,29.5,1.1575344781784336e-13
sub-20,rest,29.75,1.0976675518299621e-13
sub-20,rest,30.0,9.290197589387183e-14
sub-20,rest,30.25,7.342879624977647e-14
sub-20,rest,30.5,1.1419882387093414e-13
sub-20,rest,30.75,1.0625441953800708e-13
sub-20,rest,31.0,9.39151383863303e-14
sub-20,rest,31.25,9.677773208608696e-14
sub-20,rest,31.5,9.086385945152608e-14
sub-20,rest,31.75,7.258146676129175e-14
sub-20,rest,32.0,9.600754986702789e-14
sub-20,rest,32.25,7.032057236899066e-14
sub-20,rest,32.5,9.074582972223776e-14
sub-20,rest,32.75,6.167262319708558e-14
sub-20,rest,33.0,7.033491417024005e-14
sub-20,rest,33.25,7.382164558666476e-14
sub-20,rest,33.5,7.16377568221818e-14
sub-20,rest,33.75,6.948293848087262e-14
sub-20,rest,34.0,7.275102851979181e-14
sub-20,rest,34.25,8.476656631003309e-14
sub-20,rest,34.5,7.369212938773425e-14
sub-20,rest,34.75,7.675060772049269e-14
sub-20,rest,35.0,7.314394261649085e-14
sub-20,rest,35.25,6.02164059667287e-14
sub-20,rest,35.5,5.141462704892278e-14
sub-20,rest,35.75,5.847245591604535e-14
sub-20,rest,36.0,6.842711013219556e-14
sub-20,rest,36.25,5.649430396247293e-14
sub-20,rest,36.5,5.2703235124328155e-14
sub-20,rest,36.75,6.266206489531032e-14
sub-20,rest,37.0,6.486000891882771e-14
sub-20,rest,37.25,6.482272288998245e-14
sub-20,rest,37.5,5.796542549910211e-14
sub-20,rest,37.75,5.53295484161454e-14
sub-20,rest,38.0,4.821075970361574e-14
sub-20,rest,38.25,5.2399293153825646e-14
sub-20,rest,38.5,5.255771023314214e-14
sub-20,rest,38.75,4.664929117015286e-14
sub-20,rest,39.0,4.8543642777104885e-14
sub-20,rest,39.25,4.715280940967599e-14
sub-20,rest,39.5,4.526496793716059e-14
sub-20,rest,39.75,4.5020844502496836e-14
sub-20,rest,40.0,5.756208917705595e-14
sub-20,rest,40.25,4.8892438421287673e-14
sub-20,rest,40.5,3.8199739110052616e-14
sub-20,rest,40.75,4.156662860675968e-14
sub-20,rest,41.0,4.3950458799046385e-14
sub-20,rest,41.25,5.1413575919641685e-14
sub-20,rest,41.5,4.45284242430377e-14
sub-20,rest,41.75,4.251186879124341e-14
sub-20,rest,42.0,3.7132053079353946e-14
sub-20,rest,42.25,4.4663371473317756e-14
sub-20,rest,42.5,4.323891332745766e-14
sub-20,rest,42.75,3.160707635694882e-14
sub-20,rest,43.0,3.239044677075207e-14
sub-20,rest,43.25,3.493622172714346e-14
sub-20,rest,43.5,4.5693175249996983e-14
sub-20,rest,43.75,3.9828033531748833e-14
sub-20,rest,44.0,3.001029052454411e-14
sub-20,rest,44.25,2.5815041846916398e-14
sub-20,rest,44.5,2.2920360777173947e-14
sub-20,rest,44.75,1.9725162908543217e-14
sub-20,rest,45.0,1.8485452360266695e-14
sub-20,rest,45.25,1.2180226633148374e-14
sub-20,rest,45.5,6.5345087825831116e-15
sub-20,rest,45.75,4.365244942601009e-15
sub-20,rest,46.0,2.2023431187425384e-15
sub-20,rest,46.25,1.0577431654892736e-15
sub-20,rest,46.5,4.2157826547746394e-16
sub-20,rest,46.75,2.344359770266191e-16
sub-20,rest,47.0,1.065640927668139e-16
sub-20,rest,47.25,5.274167902288401e-17
sub-20,rest,47.5,2.0423424229441728e-17
sub-20,rest,47.75,1.087139011281961e-17
sub-20,rest,48.0,6.921664646916697e-18
sub-20,rest,48.25,3.930419283033577e-18
sub-20,rest,48.5,2.5553851172628993e-18
sub-20,rest,48.75,1.734960462400731e-18
sub-20,rest,49.0,6.839626471254982e-19
sub-20,rest,49.25,4.847850101524713e-19
sub-20,rest,49.5,3.041540190433532e-19
sub-20,rest,49.75,2.8881475282876457e-19
sub-20,rest,50.0,2.354965314901985e-19
sub-20,rest,50.25,3.0683817034500206e-19
sub-20,rest,50.5,3.7192700217250043e-19
sub-20,rest,50.75,4.955566372402499e-19
sub-20,rest,51.0,1.2843510029836841e-18
sub-20,rest,51.25,1.7625946073115255e-18
sub-20,rest,51.5,3.4398154293205213e-18
sub-20,rest,51.75,4.967215044545331e-18
sub-20,rest,52.0,9.692771818948962e-18
sub-20,rest,52.25,1.921027233003161e-17
sub-20,rest,52.5,4.4169031276833696e-17
sub-20,rest,52.75,7.425729341744044e-17
sub-20,rest,53.0,1.5539731298954204e-16
sub-20,rest,53.25,2.711822941564805e-16
sub-20,rest,53.5,6.714239065859657e-16
sub-20,rest,53.75,1.1655587233790874e-15
sub-20,rest,54.0,2.3549378965260853e-15
sub-20,rest,54.25,4.1200316468518515e-15
sub-20,rest,54.5,6.657779680090157e-15
sub-20,rest,54.75,9.886933740661506e-15
sub-20,rest,55.0,1.389693976873662e-14
sub-20,stimulus,25.0,2.5783460945040163e-13
sub-20,stimulus,25.25,2.781992610154526e-13
sub-20,stimulus,25.5,2.4968576318659484e-13
sub-20,stimulus,25.75,2.2540291806499726e-13
sub-20,stimulus,26.0,2.288378936629917e-13
sub-20,stimulus,26.25,2.1111490208095443e-13
sub-20,stimulus,26.5,2.0086116921548593e-13
sub-20,stimulus,26.75,1.8329552996798731e-13
sub-20,stimulus,27.0,2.0531831752841803e-13
sub-20,stimulus,27.25,1.7430782773686398e-13
sub-20,stimulus,27.5,1.5220863020903705e-13
sub-20,stimulus,27.75,1.5231927469527107e-13
sub-20,stimulus,28.0,1.6578062621413017e-13
sub-20,stimulus,28.25,1.3483295194040505e-13
sub-20,stimulus,28.5,1.57984452078116e-13
sub-20,stimulus,28.75,1.5024094880633215e-13
sub-20,stimulus,29.0,1.3047542087185648e-13
sub-20,stimulus,29.25,1.3007859901368232e-13
sub-20,stimulus,29.5,1.221257143317172e-13
sub-20,stimulus,29.75,1.18176187202704e-13
sub-20,stimulus,30.0,1.1348496436723646e-13
sub-20,stimulus,30.25,1.0631564866326814e-13
sub-20,stimulus,30.5,1.0654334452591641e-13
sub-20,stimulus,30.75,1.0170571185145933e-13
sub-20,stimulus,31.0,9.981602833255298e-14
sub-20,stimulus,31.25,9.266365354591069e-14
sub-20,stimulus,31.5,8.805077193589002e-14
sub-20,stimulus,31.75,8.577700676645458e-14
sub-20,stimulus,32.0,8.050048091836299e-14
sub-20,stimulus,32.25,8.430888307236433e-14
sub-20,stimulus,32.5,7.638526914300866e-14
sub-20,stimulus,32.75,7.635866922100669e-14
sub-20,stimulus,33.0,8.358120139833077e-14
sub-20,stimulus,33.25,8.596416472871113e-14
sub-20,stimulus,33.5,8.010229522614566e-14
sub-20,stimulus,33.75,6.412390953333097e-14
sub-20,stimulus,34.0,6.30982061910777e-14
sub-20,stimulus,34.25,6.922317280125407e-14
sub-20,stimulus,34.5,6.511730136267819e-14
sub-20,stimulus,34.75,7.021148810691007e-14
sub-20,stimulus,35.0,6.506037358884832e-14
sub-20,stimulus,35.25,5.813348696190532e-14
sub-20,stimulus,35.5,5.354992114673756e-14
sub-20,stimulus,35.75,5.329516772266997e-14
sub-20,stimulus,36.0,5.726300723625474e-14
sub-20,stimulus,36.25,5.933791606763002e-14
sub-20,stimulus,36.5,6.162233901625595e-14
sub-20,stimulus,36.75,5.498031525974084e-14
sub-20,stimulus,37.0,5.3801487328830293e-14
sub-20,stimulus,37.25,5.581678058887985e-14
sub-20,stimulus,37.5,5.839837847532095e-14
sub-20,stimulus,37.75,4.570030360888606e-14
sub-20,stimulus,38.0,4.413757146467232e-14
sub-20,stimulus,38.25,5.6086559115648244e-14
sub-20,stimulus,38.5,5.409140693889393e-14
sub-20,stimulus,38.75,4.8342099310524184e-14
sub-20,stimulus,39.0,5.403332789726684e-14
sub-20,stimulus,39.25,4.5121181631091933e-14
sub-20,stimulus,39.5,5.098078937953749e-14
sub-20,stimulus,39.75,5.877359915055081e-14
sub-20,stimulus,40.0,8.373561667165875e-14
sub-20,stimulus,40.25,5.220615364711835e-14
sub-20,stimulus,40.5,4.632336575009962e-14
sub-20,stimulus,40.75,5.169239919687072e-14
sub-20,stimulus,41.0,4.498851945128688e-14
sub-20,stimulus,41.25,3.8489759793271806e-14
sub-20,stimulus,41.5,3.9176149061319454e-14
sub-20,stimulus,41.75,3.517929534578555e-14
sub-20,stimulus,42.0,4.118936380510796e-14
sub-20,stimulus,42.25,4.827511337255681e-14
sub-20,stimulus,42.5,3.9946373495730914e-14
sub-20,stimulus,42.75,3.7497360851204936e-14
sub-20,stimulus,43.0,4.1149444496329e-14
sub-20,stimulus,43.25,4.0462873842827895e-14
sub-20,stimulus,43.5,4.054153117523292e-14
sub-20,stimulus,43.75,3.3944428333166823e-14
sub-20,stimulus,44.0,3.297349574827237e-14
sub-20,stimulus,44.25,3.0878736934006185e-14
sub-20,stimulus,44.5,2.958767120883646e-14
sub-20,stimulus,44.75,2.3900298564868453e-14
sub-20,stimulus,45.0,1.4334527659230112e-14
sub-20,stimulus,45.25,1.0862019657382641e-14
sub-20,stimulus,45.5,7.358800268880732e-15
sub-20,stimulus,45.75,4.302800921290702e-15
sub-20,stimulus,46.0,2.0500764935480433e-15
sub-20,stimulus,46.25,9.10933306508707e-16
sub-20,stimulus,46.5,4.742695407814831e-16
sub-20,stimulus,46.75,2.044726565965017e-16
sub-20,stimulus,47.0,1.1702918645267838e-16
sub-20,stimulus,47.25,5.4369409790887184e-17
sub-20,stimulus,47.5,2.7512206113984288e-17
sub-20,stimulus,47.75,1.738039659497004e-17
sub-20,stimulus,48.0,1.1792361439137007e-17
sub-20,stimulus,48.25,5.36012374131083e-18
sub-20,stimulus,48.5,3.588421641513474e-18
sub-20,stimulus,48.75,1.919919451361388e-18
sub-20,stimulus,49.0,1.2032272143514222e-18
sub-20,stimulus,49.25,1.0355311340939417e-18
sub-20,stimulus,49.5,7.857404931774925e-19
sub-20,stimulus,49.75,6.557222956182658e-19
sub-20,stimulus,50.0,5.500375634101375e-19
sub-20,stimulus,50.25,5.314493986650074e-19
sub-20,stimulus,50.5,6.335986637437806e-19
sub-20,stimulus,50.75,9.447295515695084e-19
sub-20,stimulus,51.0,1.4295190529339882e-18
sub-20,stimulus,51.25,1.7221458446196269e-18
sub-20,stimulus,51.5,4.343737623513122e-18
sub-20,stimulus,51.75,9.753544587438551e-18
sub-20,stimulus,52.0,1.0822761123731355e-17
sub-20,stimulus,52.25,2.2193166885899007e-17
sub-20,stimulus,52.5,3.5257450643625606e-17
sub-20,stimulus,52.75,7.97678679401142e-17
sub-20,stimulus,53.0,1.3281880029327899e-16
sub-20,stimulus,53.25,2.459103148274301e-16
sub-20,stimulus,53.5,5.626396739461029e-16
sub-20,stimulus,53.75,1.1368219704381718e-15
sub-20,stimulus,54.0,2.316258633368899e-15
sub-20,stimulus,54.25,3.889428943931665e-15
sub-20,stimulus,54.5,7.221005072427158e-15
sub-20,stimulus,54.75,1.0813121549941032e-14
sub-20,stimulus,55.0,1.3492975392240977e-14
sub-21,rest,25.0,1.0562083748393673e-13
sub-21,rest,25.25,9.475818906858278e-14
sub-21,rest,25.5,9.959266145342753e-14
sub-21,rest,25.75,8.687043650247192e-14
sub-21,rest,26.0,9.15713215165678e-14
sub-21,rest,26.25,9.166236019198764e-14
sub-21,rest,26.5,7.735374581189975e-14
sub-21,rest,26.75,6.891911239337061e-14
sub-21,rest,27.0,6.574597671678579e-14
sub-21,rest,27.25,5.5342544160727586e-14
sub-21,rest,27.5,4.4748609111204425e-14
sub-21,rest,27.75,4.4282039664137055e-14
sub-21,rest,28.0,5.048105452455696e-14
sub-21,rest,28.25,4.3708175810352485e-14
sub-21,rest,28.5,5.137501144568584e-14
sub-21,rest,28.75,4.2238264300248326e-14
sub-21,rest,29.0,4.019679586654091e-14
sub-21,rest,29.25,4.308101596246471e-14
sub-21,rest,29.5,4.8596455922779185e-14
sub-21,rest,29.75,3.672391376909752e-14
sub-21,rest,30.0,3.6926298606420284e-14
sub-21,rest,30.25,3.754437447636676e-14
sub-21,rest,30.5,3.150388577708169e-14
sub-21,rest,30.75,2.7039999812684345e-14
sub-21,rest,31.0,3.317257172648226e-14
sub-21,rest,31.25,2.8741012643982933e-14
sub-21,rest,31.5,2.849947700307229e-14
sub-21,rest,31.75,3.02446479661197e-14
sub-21,rest,32.0,2.4709883852292976e-14
sub-21,rest,32.25,3.0856457930037505e-14
sub-21,rest,32.5,3.1265949667053946e-14
sub-21,rest,32.75,2.8547367238010716e-14
sub-21,rest,33.0,2.8684892174642237e-14
sub-21,rest,33.25,3.105179652017585e-14
sub-21,rest,33.5,3.2888127200752234e-14
sub-21,rest,33.75,2.8178148988997405e-14
sub-21,rest,34.0,2.652573454240366e-14
sub-21,rest,34.25,2.412019627349064e-14
sub-21,rest,34.5,2.9424658983296826e-14
sub-21,rest,34.75,3.320137944562752e-14
sub-21,rest,35.0,2.994561547471434e-14
sub-21,rest,35.25,2.411931706805722e-14
sub-21,rest,35.5,2.9524831969254807e-14
sub-21,rest,35.75,2.994257129982129e-14
sub-21,rest,36.0,3.1899243911218096e-14
sub-21,rest,36.25,2.756821186247426e-14
sub-21,rest,36.5,2.44279733529057e-14
sub-21,rest,36.75,2.315695751693197e-14
sub-21,rest,37.0,2.5204700446058144e-14
sub-21,rest,37.25,2.707578923633076e-14
sub-21,rest,37.5,2.5220825642500224e-14
sub-21,rest,37.75,2.621459790658233e-14
sub-21,rest,38.0,2.454118667523072e-14
sub-21,rest,38.25,2.5620509705910034e-14
sub-21,rest,38.5,2.112092004153734e-14
sub-21,rest,38.75,2.270842049847394e-14
sub-21,rest,39.0,2.4319132035206293e-14
sub-21,rest,39.25,1.974067800747725e-14
sub-21,rest,39.5,2.1893951951799242e-14
sub-21,rest,39.75,2.0385533208824316e-14
sub-21,rest,40.0,2.3538743065530135e-14
sub-21,rest,40.25,2.6234935855639187e-14
sub-21,rest,40.5,2.0300509049765015e-14
sub-21,rest,40.75,1.9378386948895428e-14
sub-21,rest,41.0,1.8804452495819447e-14
sub-21,rest,41.25,1.7235293421399672e-14
sub-21,rest,41.5,2.172883075339485e-14
sub-21,rest,41.75,2.2923675369657755e-14
sub-21,rest,42.0,2.050387224383757e-14
sub-21,rest,42.25,1.5610788263513728e-14
sub-21,rest,42.5,1.664173934252378e-14
sub-21,rest,42.75,1.7604699740934098e-14
sub-21,rest,43.0,1.8764688168919217e-14
sub-21,rest,43.25,1.6910819491581057e-14
sub-21,rest,43.5,1.4478678224604026e-14
sub-21,rest,43.75,1.4709086496598812e-14
sub-21,rest,44.0,1.6881456108447488e-14
sub-21,rest,44.25,1.8879985212833846e-14
sub-21,rest,44.5,1.4037471803422508e-14
sub-21,rest,44.75,1.1528029152394918e-14
sub-21,rest,45.0,8.687165201962769e-15
sub-21,rest,45.25,5.852226227714832e-15
sub-21,rest,45.5,3.8779443020086395e-15
sub-21,rest,45.75,2.145724691222977e-15
sub-21,rest,46.0,1.244618086359612e-15
sub-21,rest,46.25,6.550809905150719e-16
sub-21,rest,46.5,3.155910456015762e-16
sub-21,rest,46.75,1.4792578957053775e-16
sub-21,rest,47.0,7.294897107930026e-17
sub-21,rest,47.25,3.340487049727661e-17
sub-21,rest,47.5,2.03662133605113e-17
sub-21,rest,47.75,1.2485295512899317e-17
sub-21,rest,48.0,7.489296947408242e-18
sub-21,rest,48.25,4.44176553055184e-18
sub-21,rest,48.5,2.777690489357188e-18
sub-21,rest,48.75,1.5887420954362215e-18
sub-21,rest,49.0,1.146648745004503e-18
sub-21,rest,49.25,5.808889969886137e-19
sub-21,rest,49.5,4.1837312935153837e-19
sub-21,rest,49.75,2.808406205013539e-19
sub-21,rest,50.0,3.0507701345132767e-19
sub-21,rest,50.25,3.255588108445327e-19
sub-21,rest,50.5,4.615231887379507e-19
sub-21,rest,50.75,6.905031281462081e-19
sub-21,rest,51.0,1.0572755965311165e-18
sub-21,rest,51.25,1.7127154113906327e-18
sub-21,rest,51.5,2.4985456607649174e-18
sub-21,rest,51.75,3.7165748822968814e-18
sub-21,rest,52.0,7.993397483752843e-18
sub-21,rest,52.25,1.2504769415451959e-17
sub-21,rest,52.5,2.1170641577224334e-17
sub-21,rest,52.75,2.996523301175388e-17
sub-21,rest,53.0,6.92808491839786e-17
sub-21,rest,53.25,1.5674357767278865e-16
sub-21,rest,53.5,2.9410628698236844e-16
sub-21,rest,53.75,5.940215537546075e-16
sub-21,rest,54.0,1.1189324406731273e-15
sub-21,rest,54.25,1.9640056307311227e-15
sub-21,rest,54.5,2.7926913823143997e-15
sub-21,rest,54.75,4.176611383555204e-15
sub-21,rest,55.0,6.760505999206739e-15
sub-21,stimulus,25.0,1.0600643491360408e-13
sub-21,stimulus,25.25,9.727026306652625e-14
sub-21,stimulus,25.5,9.552521101183282e-14
sub-21,stimulus,25.75,8.331904981983159e-14
sub-21,stimulus,26.0,8.881242977549476e-14
sub-21,stimulus,26.25,7.406166616265296e-14
sub-21,stimulus,26.5,7.923292908919868e-14
sub-21,stimulus,26.75,6.426735035893206e-14
sub-21,stimulus,27.0,6.00023047511233e-14
sub-21,stimulus,27.25,5.473262194924715e-14
sub-21,stimulus,27.5,5.140412102408465e-14
sub-21,stimulus,27.75,5.5948349738042377e-14
sub-21,stimulus,28.0,5.243453002371214e-14
sub-21,stimulus,28.25,4.894110125010497e-14
sub-21,stimulus,28.5,5.0256793728441716e-14
sub-21,stimulus,28.75,4.3474327863670226e-14
sub-21,stimulus,29.0,4.577795190489402e-14
sub-21,stimulus,29.25,4.071947770010739e-14
sub-21,stimulus,29.5,4.334045844140436e-14
sub-21,stimulus,29.75,4.186508755286896e-14
sub-21,stimulus,30.0,3.764928052028224e-14
sub-21,stimulus,30.25,3.900477397102642e-14
sub-21,stimulus,30.5,3.5588882405585074e-14
sub-21,stimulus,30.75,3.392221103973965e-14
sub-21,stimulus,31.0,3.734648531551052e-14
sub-21,stimulus,31.25,3.7816512470717644e-14
sub-21,stimulus,31.5,3.3348319317073747e-14
sub-21,stimulus,31.75,3.313992227985066e-14
sub-21,stimulus,32.0,3.307891190907148e-14
sub-21,stimulus,32.25,2.763976856639005e-14
sub-21,stimulus,32.5,2.6934721661045582e-14
sub-21,stimulus,32.75,2.926503052462942e-14
sub-21,stimulus,33.0,3.1527005051661543e-14
sub-21,stimulus,33.25,2.878329718581514e-14
sub-21,stimulus,33.5,2.9270809739769155e-14
sub-21,stimulus,33.75,2.95547464988018e-14
sub-21,stimulus,34.0,2.8388139214204687e-14
sub-21,stimulus,34.25,2.8297054967887618e-14
sub-21,stimulus,34.5,2.4967834823089673e-14
sub-21,stimulus,34.75,2.8463251412975185e-14
sub-21,stimulus,35.0,2.5806974022215416e-14
sub-21,stimulus,35.25,2.3213760889251263e-14
sub-21,stimulus,35.5,2.7393373958234172e-14
sub-21,stimulus,35.75,2.3508527515348793e-14
sub-21,stimulus,36.0,2.3458406269314306e-14
sub-21,stimulus,36.25,2.8088746558871344e-14
sub-21,stimulus,36.5,2.3572781004505164e-14
sub-21,stimulus,36.75,2.3493118482272673e-14
sub-21,stimulus,37.0,2.285860308762957e-14
sub-21,stimulus,37.25,2.251759365026931e-14
sub-21,stimulus,37.5,2.0591609547508007e-14
sub-21,stimulus,37.75,2.1670359789637803e-14
sub-21,stimulus,38.0,2.3407658783429885e-14
sub-21,stimulus,38.25,2.347729088923306e-14
sub-21,stimulus,38.5,2.532016935590659e-14
sub-21,stimulus,38.75,2.2821246204557206e-14
sub-21,stimulus,39.0,2.1040574794154214e-14
sub-21,stimulus,39.25,2.0897043599623663e-14
sub-21,stimulus,39.5,1.9724897774273512e-14
sub-21,stimulus,39.75,2.247430258158765e-14
sub-21,stimulus,40.0,3.231923123194563e-14
sub-21,stimulus,40.25,2.183623146400213e-14
sub-21,stimulus,40.5,2.091162198464967e-14
sub-21,stimulus,40.75,1.7929065732816992e-14
sub-21,stimulus,41.0,2.0292867068662607e-14
sub-21,stimulus,41.25,2.0094864312243687e-14
sub-21,stimulus,41.5,1.9157883849604634e-14
sub-21,stimulus,41.75,1.5771731580145907e-14
sub-21,stimulus,42.0,1.778037449996384e-14
sub-21,stimulus,42.25,2.236685983608132e-14
sub-21,stimulus,42.5,2.051657060114388e-14
sub-21,stimulus,42.75,1.7875048302549574e-14
sub-21,stimulus,43.0,1.853847094416517e-14
sub-21,stimulus,43.25,1.6183554447295973e-14
sub-21,stimulus,43.5,1.6891483269730213e-14
sub-21,stimulus,43.75,1.617411581482871e-14
sub-21,stimulus,44.0,1.5865705370736232e-14
sub-21,stimulus,44.25,1.3460606914329813e-14
sub-21,stimulus,44.5,1.2094034291847858e-14
sub-21,stimulus,44.75,1.0815531092989969e-14
sub-21,stimulus,45.0,1.0312645685794788e-14
sub-21,stimulus,45.25,6.599967106025573e-15
sub-21,stimulus,45.5,3.9206077698201035e-15
sub-21,stimulus,45.75,2.419261476054242e-15
sub-21,stimulus,46.0,1.2942249599217502e-15
sub-21,stimulus,46.25,6.46648891492686e-16
sub-21,stimulus,46.5,3.569351274559549e-16
sub-21,stimulus,46.75,1.6006736446131e-16
sub-21,stimulus,47.0,8.195464522911327e-17
sub-21,stimulus,47.25,3.845387952344929e-17
sub-21,stimulus,47.5,2.2211377887644283e-17
sub-21,stimulus,47.75,1.4634123110026206e-17
sub-21,stimulus,48.0,9.019070845799204e-18
sub-21,stimulus,48.25,4.8847688984791845e-18
sub-21,stimulus,48.5,2.8686833982533656e-18
sub-21,stimulus,48.75,2.2832146594080326e-18
sub-21,stimulus,49.0,1.2043670382976967e-18
sub-21,stimulus,49.25,7.718661910807977e-19
sub-21,stimulus,49.5,5.73498542216007e-19
sub-21,stimulus,49.75,4.840142191102456e-19
sub-21,stimulus,50.0,4.1826444141946345e-19
sub-21,stimulus,50.25,4.546934628588113e-19
sub-21,stimulus,50.5,5.330890378732449e-19
sub-21,stimulus,50.75,7.309417097732683e-19
sub-21,stimulus,51.0,1.3257481560320965e-18
sub-21,stimulus,51.25,2.1249495874471776e-18
sub-21,stimulus,51.5,3.6615193208854905e-18
sub-21,stimulus,51.75,5.456146743553519e-18
sub-21,stimulus,52.0,6.978135529844941e-18
sub-21,stimulus,52.25,1.159092481914492e-17
sub-21,stimulus,52.5,2.5492091245198874e-17
sub-21,stimulus,52.75,4.4064906075056104e-17
sub-21,stimulus,53.0,8.677214531419451e-17
sub-21,stimulus,53.25,1.7068396190722844e-16
sub-21,stimulus,53.5,3.2479684764490827e-16
sub-21,stimulus,53.75,6.062029387300498e-16
sub-21,stimulus,54.0,1.0937913222049916e-15
sub-21,stimulus,54.25,1.962672618567975e-15
sub-21,stimulus,54.5,3.080309121097676e-15
sub-21,stimulus,54.75,4.788274458310178e-15
sub-21,stimulus,55.0,6.8493287117935256e-15
sub-22,rest,25.0,2.1455703740777035e-13
sub-22,rest,25.25,2.177476589095887e-13
sub-22,rest,25.5,1.754862235032242e-13
sub-22,rest,25.75,1.900909828640284e-13
sub-22,rest,26.0,1.7867599415467972e-13
sub-22,rest,26.25,1.5925456583530402e-13
sub-22,rest,26.5,1.2920584395906474e-13
sub-22,rest,26.75,1.274209279174999e-13
sub-22,rest,27.0,1.112054243254798e-13
sub-22,rest,27.25,7.614326164911608e-14
sub-22,rest,27.5,6.690110239594331e-14
sub-22,rest,27.75,7.853981526201688e-14
sub-22,rest,28.0,7.966107475547097e-14
sub-22,rest,28.25,8.16371485339177e-14
sub-22,rest,28.5,7.062029977513499e-14
sub-22,rest,28.75,5.3875209112238944e-14
sub-22,rest,29.0,5.2521611679990206e-14
sub-22,rest,29.25,4.762984679133212e-14
sub-22,rest,29.5,5.0808245866031666e-14
sub-22,rest,29.75,4.685832816384126e-14
sub-22,rest,30.0,4.0848995047742085e-14
sub-22,rest,30.25,4.6065673967118525e-14
sub-22,rest,30.5,4.5431704613585136e-14
sub-22,rest,30.75,4.369918715209532e-14
sub-22,rest,31.0,4.017891278361939e-14
sub-22,rest,31.25,4.337191709675365e-14
sub-22,rest,31.5,3.679825322289436e-14
sub-22,rest,31.75,3.913672627125586e-14
sub-22,rest,32.0,3.7387045252461075e-14
sub-22,rest,32.25,3.670064028061624e-14
sub-22,rest,32.5,3.3707203441890806e-14
sub-22,rest,32.75,3.4032988911875855e-14
sub-22,rest,33.0,3.1027948103898546e-14
sub-22,rest,33.25,2.963426436739813e-14
sub-22,rest,33.5,2.955616815942163e-14
sub-22,rest,33.75,2.955594786622781e-14
sub-22,rest,34.0,3.075112749453486e-14
sub-22,rest,34.25,2.683204392407969e-14
sub-22,rest,34.5,2.5728095579799276e-14
sub-22,rest,34.75,2.6856759190144645e-14
sub-22,rest,35.0,2.739811737140397e-14
sub-22,rest,35.25,2.729309303769204e-14
sub-22,rest,35.5,2.823047006855491e-14
sub-22,rest,35.75,2.418496648970155e-14
sub-22,rest,36.0,2.1757624815142607e-14
sub-22,rest,36.25,2.4102958913907845e-14
sub-22,rest,36.5,2.3081125614645923e-14
sub-22,rest,36.75,1.9109611990361868e-14
sub-22,rest,37.0,1.9536054638000245e-14
sub-22,rest,37.25,1.9268882157052666e-14
sub-22,rest,37.5,2.0034604256653966e-14
sub-22,rest,37.75,2.1749946048182058e-14
sub-22,rest,38.0,2.020906625639665e-14
sub-22,rest,38.25,2.1387926197309447e-14
sub-22,rest,38.5,2.3309242256534703e-14
sub-22,rest,38.75,1.9156654931816916e-14
sub-22,rest,39.0,1.9500492674323286e-14
sub-22,rest,39.25,1.92790634900166e-14
sub-22,rest,39.5,1.8476398358980614e-14
sub-22,rest,39.75,1.9433505549361074e-14
sub-22,rest,40.0,2.2037348907762556e-14
sub-22,rest,40.25,1.804806519894851e-14
sub-22,rest,40.5,1.873526783078718e-14
sub-22,rest,40.75,1.8974491325717414e-14
sub-22,rest,41.0,1.7282697076054213e-14
sub-22,rest,41.25,2.067761544898036e-14
sub-22,rest,41.5,1.751916413442731e-14
sub-22,rest,41.75,1.5886579379160052e-14
sub-22,rest,42.0,1.8107722606542034e-14
sub-22,rest,42.25,1.6901609947215805e-14
sub-22,rest,42.5,1.7534459282876124e-14
sub-22,rest,42.75,1.9672047806266487e-14
sub-22,rest,43.0,1.9035707462810058e-14
sub-22,rest,43.25,1.485087450478877e-14
sub-22,rest,43.5,1.3609666777673168e-14
sub-22,rest,43.75,1.3822652617888683e-14
sub-22,rest,44.0,1.6092628332898757e-14
sub-22,rest,44.25,1.5158902024117716e-14
sub-22,rest,44.5,1.432460860070634e-14
sub-22,rest,44.75,1.0414711841710252e-14
sub-22,rest,45.0,1.0358629848196042e-14
sub-22,rest,45.25,6.3347871062872824e-15
sub-22,rest,45.5,3.4207985662813406e-15
sub-22,rest,45.75,2.0760201583988862e-15
sub-22,rest,46.0,1.1106444130365428e-15
sub-22,rest,46.25,5.73266175897654e-16
sub-22,rest,46.5,3.0695780816124743e-16
sub-22,rest,46.75,2.1663579881942762e-16
sub-22,rest,47.0,9.069606356839292e-17
sub-22,rest,47.25,5.1686836161387394e-17
sub-22,rest,47.5,3.125948202155603e-17
sub-22,rest,47.75,2.0072313684031185e-17
sub-22,rest,48.0,1.1006008919125334e-17
sub-22,rest,48.25,7.148073985662016e-18
sub-22,rest,48.5,5.524192380896818e-18
sub-22,rest,48.75,2.021315780024447e-18
sub-22,rest,49.0,1.357347871149766e-18
sub-22,rest,49.25,9.225416554287966e-19
sub-22,rest,49.5,7.421812676615941e-19
sub-22,rest,49.75,6.109387069634862e-19
sub-22,rest,50.0,4.334008689424146e-19
sub-22,rest,50.25,4.222201706097453e-19
sub-22,rest,50.5,6.013283095836477e-19
sub-22,rest,50.75,1.054843461533299e-18
sub-22,rest,51.0,1.7734592501004874e-18
sub-22,rest,51.25,2.514161491710925e-18
sub-22,rest,51.5,4.617191814011289e-18
sub-22,rest,51.75,7.818860867919709e-18
sub-22,rest,52.0,1.0838840082588588e-17
sub-22,rest,52.25,1.8128709659976695e-17
sub-22,rest,52.5,3.36374416774536e-17
sub-22,rest,52.75,5.885902455266485e-17
sub-22,rest,53.0,1.0937084855553428e-16
sub-22,rest,53.25,2.0470064347505233e-16
sub-22,rest,53.5,3.78999123994607e-16
sub-22,rest,53.75,6.507831198843715e-16
sub-22,rest,54.0,1.1110694824349105e-15
sub-22,rest,54.25,2.0125586860956315e-15
sub-22,rest,54.5,3.5446221351552155e-15
sub-22,rest,54.75,4.8024738337254384e-15
sub-22,rest,55.0,5.888733107860322e-15
sub-22,stimulus,25.0,2.909953359889256e-13
sub-22,stimulus,25.25,2.8157862071506126e-13
sub-22,stimulus,25.5,2.8261622608647094e-13
sub-22,stimulus,25.75,2.719823593630817e-13
sub-22,stimulus,26.0,2.3709667178684344e-13
sub-22,stimulus,26.25,2.1382756759255795e-13
sub-22,stimulus,26.5,1.6210109429911304e-13
sub-22,stimulus,26.75,1.4993673789133842e-13
sub-22,stimulus,27.0,1.3775153146108842e-13
sub-22,stimulus,27.25,1.2750748939333003e-13
sub-22,stimulus,27.5,1.1638879910319342e-13
sub-22,stimulus,27.75,1.116305013871282e-13
sub-22,stimulus,28.0,8.925852520410747e-14
sub-22,stimulus,28.25,8.927512492534118e-14
sub-22,stimulus,28.5,7.7066388708133e-14
sub-22,stimulus,28.75,7.093100125210189e-14
sub-22,stimulus,29.0,7.441790372847185e-14
sub-22,stimulus,29.25,6.107238113998219e-14
sub-22,stimulus,29.5,5.622296674896207e-14
sub-22,stimulus,29.75,5.5899375271107864e-14
sub-22,stimulus,30.0,5.759777367221139e-14
sub-22,stimulus,30.25,4.5749625761610234e-14
sub-22,stimulus,30.5,4.7317373918189205e-14
sub-22,stimulus,30.75,4.2934116656047504e-14
sub-22,stimulus,31.0,4.3894779501709876e-14
sub-22,stimulus,31.25,4.5675350543086196e-14
sub-22,stimulus,31.5,4.274808923540512e-14
sub-22,stimulus,31.75,4.252710773674697e-14
sub-22,stimulus,32.0,3.6947096686356176e-14
sub-22,stimulus,32.25,3.88977353690879e-14
sub-22,stimulus,32.5,3.4983286077813796e-14
sub-22,stimulus,32.75,3.646140243803575e-14
sub-22,stimulus,33.0,3.417462468913314e-14
sub-22,stimulus,33.25,3.4057790498578005e-14
sub-22,stimulus,33.5,3.174739407373678e-14
sub-22,stimulus,33.75,2.8349439409337122e-14
sub-22,stimulus,34.0,2.978183917408318e-14
sub-22,stimulus,34.25,2.6964116565155076e-14
sub-22,stimulus,34.5,2.8221725472986677e-14
sub-22,stimulus,34.75,2.768859976290861e-14
sub-22,stimulus,35.0,2.976747198915884e-14
sub-22,stimulus,35.25,2.7870487733723623e-14
sub-22,stimulus,35.5,2.6824279103325357e-14
sub-22,stimulus,35.75,2.8171639614862243e-14
sub-22,stimulus,36.0,2.6159560443523342e-14
sub-22,stimulus,36.25,2.496582536439949e-14
sub-22,stimulus,36.5,2.2056290382165867e-14
sub-22,stimulus,36.75,2.4668788428721742e-14
sub-22,stimulus,37.0,2.2242694183426306e-14
sub-22,stimulus,37.25,2.538469000246674e-14
sub-22,stimulus,37.5,2.1891888364751975e-14
sub-22,stimulus,37.75,2.61030779282131e-14
sub-22,stimulus,38.0,2.5112229503115217e-14
sub-22,stimulus,38.25,2.529006216018061e-14
sub-22,stimulus,38.5,2.271583116378748e-14
sub-22,stimulus,38.75,2.0848002471383494e-14
sub-22,stimulus,39.0,2.232971572479452e-14
sub-22,stimulus,39.25,2.214106089717622e-14
sub-22,stimulus,39.5,2.025649634690463e-14
sub-22,stimulus,39.75,2.453556692259814e-14
sub-22,stimulus,40.0,4.3401790949144204e-14
sub-22,stimulus,40.25,2.7667896151770613e-14
sub-22,stimulus,40.5,1.9378044184236174e-14
sub-22,stimulus,40.75,1.977785474966025e-14
sub-22,stimulus,41.0,1.8728303030008448e-14
sub-22,stimulus,41.25,1.8499840373299962e-14
sub-22,stimulus,41.5,1.7575832781865768e-14
sub-22,stimulus,41.75,1.7779144308271665e-14
sub-22,stimulus,42.0,1.647318693113987e-14
sub-22,stimulus,42.25,1.7299289274780367e-14
sub-22,stimulus,42.5,1.8040785661816808e-14
sub-22,stimulus,42.75,1.7569131051784465e-14
sub-22,stimulus,43.0,1.9214836727385462e-14
sub-22,stimulus,43.25,1.5431544122615465e-14
sub-22,stimulus,43.5,1.4632359250290578e-14
sub-22,stimulus,43.75,1.4810231602094405e-14
sub-22,stimulus,44.0,1.4303006933743375e-14
sub-22,stimulus,44.25,1.3009908322969555e-14
sub-22,stimulus,44.5,1.1241784522724139e-14
sub-22,stimulus,44.75,9.470327737434559e-15
sub-22,stimulus,45.0,7.841352234318511e-15
sub-22,stimulus,45.25,6.539165745979424e-15
sub-22,stimulus,45.5,4.4289517395735836e-15
sub-22,stimulus,45.75,2.0973925039105163e-15
sub-22,stimulus,46.0,1.1396422772134835e-15
sub-22,stimulus,46.25,5.762014141337541e-16
sub-22,stimulus,46.5,2.5942865638277397e-16
sub-22,stimulus,46.75,1.3800099172509384e-16
sub-22,stimulus,47.0,6.86988578974858e-17
sub-22,stimulus,47.25,3.840358313308352e-17
sub-22,stimulus,47.5,2.0644668459593524e-17
sub-22,stimulus,47.75,1.1384380528556001e-17
sub-22,stimulus,48.0,7.701705586141613e-18
sub-22,stimulus,48.25,5.0602628913267184e-18
sub-22,stimulus,48.5,3.3645604885210048e-18
sub-22,stimulus,48.75,2.2595717320277474e-18
sub-22,stimulus,49.0,1.3060444554732231e-18
sub-22,stimulus,49.25,7.29519222718235e-19
sub-22,stimulus,49.5,5.686614456623686e-19
sub-22,stimulus,49.75,3.802045194559252e-19
sub-22,stimulus,50.0,4.2818666691396277e-19
sub-22,stimulus,50.25,4.987127314335284e-19
sub-22,stimulus,50.5,6.713210731605686e-19
sub-22,stimulus,50.75,8.375511519329813e-19
sub-22,stimulus,51.0,1.3454869111657278e-18
sub-22,stimulus,51.25,1.7577064877849806e-18
sub-22,stimulus,51.5,3.1667078172110346e-18
sub-22,stimulus,51.75,5.601008280159249e-18
sub-22,stimulus,52.0,7.550245323743674e-18
sub-22,stimulus,52.25,1.7356241350950517e-17
sub-22,stimulus,52.5,2.6353949651172946e-17
sub-22,stimulus,52.75,4.362487866777823e-17
sub-22,stimulus,53.0,9.937852930359542e-17
sub-22,stimulus,53.25,1.9608928169690053e-16
sub-22,stimulus,53.5,3.2486013271215053e-16
sub-22,stimulus,53.75,6.782653612541436e-16
sub-22,stimulus,54.0,1.1619126872011356e-15
sub-22,stimulus,54.25,1.9961278454884867e-15
sub-22,stimulus,54.5,2.8591902506326e-15
sub-22,stimulus,54.75,4.428900540410297e-15
sub-22,stimulus,55.0,6.1540456792795474e-15
sub-23,rest,25.0,4.6812760671778144e-14
sub-23,rest,25.25,4.156984876649044e-14
sub-23,rest,25.5,3.4469983518031224e-14
sub-23,rest,25.75,2.923288369514159e-14
sub-23,rest,26.0,2.9629413094597367e-14
sub-23,rest,26.25,3.470408903861763e-14
sub-23,rest,26.5,3.8677490741613163e-14
sub-23,rest,26.75,3.1284928493408025e-14
sub-23,rest,27.0,3.1683719465739543e-14
sub-23,rest,27.25,2.6062476671351942e-14
sub-23,rest,27.5,2.833725456925586e-14
sub-23,rest,27.75,3.259667848683825e-14
sub-23,rest,28.0,2.8998627977589885e-14
sub-23,rest,28.25,2.6082527701330843e-14
sub-23,rest,28.5,3.3783373225549546e-14
sub-23,rest,28.75,3.333890228425201e-14
sub-23,rest,29.0,3.160562009149316e-14
sub-23,rest,29.25,2.7310081775814588e-14
sub-23,rest,29.5,2.4464519244832478e-14
sub-23,rest,29.75,2.92722155262395e-14
sub-23,rest,30.0,2.369258958991683e-14
sub-23,rest,30.25,2.828526646969438e-14
sub-23,rest,30.5,3.388827170441092e-14
sub-23,rest,30.75,3.0978552436540674e-14
sub-23,rest,31.0,2.7618679077940292e-14
sub-23,rest,31.25,3.172289263176211e-14
sub-23,rest,31.5,2.8774539168292894e-14
sub-23,rest,31.75,2.41052579420136e-14
sub-23,rest,32.0,2.5770136443159944e-14
sub-23,rest,32.25,2.7063982649696933e-14
sub-23,rest,32.5,3.0947183653230446e-14
sub-23,rest,32.75,3.869630034735392e-14
sub-23,rest,33.0,3.319557238666233e-14
sub-23,rest,33.25,3.383325763528798e-14
sub-23,rest,33.5,2.5581542128131436e-14
sub-23,rest,33.75,2.5346331438213664e-14
sub-23,rest,34.0,1.9260170848147216e-14
sub-23,rest,34.25,2.6193628128178894e-14
sub-23,rest,34.5,3.060456643083404e-14
sub-23,rest,34.75,2.7950650728550548e-14
sub-23,rest,35.0,2.4690381280763495e-14
sub-23,rest,35.25,2.5392453744050848e-14
sub-23,rest,35.5,2.884062034734615e-14
sub-23,rest,35.75,3.125859902138136e-14
sub-23,rest,36.0,2.665240638343204e-14
sub-23,rest,36.25,3.87703277544846e-14
sub-23,rest,36.5,3.0433721691375666e-14
sub-23,rest,36.75,2.5830197004807872e-14
sub-23,rest,37.0,3.466267784031317e-14
sub-23,rest,37.25,2.963979941092863e-14
sub-23,rest,37.5,3.077496737933095e-14
sub-23,rest,37.75,2.383519127477741e-14
sub-23,rest,38.0,2.846847825585925e-14
sub-23,rest,38.25,3.272680487924375e-14
sub-23,rest,38.5,3.609743839903013e-14
sub-23,rest,38.75,3.6387501490593656e-14
sub-23,rest,39.0,3.134791134894048e-14
sub-23,rest,39.25,2.5219616389705452e-14
sub-23,rest,39.5,2.879014834371189e-14
sub-23,rest,39.75,2.7534401383944428e-14
sub-23,rest,40.0,3.232179040837708e-14
sub-23,rest,40.25,3.510025307625809e-14
sub-23,rest,40.5,2.5928325948282485e-14
sub-23,rest,40.75,2.5567253837282564e-14
sub-23,rest,41.0,1.7967942117384695e-14
sub-23,rest,41.25,3.1776137819150563e-14
sub-23,rest,41.5,3.0331360120678524e-14
sub-23,rest,41.75,2.926969049226675e-14
sub-23,rest,42.0,2.499541096759245e-14
sub-23,rest,42.25,2.581974128104411e-14
sub-23,rest,42.5,1.9087597438892794e-14
sub-23,rest,42.75,1.9666774311383673e-14
sub-23,rest,43.0,2.308757645961396e-14
sub-23,rest,43.25,2.4893312386877985e-14
sub-23,rest,43.5,3.2965919448191853e-14
sub-23,rest,43.75,3.9571602882906413e-14
sub-23,rest,44.0,3.443189525268889e-14
sub-23,rest,44.25,2.7400009607716483e-14
sub-23,rest,44.5,2.521359611611222e-14
sub-23,rest,44.75,2.404085411972475e-14
sub-23,rest,45.0,1.2541487286408594e-14
sub-23,rest,45.25,9.102869388397962e-15
sub-23,rest,45.5,6.206122080726706e-15
sub-23,rest,45.75,4.7046152172466565e-15
sub-23,rest,46.0,2.185973140518395e-15
sub-23,rest,46.25,1.0774699305073742e-15
sub-23,rest,46.5,4.619668950795572e-16
sub-23,rest,46.75,2.466484769613729e-16
sub-23,rest,47.0,9.380398401991946e-17
sub-23,rest,47.25,6.006724166538904e-17
sub-23,rest,47.5,2.974002629000137e-17
sub-23,rest,47.75,2.372662534934889e-17
sub-23,rest,48.0,1.6594108503490312e-17
sub-23,rest,48.25,8.433894405422702e-18
sub-23,rest,48.5,4.651937615816305e-18
sub-23,rest,48.75,3.4150711144113744e-18
sub-23,rest,49.0,2.8646047072347165e-18
sub-23,rest,49.25,1.6150514080522676e-18
sub-23,rest,49.5,1.3343921474732495e-18
sub-23,rest,49.75,1.293655873696422e-18
sub-23,rest,50.0,1.0406122435681363e-18
sub-23,rest,50.25,9.998737980746466e-19
sub-23,rest,50.5,1.0568447117426744e-18
sub-23,rest,50.75,1.6993842173535018e-18
sub-23,rest,51.0,2.8558664164494956e-18
sub-23,rest,51.25,4.808253693300622e-18
sub-23,rest,51.5,6.701960856394082e-18
sub-23,rest,51.75,1.1351627702139701e-17
sub-23,rest,52.0,1.9697368938181706e-17
sub-23,rest,52.25,2.832069644281764e-17
sub-23,rest,52.5,3.3616564415389254e-17
sub-23,rest,52.75,7.999593257166923e-17
sub-23,rest,53.0,1.853392787648703e-16
sub-23,rest,53.25,3.7092687762091163e-16
sub-23,rest,53.5,7.382406658736095e-16
sub-23,rest,53.75,1.4239812541585908e-15
sub-23,rest,54.0,2.350525291844894e-15
sub-23,rest,54.25,4.567011882174046e-15
sub-23,rest,54.5,7.963118802744996e-15
sub-23,rest,54.75,1.0839308287440054e-14
sub-23,rest,55.0,1.8327805086551812e-14
sub-23,stimulus,25.0,4.0417317034486604e-14
sub-23,stimulus,25.25,4.7102428860338444e-14
sub-23,stimulus,25.5,4.103606708713893e-14
sub-23,stimulus,25.75,3.2317361048881125e-14
sub-23,stimulus,26.0,3.277426664008022e-14
sub-23,stimulus,26.25,3.4504668489167135e-14
sub-23,stimulus,26.5,3.167573391964261e-14
sub-23,stimulus,26.75,3.465290030185537e-14
sub-23,stimulus,27.0,3.253708951271702e-14
sub-23,stimulus,27.25,2.9939418076775005e-14
sub-23,stimulus,27.5,3.0258124754355844e-14
sub-23,stimulus,27.75,2.8701894067802374e-14
sub-23,stimulus,28.0,3.3417933839161565e-14
sub-23,stimulus,28.25,2.841597763304828e-14
sub-23,stimulus,28.5,2.919398934235393e-14
sub-23,stimulus,28.75,2.8807694248500334e-14
sub-23,stimulus,29.0,2.3111462697634566e-14
sub-23,stimulus,29.25,2.9444280783688235e-14
sub-23,stimulus,29.5,2.6867788936972826e-14
sub-23,stimulus,29.75,2.601952897437109e-14
sub-23,stimulus,30.0,2.8916639576860896e-14
sub-23,stimulus,30.25,2.78524206661297e-14
sub-23,stimulus,30.5,2.870558745745663e-14
sub-23,stimulus,30.75,2.7798149035251834e-14
sub-23,stimulus,31.0,2.6968161743995013e-14
sub-23,stimulus,31.25,2.9236446558927736e-14
sub-23,stimulus,31.5,3.137072994581591e-14
sub-23,stimulus,31.75,3.315325126957729e-14
sub-23,stimulus,32.0,2.4617637681583846e-14
sub-23,stimulus,32.25,2.3980607961427693e-14
sub-23,stimulus,32.5,2.7592750901539395e-14
sub-23,stimulus,32.75,2.901901133925065e-14
sub-23,stimulus,33.0,3.290410656496182e-14
sub-23,stimulus,33.25,3.172278049975069e-14
sub-23,stimulus,33.5,2.9789805051265504e-14
sub-23,stimulus,33.75,2.6671564788083976e-14
sub-23,stimulus,34.0,3.1064213329501774e-14
sub-23,stimulus,34.25,2.9501633464242746e-14
sub-23,stimulus,34.5,2.8297702972404447e-14
sub-23,stimulus,34.75,3.41605853957204e-14
sub-23,stimulus,35.0,2.9138195884647217e-14
sub-23,stimulus,35.25,2.7738622081999175e-14
sub-23,stimulus,35.5,2.4360906750163224e-14
sub-23,stimulus,35.75,2.5379454377246827e-14
sub-23,stimulus,36.0,2.52551289907532e-14
sub-23,stimulus,36.25,3.085573358436773e-14
sub-23,stimulus,36.5,3.2595140030303996e-14
sub-23,stimulus,36.75,2.8401364129776607e-14
sub-23,stimulus,37.0,3.10446035827265e-14
sub-23,stimulus,37.25,2.938886322670421e-14
sub-23,stimulus,37.5,2.873557385906475e-14
sub-23,stimulus,37.75,3.085223990069323e-14
sub-23,stimulus,38.0,2.772459514745604e-14
sub-23,stimulus,38.25,2.6113453761745978e-14
sub-23,stimulus,38.5,3.3180960011184547e-14
sub-23,stimulus,38.75,2.915725559944056e-14
sub-23,stimulus,39.0,3.251875439772886e-14
sub-23,stimulus,39.25,2.943143596027532e-14
sub-23,stimulus,39.5,2.929236567781766e-14
sub-23,stimulus,39.75,2.8320914939443136e-14
sub-23,stimulus,40.0,2.3889020842322863e-14
sub-23,stimulus,40.25,2.5568198991400016e-14
sub-23,stimulus,40.5,2.7716055525318037e-14
sub-23,stimulus,40.75,2.7821284123550635e-14
sub-23,stimulus,41.0,2.9538796657132533e-14
sub-23,stimulus,41.25,2.585718867531487e-14
sub-23,stimulus,41.5,2.0502247697681737e-14
sub-23,stimulus,41.75,2.6277920643836532e-14
sub-23,stimulus,42.0,2.432808695501573e-14
sub-23,stimulus,42.25,2.398271698408023e-14
sub-23,stimulus,42.5,2.465701564182704e-14
sub-23,stimulus,42.75,2.2832322398353944e-14
sub-23,stimulus,43.0,2.4237176055195862e-14
sub-23,stimulus,43.25,1.9291340013159775e-14
sub-23,stimulus,43.5,2.2327025669891994e-14
sub-23,stimulus,43.75,2.2452443876959746e-14
sub-23,stimulus,44.0,2.0145349376751688e-14
sub-23,stimulus,44.25,1.8376174448385188e-14
sub-23,stimulus,44.5,2.0059063511737335e-14
sub-23,stimulus,44.75,1.8603669973854265e-14
sub-23,stimulus,45.0,1.2836389108783362e-14
sub-23,stimulus,45.25,9.384369058134807e-15
sub-23,stimulus,45.5,6.574076374782046e-15
sub-23,stimulus,45.75,3.471710354110108e-15
sub-23,stimulus,46.0,1.8817476259923408e-15
sub-23,stimulus,46.25,9.027593995088225e-16
sub-23,stimulus,46.5,4.635413132039083e-16
sub-23,stimulus,46.75,1.69632748503195e-16
sub-23,stimulus,47.0,7.936152580775461e-17
sub-23,stimulus,47.25,5.118127303382219e-17
sub-23,stimulus,47.5,2.5959938833887215e-17
sub-23,stimulus,47.75,1.802294241877372e-17
sub-23,stimulus,48.0,9.519841477521753e-18
sub-23,stimulus,48.25,5.973501246790505e-18
sub-23,stimulus,48.5,2.9459255105528085e-18
sub-23,stimulus,48.75,1.9317075277422483e-18
sub-23,stimulus,49.0,1.531252667697499e-18
sub-23,stimulus,49.25,9.36334339039133e-19
sub-23,stimulus,49.5,7.19513095526493e-19
sub-23,stimulus,49.75,5.997077390632642e-19
sub-23,stimulus,50.0,5.59135170381631e-19
sub-23,stimulus,50.25,6.348324397807374e-19
sub-23,stimulus,50.5,9.968288977375874e-19
sub-23,stimulus,50.75,8.213979037606163e-19
sub-23,stimulus,51.0,1.560344551871075e-18
sub-23,stimulus,51.25,2.94926506198133e-18
sub-23,stimulus,51.5,4.485676798260254e-18
sub-23,stimulus,51.75,6.728519760618536e-18
sub-23,stimulus,52.0,1.0779677712537989e-17
sub-23,stimulus,52.25,1.8561156177959492e-17
sub-23,stimulus,52.5,3.0181562616928544e-17
sub-23,stimulus,52.75,6.187389520698958e-17
sub-23,stimulus,53.0,1.136018337439796e-16
sub-23,stimulus,53.25,2.5120563876104e-16
sub-23,stimulus,53.5,5.178003578687731e-16
sub-23,stimulus,53.75,1.0871353501371439e-15
sub-23,stimulus,54.0,2.378675065357423e-15
sub-23,stimulus,54.25,4.023828071437314e-15
sub-23,stimulus,54.5,6.422888912948466e-15
sub-23,stimulus,54.75,1.1775902221388876e-14
sub-23,stimulus,55.0,1.4517573966775702e-14
sub-24,rest,25.0,8.528017742553043e-14
sub-24,rest,25.25,7.858602575062988e-14
sub-24,rest,25.5,7.282890789314994e-14
sub-24,rest,25.75,5.752241662260979e-14
sub-24,rest,26.0,5.240061248701041e-14
sub-24,rest,26.25,5.647118717064671e-14
sub-24,rest,26.5,5.643629553696322e-14
sub-24,rest,26.75,5.770581018424148e-14
sub-24,rest,27.0,5.219900599398398e-14
sub-24,rest,27.25,4.1980405817582634e-14
sub-24,rest,27.5,4.8706162417584225e-14
sub-24,rest,27.75,5.026528122762943e-14
sub-24,rest,28.0,4.315484760333889e-14
sub-24,rest,28.25,4.6427591441312e-14
sub-24,rest,28.5,4.861640890939929e-14
sub-24,rest,28.75,4.383831660293594e-14
sub-24,rest,29.0,4.531482933480602e-14
sub-24,rest,29.25,4.725885898644184e-14
sub-24,rest,29.5,5.363173046219276e-14
sub-24,rest,29.75,4.82456626381381e-14
sub-24,rest,30.0,3.7372928994641235e-14
sub-24,rest,30.25,3.3869432193634706e-14
sub-24,rest,30.5,3.4665329259192835e-14
sub-24,rest,30.75,3.821575210522269e-14
sub-24,rest,31.0,3.9272904577269806e-14
sub-24,rest,31.25,3.2821314332382146e-14
sub-24,rest,31.5,3.9327263353612974e-14
sub-24,rest,31.75,2.8015780221226505e-14
sub-24,rest,32.0,3.1574928134696934e-14
sub-24,rest,32.25,3.3915021392343205e-14
sub-24,rest,32.5,3.9435701699207625e-14
sub-24,rest,32.75,3.1161778614320014e-14
sub-24,rest,33.0,2.5193493341858074e-14
sub-24,rest,33.25,2.55281171851266e-14
sub-24,rest,33.5,2.5992849359677214e-14
sub-24,rest,33.75,2.4106816722806252e-14
sub-24,rest,34.0,3.0292808728443893e-14
sub-24,rest,34.25,2.854288529105744e-14
sub-24,rest,34.5,2.474103210166658e-14
sub-24,rest,34.75,2.482199004696447e-14
sub-24,rest,35.0,2.71938279841398e-14
sub-24,rest,35.25,2.470155818750331e-14
sub-24,rest,35.5,2.7449425533939385e-14
sub-24,rest,35.75,2.6328937437324785e-14
sub-24,rest,36.0,2.3040565808803872e-14
sub-24,rest,36.25,2.4650674870556255e-14
sub-24,rest,36.5,2.5651686003804347e-14
sub-24,rest,36.75,2.7887858912398892e-14
sub-24,rest,37.0,2.497368968647034e-14
sub-24,rest,37.25,2.4213689320674937e-14
sub-24,rest,37.5,2.46478170785362e-14
sub-24,rest,37.75,3.1327716574918406e-14
sub-24,rest,38.0,2.6860557623483038e-14
sub-24,rest,38.25,2.3073872841845534e-14
sub-24,rest,38.5,3.1097014738399564e-14
sub-24,rest,38.75,2.7265662273641076e-14
sub-24,rest,39.0,2.662802363947684e-14
sub-24,rest,39.25,2.1075148044311544e-14
sub-24,rest,39.5,2.2981069185062367e-14
sub-24,rest,39.75,2.764068721137522e-14
sub-24,rest,40.0,2.9624027156485055e-14
sub-24,rest,40.25,3.211144026696191e-14
sub-24,rest,40.5,2.5781891268002598e-14
sub-24,rest,40.75,2.2463365086566778e-14
sub-24,rest,41.0,2.5939659187460522e-14
sub-24,rest,41.25,2.8339643586709473e-14
sub-24,rest,41.5,2.366426745010617e-14
sub-24,rest,41.75,2.1832062228510823e-14
sub-24,rest,42.0,2.309290300468757e-14
sub-24,rest,42.25,2.7535494293970965e-14
sub-24,rest,42.5,2.1945831258949556e-14
sub-24,rest,42.75,2.0173773178409006e-14
sub-24,rest,43.0,2.4848180924528486e-14
sub-24,rest,43.25,1.6454408563594464e-14
sub-24,rest,43.5,1.5588746818102652e-14
sub-24,rest,43.75,1.8845121522279402e-14
sub-24,rest,44.0,1.4996560864098886e-14
sub-24,rest,44.25,1.3619188478622042e-14
sub-24,rest,44.5,1.3670633992577623e-14
sub-24,rest,44.75,1.2519080127963208e-14
sub-24,rest,45.0,1.0815179783462987e-14
sub-24,rest,45.25,6.878303157062614e-15
sub-24,rest,45.5,5.4851647861895306e-15
sub-24,rest,45.75,2.7601826806756686e-15
sub-24,rest,46.0,1.21600797558103e-15
sub-24,rest,46.25,6.076969911362645e-16
sub-24,rest,46.5,2.668156995706344e-16
sub-24,rest,46.75,1.6133718904342812e-16
sub-24,rest,47.0,6.75513278090087e-17
sub-24,rest,47.25,3.101635503932727e-17
sub-24,rest,47.5,1.5010291776369263e-17
sub-24,rest,47.75,8.018204584849634e-18
sub-24,rest,48.0,4.42272737951306e-18
sub-24,rest,48.25,3.790192394338904e-18
sub-24,rest,48.5,2.2829697473416307e-18
sub-24,rest,48.75,1.486154031962542e-18
sub-24,rest,49.0,6.955577042075006e-19
sub-24,rest,49.25,5.94085119801262e-19
sub-24,rest,49.5,3.922736332199386e-19
sub-24,rest,49.75,3.983497751292143e-19
sub-24,rest,50.0,2.472041921818928e-19
sub-24,rest,50.25,2.2745286051953016e-19
sub-24,rest,50.5,3.6910249109265043e-19
sub-24,rest,50.75,8.13374107301229e-19
sub-24,rest,51.0,1.1550072217750101e-18
sub-24,rest,51.25,1.8021290759499737e-18
sub-24,rest,51.5,3.595431865861959e-18
sub-24,rest,51.75,5.957733274742739e-18
sub-24,rest,52.0,6.375319252296803e-18
sub-24,rest,52.25,1.3899229021163863e-17
sub-24,rest,52.5,3.610317357016343e-17
sub-24,rest,52.75,5.5326138609541574e-17
sub-24,rest,53.0,1.263633419822397e-16
sub-24,rest,53.25,2.1308781838779286e-16
sub-24,rest,53.5,3.8051311508981997e-16
sub-24,rest,53.75,8.455115924385025e-16
sub-24,rest,54.0,1.717944116081044e-15
sub-24,rest,54.25,2.6985053984850603e-15
sub-24,rest,54.5,5.355868013719673e-15
sub-24,rest,54.75,8.486080665271015e-15
sub-24,rest,55.0,9.107359816858979e-15
sub-24,stimulus,25.0,7.282840339969363e-14
sub-24,stimulus,25.25,8.023818218468143e-14
sub-24,stimulus,25.5,7.670043841193097e-14
sub-24,stimulus,25.75,7.299325749586182e-14
sub-24,stimulus,26.0,7.054382277361284e-14
sub-24,stimulus,26.25,7.775076175925146e-14
sub-24,stimulus,26.5,6.630124757401095e-14
sub-24,stimulus,26.75,6.217521111131572e-14
sub-24,stimulus,27.0,5.720440028118132e-14
sub-24,stimulus,27.25,6.34909802651324e-14
sub-24,stimulus,27.5,6.387139966616607e-14
sub-24,stimulus,27.75,6.061816932599944e-14
sub-24,stimulus,28.0,5.590160619354153e-14
sub-24,stimulus,28.25,5.123081121572719e-14
sub-24,stimulus,28.5,4.40564085845288e-14
sub-24,stimulus,28.75,4.60974605772404e-14
sub-24,stimulus,29.0,4.437922372277981e-14
sub-24,stimulus,29.25,4.725325743469301e-14
sub-24,stimulus,29.5,4.91943034619973e-14
sub-24,stimulus,29.75,4.4766924598031306e-14
sub-24,stimulus,30.0,4.046985537083851e-14
sub-24,stimulus,30.25,3.9340384120470994e-14
sub-24,stimulus,30.5,4.0171519837304316e-14
sub-24,stimulus,30.75,3.996918013120009e-14
sub-24,stimulus,31.0,3.417817564620645e-14
sub-24,stimulus,31.25,3.593387820934467e-14
sub-24,stimulus,31.5,3.570226343208391e-14
sub-24,stimulus,31.75,3.673776478216549e-14
sub-24,stimulus,32.0,3.0399417488768434e-14
sub-24,stimulus,32.25,3.1362868635863207e-14
sub-24,stimulus,32.5,2.889701053904433e-14
sub-24,stimulus,32.75,2.812381824791686e-14
sub-24,stimulus,33.0,2.9396014446772325e-14
sub-24,stimulus,33.25,3.0519450095058676e-14
sub-24,stimulus,33.5,2.974254258437953e-14
sub-24,stimulus,33.75,2.6995679724676077e-14
sub-24,stimulus,34.0,2.6733330355245854e-14
sub-24,stimulus,34.25,2.7168459584545166e-14
sub-24,stimulus,34.5,2.781065486253445e-14
sub-24,stimulus,34.75,2.5466332754792756e-14
sub-24,stimulus,35.0,2.702304518117592e-14
sub-24,stimulus,35.25,3.2342275521372856e-14
sub-24,stimulus,35.5,3.0003590822409325e-14
sub-24,stimulus,35.75,2.8215043376132516e-14
sub-24,stimulus,36.0,2.4233626384676388e-14
sub-24,stimulus,36.25,2.6807354160993682e-14
sub-24,stimulus,36.5,2.5398692460371626e-14
sub-24,stimulus,36.75,2.619301605721795e-14
sub-24,stimulus,37.0,2.8013344194218902e-14
sub-24,stimulus,37.25,2.3814191044417392e-14
sub-24,stimulus,37.5,2.3683595677603478e-14
sub-24,stimulus,37.75,2.802337071289469e-14
sub-24,stimulus,38.0,2.2992864187414185e-14
sub-24,stimulus,38.25,2.0084101692282534e-14
sub-24,stimulus,38.5,2.4028973669517845e-14
sub-24,stimulus,38.75,2.1238719029196862e-14
sub-24,stimulus,39.0,2.3720713439419004e-14
sub-24,stimulus,39.25,2.3890237480157817e-14
sub-24,stimulus,39.5,2.2730399005398054e-14
sub-24,stimulus,39.75,2.532752321810126e-14
sub-24,stimulus,40.0,2.98622267478504e-14
sub-24,stimulus,40.25,2.643923536679854e-14
sub-24,stimulus,40.5,2.2343731427489757e-14
sub-24,stimulus,40.75,2.376890339145572e-14
sub-24,stimulus,41.0,2.3821243011821563e-14
sub-24,stimulus,41.25,2.1409792877099478e-14
sub-24,stimulus,41.5,1.9170844033200563e-14
sub-24,stimulus,41.75,2.408294367031613e-14
sub-24,stimulus,42.0,1.807359078079538e-14
sub-24,stimulus,42.25,1.7356109837089676e-14
sub-24,stimulus,42.5,1.9470824174540153e-14
sub-24,stimulus,42.75,1.994026743463144e-14
sub-24,stimulus,43.0,2.0944214372646092e-14
sub-24,stimulus,43.25,2.3427434089972652e-14
sub-24,stimulus,43.5,2.1994885238988637e-14
sub-24,stimulus,43.75,1.705519378372089e-14
sub-24,stimulus,44.0,1.898543965979428e-14
sub-24,stimulus,44.25,1.6687632080199487e-14
sub-24,stimulus,44.5,1.533542508575374e-14
sub-24,stimulus,44.75,1.3402978740527758e-14
sub-24,stimulus,45.0,9.842578881178156e-15
sub-24,stimulus,45.25,6.559272534757928e-15
sub-24,stimulus,45.5,3.960850483924868e-15
sub-24,stimulus,45.75,2.215026801223258e-15
sub-24,stimulus,46.0,1.200476234736302e-15
sub-24,stimulus,46.25,6.290313206205995e-16
sub-24,stimulus,46.5,2.62576211620026e-16
sub-24,stimulus,46.75,1.162805428196111e-16
sub-24,stimulus,47.0,5.82853599500214e-17
sub-24,stimulus,47.25,2.7475661606828344e-17
sub-24,stimulus,47.5,1.594379131251383e-17
sub-24,stimulus,47.75,8.445861995559213e-18
sub-24,stimulus,48.0,5.461779316317574e-18
sub-24,stimulus,48.25,3.5516787896266836e-18
sub-24,stimulus,48.5,2.039347515919438e-18
sub-24,stimulus,48.75,1.3499912257191388e-18
sub-24,stimulus,49.0,8.159507520659097e-19
sub-24,stimulus,49.25,5.065765340841637e-19
sub-24,stimulus,49.5,3.749765702384077e-19
sub-24,stimulus,49.75,3.9460522418586457e-19
sub-24,stimulus,50.0,3.709656579433359e-19
sub-24,stimulus,50.25,3.206002947627133e-19
sub-24,stimulus,50.5,4.138881199499121e-19
sub-24,stimulus,50.75,5.026839117702764e-19
sub-24,stimulus,51.0,6.803470412642714e-19
sub-24,stimulus,51.25,9.324671099987097e-19
sub-24,stimulus,51.5,2.0862024739959325e-18
sub-24,stimulus,51.75,4.553376145617999e-18
sub-24,stimulus,52.0,7.142191614855327e-18
sub-24,stimulus,52.25,1.2670906358855485e-17
sub-24,stimulus,52.5,2.4581301216220955e-17
sub-24,stimulus,52.75,5.286502076420827e-17
sub-24,stimulus,53.0,1.0487217273958504e-16
sub-24,stimulus,53.25,2.2201703206896162e-16
sub-24,stimulus,53.5,3.4435975210973265e-16
sub-24,stimulus,53.75,7.482024182528196e-16
sub-24,stimulus,54.0,1.7656719091243536e-15
sub-24,stimulus,54.25,3.2425278566546175e-15
sub-24,stimulus,54.5,5.1513205987386975e-15
sub-24,stimulus,54.75,7.740649676204588e-15
sub-24,stimulus,55.0,9.872928444589922e-15
sub-25,rest,25.0,4.36797322588302e-13
sub-25,rest,25.25,5.452293988349042e-13
sub-25,rest,25.5,4.940146051504143e-13
sub-25,rest,25.75,3.8900698012724505e-13
sub-25,rest,26.0,3.554529931128049e-13
sub-25,rest,26.25,3.658479541466915e-13
sub-25,rest,26.5,2.784131884733939e-13
sub-25,rest,26.75,2.9583772881270726e-13
sub-25,rest,27.0,2.783409037818375e-13
sub-25,rest,27.25,3.2737718983901177e-13
sub-25,rest,27.5,2.815789478600449e-13
sub-25,rest,27.75,3.1919064046950846e-13
sub-25,rest,28.0,3.9033961231833435e-13
sub-25,rest,28.25,3.348373571602318e-13
sub-25,rest,28.5,3.376390303799286e-13
sub-25,rest,28.75,3.3242485578747425e-13
sub-25,rest,29.0,2.313091839976062e-13
sub-25,rest,29.25,3.103894040478171e-13
sub-25,rest,29.5,2.59536299335548e-13
sub-25,rest,29.75,2.1477672591320275e-13
sub-25,rest,30.0,2.440356492250243e-13
sub-25,rest,30.25,2.6846778875014986e-13
sub-25,rest,30.5,2.6993339996373874e-13
sub-25,rest,30.75,2.991755239410175e-13
sub-25,rest,31.0,2.2821554385477604e-13
sub-25,rest,31.25,2.5483710656619524e-13
sub-25,rest,31.5,2.432777539442553e-13
sub-25,rest,31.75,2.3407054145332994e-13
sub-25,rest,32.0,3.484084964980243e-13
sub-25,rest,32.25,4.293660755833289e-13
sub-25,rest,32.5,2.546770730181014e-13
sub-25,rest,32.75,2.6842683232418156e-13
sub-25,rest,33.0,2.9473707731005316e-13
sub-25,rest,33.25,2.9929335438986876e-13
sub-25,rest,33.5,4.21538801427368e-13
sub-25,rest,33.75,5.132618807362811e-13
sub-25,rest,34.0,4.20601600491212e-13
sub-25,rest,34.25,3.654789461069071e-13
sub-25,rest,34.5,3.78362421602207e-13
sub-25,rest,34.75,3.8204847766012177e-13
sub-25,rest,35.0,3.607475582254392e-13
sub-25,rest,35.25,4.2783812110725537e-13
sub-25,rest,35.5,3.5930806498155956e-13
sub-25,rest,35.75,3.455214462948623e-13
sub-25,rest,36.0,5.040768719147918e-13
sub-25,rest,36.25,4.4808230177407124e-13
sub-25,rest,36.5,3.9030744400915347e-13
sub-25,rest,36.75,3.4391445404468513e-13
sub-25,rest,37.0,3.5652024218302994e-13
sub-25,rest,37.25,3.0832075342708463e-13
sub-25,rest,37.5,3.5891149644494887e-13
sub-25,rest,37.75,2.871538425675361e-13
sub-25,rest,38.0,3.03773938547249e-13
sub-25,rest,38.25,3.780169691561491e-13
sub-25,rest,38.5,3.3394579360449785e-13
sub-25,rest,38.75,3.269407461454342e-13
sub-25,rest,39.0,3.5338587399219474e-13
sub-25,rest,39.25,3.248602088928996e-13
sub-25,rest,39.5,2.622034627897197e-13
sub-25,rest,39.75,3.1714839164866004e-13
sub-25,rest,40.0,4.095510030494329e-13
sub-25,rest,40.25,4.5139295733472726e-13
sub-25,rest,40.5,4.0019233638355343e-13
sub-25,rest,40.75,3.2562934498900717e-13
sub-25,rest,41.0,3.6897510433152083e-13
sub-25,rest,41.25,4.123775099896579e-13
sub-25,rest,41.5,3.0974487058612203e-13
sub-25,rest,41.75,2.741418235451266e-13
sub-25,rest,42.0,3.095038616920023e-13
sub-25,rest,42.25,3.780807602645324e-13
sub-25,rest,42.5,4.5290198152801513e-13
sub-25,rest,42.75,3.6400226257615954e-13
sub-25,rest,43.0,3.515180122724955e-13
sub-25,rest,43.25,3.4508961916705834e-13
sub-25,rest,43.5,3.4861348364640227e-13
sub-25,rest,43.75,3.4345379678905964e-13
sub-25,rest,44.0,4.321916471275056e-13
sub-25,rest,44.25,3.497797391371505e-13
sub-25,rest,44.5,3.6503626218657296e-13
sub-25,rest,44.75,3.0217312207990865e-13
sub-25,rest,45.0,1.8739128432119853e-13
sub-25,rest,45.25,1.5518894281458476e-13
sub-25,rest,45.5,8.878603443893811e-14
sub-25,rest,45.75,4.429658258692346e-14
sub-25,rest,46.0,2.49948203857554e-14
sub-25,rest,46.25,1.151905537253798e-14
sub-25,rest,46.5,5.194136752924001e-15
sub-25,rest,46.75,2.158335837788919e-15
sub-25,rest,47.0,8.632287990767316e-16
sub-25,rest,47.25,6.174511729941054e-16
sub-25,rest,47.5,2.739340310927282e-16
sub-25,rest,47.75,1.0009179354754966e-16
sub-25,rest,48.0,6.453785412592782e-17
sub-25,rest,48.25,3.815920324073526e-17
sub-25,rest,48.5,2.991305198828515e-17
sub-25,rest,48.75,2.04077953347534e-17
sub-25,rest,49.0,1.6527789661111122e-17
sub-25,rest,49.25,8.316164607313336e-18
sub-25,rest,49.5,5.521702222525791e-18
sub-25,rest,49.75,2.6072403957540757e-18
sub-25,rest,50.0,3.1113842438926634e-18
sub-25,rest,50.25,5.168220937699162e-18
sub-25,rest,50.5,3.718533861801796e-18
sub-25,rest,50.75,1.0103554364856082e-17
sub-25,rest,51.0,1.8910158579526044e-17
sub-25,rest,51.25,2.810594167828853e-17
sub-25,rest,51.5,2.4861727353033132e-17
sub-25,rest,51.75,3.5111972778410936e-17
sub-25,rest,52.0,1.0234247459736209e-16
sub-25,rest,52.25,1.3698929203390214e-16
sub-25,rest,52.5,3.8867217237023126e-16
sub-25,rest,52.75,7.156584922176378e-16
sub-25,rest,53.0,1.4605293160941314e-15
sub-25,rest,53.25,3.836538042630954e-15
sub-25,rest,53.5,7.479728965372474e-15
sub-25,rest,53.75,1.2910425940248379e-14
sub-25,rest,54.0,2.246068244082708e-14
sub-25,rest,54.25,5.960810099745472e-14
sub-25,rest,54.5,1.0734605977369981e-13
sub-25,rest,54.75,1.268903119224056e-13
sub-25,rest,55.0,1.7913986805018817e-13
sub-25,stimulus,25.0,4.785833884741162e-13
sub-25,stimulus,25.25,4.195168535453149e-13
sub-25,stimulus,25.5,3.779708723988778e-13
sub-25,stimulus,25.75,3.7191001713986213e-13
sub-25,stimulus,26.0,3.3239056645472656e-13
sub-25,stimulus,26.25,3.2368275152324816e-13
sub-25,stimulus,26.5,3.6140437126287943e-13
sub-25,stimulus,26.75,3.687583033165261e-13
sub-25,stimulus,27.0,3.0741836472984965e-13
sub-25,stimulus,27.25,2.9376388174290177e-13
sub-25,stimulus,27.5,3.1847187341541833e-13
sub-25,stimulus,27.75,3.117771530628448e-13
sub-25,stimulus,28.0,3.385751242850904e-13
sub-25,stimulus,28.25,3.2693175215032325e-13
sub-25,stimulus,28.5,3.2327778380774943e-13
sub-25,stimulus,28.75,3.1027598581099955e-13
sub-25,stimulus,29.0,3.419407711158646e-13
sub-25,stimulus,29.25,2.91850065686775e-13
sub-25,stimulus,29.5,3.0733625262602535e-13
sub-25,stimulus,29.75,3.2662792475414056e-13
sub-25,stimulus,30.0,3.3768691234915e-13
sub-25,stimulus,30.25,3.057497449777936e-13
sub-25,stimulus,30.5,3.6380606384878735e-13
sub-25,stimulus,30.75,3.159595089681505e-13
sub-25,stimulus,31.0,3.159440558702433e-13
sub-25,stimulus,31.25,3.7772996899764904e-13
sub-25,stimulus,31.5,3.5275295752388937e-13
sub-25,stimulus,31.75,3.3342929800079486e-13
sub-25,stimulus,32.0,2.7353496833352096e-13
sub-25,stimulus,32.25,3.01324381153385e-13
sub-25,stimulus,32.5,3.1132818142689897e-13
sub-25,stimulus,32.75,3.089519199976738e-13
sub-25,stimulus,33.0,3.2755019465892454e-13
sub-25,stimulus,33.25,3.901693700706202e-13
sub-25,stimulus,33.5,3.6838679733245913e-13
sub-25,stimulus,33.75,2.8683349353859406e-13
sub-25,stimulus,34.0,2.9972466155027097e-13
sub-25,stimulus,34.25,3.061179927699302e-13
sub-25,stimulus,34.5,3.3108185122978785e-13
sub-25,stimulus,34.75,3.3951632050638363e-13
sub-25,stimulus,35.0,3.701566842981438e-13
sub-25,stimulus,35.25,2.8963467403452535e-13
sub-25,stimulus,35.5,2.881686306694835e-13
sub-25,stimulus,35.75,3.194903495426961e-13
sub-25,stimulus,36.0,3.194525474420129e-13
sub-25,stimulus,36.25,3.864567300932115e-13
sub-25,stimulus,36.5,3.482699685489131e-13
sub-25,stimulus,36.75,4.127398837579179e-13
sub-25,stimulus,37.0,4.350858029371107e-13
sub-25,stimulus,37.25,3.979572949735497e-13
sub-25,stimulus,37.5,3.1981660338893635e-13
sub-25,stimulus,37.75,3.2909195787464955e-13
sub-25,stimulus,38.0,3.3729305218125126e-13
sub-25,stimulus,38.25,3.8974850723381065e-13
sub-25,stimulus,38.5,3.9246934479875563e-13
sub-25,stimulus,38.75,3.5004807549495855e-13
sub-25,stimulus,39.0,3.951731941148948e-13
sub-25,stimulus,39.25,3.6738928844216766e-13
sub-25,stimulus,39.5,3.5054105855754365e-13
sub-25,stimulus,39.75,3.4178154109475626e-13
sub-25,stimulus,40.0,3.5871647387469337e-13
sub-25,stimulus,40.25,3.6112712044397694e-13
sub-25,stimulus,40.5,3.278950353687295e-13
sub-25,stimulus,40.75,3.7104773829939345e-13
sub-25,stimulus,41.0,3.456753311308761e-13
sub-25,stimulus,41.25,2.907033810028273e-13
sub-25,stimulus,41.5,3.1133065823311455e-13
sub-25,stimulus,41.75,3.464813093311476e-13
sub-25,stimulus,42.0,3.1547910536385715e-13
sub-25,stimulus,42.25,3.8421887876013235e-13
sub-25,stimulus,42.5,3.458877275245886e-13
sub-25,stimulus,42.75,3.713974064533458e-13
sub-25,stimulus,43.0,4.0664751103172075e-13
sub-25,stimulus,43.25,3.2674013818102355e-13
sub-25,stimulus,43.5,3.672160353316717e-13
sub-25,stimulus,43.75,3.31960776125555e-13
sub-25,stimulus,44.0,2.9181004492554227e-13
sub-25,stimulus,44.25,3.0850663406568124e-13
sub-25,stimulus,44.5,2.7998954610331455e-13
sub-25,stimulus,44.75,2.2574531292248764e-13
sub-25,stimulus,45.0,1.9690057434677988e-13
sub-25,stimulus,45.25,1.2532640759040655e-13
sub-25,stimulus,45.5,7.463800589703572e-14
sub-25,stimulus,45.75,4.2088835524076665e-14
sub-25,stimulus,46.0,2.623473181341513e-14
sub-25,stimulus,46.25,1.4727081204900643e-14
sub-25,stimulus,46.5,7.000209831678701e-15
sub-25,stimulus,46.75,2.3711965957688453e-15
sub-25,stimulus,47.0,9.42471032005485e-16
sub-25,stimulus,47.25,5.35350809858136e-16
sub-25,stimulus,47.5,3.3523034830317243e-16
sub-25,stimulus,47.75,1.5876492211828805e-16
sub-25,stimulus,48.0,6.940517239410934e-17
sub-25,stimulus,48.25,5.052772551905938e-17
sub-25,stimulus,48.5,2.7136853110675175e-17
sub-25,stimulus,48.75,1.9804525553400717e-17
sub-25,stimulus,49.0,1.0713713290607976e-17
sub-25,stimulus,49.25,8.584242528345146e-18
sub-25,stimulus,49.5,6.202868841443743e-18
sub-25,stimulus,49.75,4.7445630394393056e-18
sub-25,stimulus,50.0,5.688177245749888e-18
sub-25,stimulus,50.25,4.290387377582026e-18
sub-25,stimulus,50.5,7.485988952345844e-18
sub-25,stimulus,50.75,1.1714045101387826e-17
sub-25,stimulus,51.0,1.973218375139106e-17
sub-25,stimulus,51.25,2.7908409847029686e-17
sub-25,stimulus,51.5,4.6261651277109665e-17
sub-25,stimulus,51.75,7.137077758608457e-17
sub-25,stimulus,52.0,8.49954788861405e-17
sub-25,stimulus,52.25,1.3713676029507573e-16
sub-25,stimulus,52.5,3.057308163125609e-16
sub-25,stimulus,52.75,8.396093394925403e-16
sub-25,stimulus,53.0,2.133128737549658e-15
sub-25,stimulus,53.25,3.727244344782523e-15
sub-25,stimulus,53.5,8.077905928617514e-15
sub-25,stimulus,53.75,1.3429890577912046e-14
sub-25,stimulus,54.0,2.7996385849219535e-14
sub-25,stimulus,54.25,5.2242038723192286e-14
sub-25,stimulus,54.5,8.543080846682082e-14
sub-25,stimulus,54.75,1.517836791690512e-13
sub-25,stimulus,55.0,2.1311399989710545e-13
sub-26,rest,25.0,9.599836283188414e-14
sub-26,rest,25.25,8.927354043015578e-14
sub-26,rest,25.5,9.28357606296693e-14
sub-26,rest,25.75,7.026678561124187e-14
sub-26,rest,26.0,7.03998350655777e-14
sub-26,rest,26.25,7.17484450080751e-14
sub-26,rest,26.5,6.383692239624683e-14
sub-26,rest,26.75,6.093376731011665e-14
sub-26,rest,27.0,5.031808893286766e-14
sub-26,rest,27.25,5.287000771936761e-14
sub-26,rest,27.5,5.5611615941087415e-14
sub-26,rest,27.75,5.967554609726429e-14
sub-26,rest,28.0,5.031338773808754e-14
sub-26,rest,28.25,4.8016663752893273e-14
sub-26,rest,28.5,4.41253977538944e-14
sub-26,rest,28.75,5.1487391167123805e-14
sub-26,rest,29.0,4.3525529603113554e-14
sub-26,rest,29.25,4.528726525438348e-14
sub-26,rest,29.5,4.122913010712101e-14
sub-26,rest,29.75,4.017284669495793e-14
sub-26,rest,30.0,4.337056517001947e-14
sub-26,rest,30.25,4.2240662073650123e-14
sub-26,rest,30.5,3.1058292985119193e-14
sub-26,rest,30.75,3.179910673439651e-14
sub-26,rest,31.0,3.048500434147039e-14
sub-26,rest,31.25,2.9489264412188017e-14
sub-26,rest,31.5,2.75661165282433e-14
sub-26,rest,31.75,2.876447958799294e-14
sub-26,rest,32.0,3.0200738793682536e-14
sub-26,rest,32.25,2.6140874523198455e-14
sub-26,rest,32.5,2.331120907355579e-14
sub-26,rest,32.75,2.5677036652759157e-14
sub-26,rest,33.0,2.4170479296060648e-14
sub-26,rest,33.25,2.149106203563331e-14
sub-26,rest,33.5,2.3327324569607148e-14
sub-26,rest,33.75,2.1556249484140436e-14
sub-26,rest,34.0,2.091970962808296e-14
sub-26,rest,34.25,2.4083663472516745e-14
sub-26,rest,34.5,1.9593832337126933e-14
sub-26,rest,34.75,2.5191551025941384e-14
sub-26,rest,35.0,2.0488682537228643e-14
sub-26,rest,35.25,2.1922393101985365e-14
sub-26,rest,35.5,2.3344303696107457e-14
sub-26,rest,35.75,2.3067999350125418e-14
sub-26,rest,36.0,1.6334897224976712e-14
sub-26,rest,36.25,1.669356731244574e-14
sub-26,rest,36.5,1.5301966994118888e-14
sub-26,rest,36.75,1.6641485187346677e-14
sub-26,rest,37.0,1.621019909846809e-14
sub-26,rest,37.25,1.8589678366512322e-14
sub-26,rest,37.5,1.879605758895551e-14
sub-26,rest,37.75,1.463249738354741e-14
sub-26,rest,38.0,1.6191348433466334e-14
sub-26,rest,38.25,2.089918011277856e-14
sub-26,rest,38.5,1.618011284184586e-14
sub-26,rest,38.75,1.3081392560007221e-14
sub-26,rest,39.0,1.4334427276128963e-14
sub-26,rest,39.25,1.5397330860413616e-14
sub-26,rest,39.5,1.772253591312688e-14
sub-26,rest,39.75,1.9215500294694524e-14
sub-26,rest,40.0,1.8664815005495814e-14
sub-26,rest,40.25,1.9251145281626393e-14
sub-26,rest,40.5,1.5460603247173816e-14
sub-26,rest,40.75,1.6712112227357712e-14
sub-26,rest,41.0,1.585630802796902e-14
sub-26,rest,41.25,1.8742965960905568e-14
sub-26,rest,41.5,1.6071482986998076e-14
sub-26,rest,41.75,1.3965537520749181e-14
sub-26,rest,42.0,1.7583676235684568e-14
sub-26,rest,42.25,1.6457579557562168e-14
sub-26,rest,42.5,1.514435876617493e-14
sub-26,rest,42.75,1.6286918997902474e-14
sub-26,rest,43.0,1.7564501537594445e-14
sub-26,rest,43.25,1.34952008058885e-14
sub-26,rest,43.5,1.536764412651045e-14
sub-26,rest,43.75,1.4606885460448095e-14
sub-26,rest,44.0,1.435884561181258e-14
sub-26,rest,44.25,1.0985331072959155e-14
sub-26,rest,44.5,9.332476872909594e-15
sub-26,rest,44.75,9.55443601301712e-15
sub-26,rest,45.0,8.348710141855678e-15
sub-26,rest,45.25,5.33164589492492e-15
sub-26,rest,45.5,3.2337431268980804e-15
sub-26,rest,45.75,1.930317960779786e-15
sub-26,rest,46.0,1.0967255682722364e-15
sub-26,rest,46.25,5.462927946050768e-16
sub-26,rest,46.5,3.135735490202894e-16
sub-26,rest,46.75,1.5891514048747567e-16
sub-26,rest,47.0,7.091763833288505e-17
sub-26,rest,47.25,3.6134663094324225e-17
sub-26,rest,47.5,2.1065802970255523e-17
sub-26,rest,47.75,1.5090879877276337e-17
sub-26,rest,48.0,9.21642700575023e-18
sub-26,rest,48.25,5.359495874779951e-18
sub-26,rest,48.5,4.885160965118247e-18
sub-26,rest,48.75,2.794391735614958e-18
sub-26,rest,49.0,1.6702334286937985e-18
sub-26,rest,49.25,1.2761390056751689e-18
sub-26,rest,49.5,7.949222031424465e-19
sub-26,rest,49.75,5.970396374038437e-19
sub-26,rest,50.0,5.866874876191962e-19
sub-26,rest,50.25,5.773319853191917e-19
sub-26,rest,50.5,6.188634249279998e-19
sub-26,rest,50.75,7.311285128048109e-19
sub-26,rest,51.0,1.4155521714371204e-18
sub-26,rest,51.25,2.4898969285394934e-18
sub-26,rest,51.5,3.417787901428585e-18
sub-26,rest,51.75,5.717152450414501e-18
sub-26,rest,52.0,1.0706100801901342e-17
sub-26,rest,52.25,1.788854696987507e-17
sub-26,rest,52.5,3.52862686523826e-17
sub-26,rest,52.75,6.393940216506361e-17
sub-26,rest,53.0,9.607067302894623e-17
sub-26,rest,53.25,1.5723129800637076e-16
sub-26,rest,53.5,3.911046036501298e-16
sub-26,rest,53.75,8.235850461606236e-16
sub-26,rest,54.0,1.1694464096814264e-15
sub-26,rest,54.25,2.5205221111160865e-15
sub-26,rest,54.5,3.968874777957965e-15
sub-26,rest,54.75,4.686108858212733e-15
sub-26,rest,55.0,6.613721743123565e-15
sub-26,stimulus,25.0,1.0757732878124341e-13
sub-26,stimulus,25.25,1.00715931626389e-13
sub-26,stimulus,25.5,8.985712302926038e-14
sub-26,stimulus,25.75,8.688915817704986e-14
sub-26,stimulus,26.0,8.630283111609101e-14
sub-26,stimulus,26.25,7.318471697376536e-14
sub-26,stimulus,26.5,7.44961240165376e-14
sub-26,stimulus,26.75,7.50492017537277e-14
sub-26,stimulus,27.0,6.703531960670505e-14
sub-26,stimulus,27.25,6.699111791320172e-14
sub-26,stimulus,27.5,5.4205154155971425e-14
sub-26,stimulus,27.75,5.6468475715324454e-14
sub-26,stimulus,28.0,5.6529818838408963e-14
sub-26,stimulus,28.25,5.6090876685566534e-14
sub-26,stimulus,28.5,5.52552541411119e-14
sub-26,stimulus,28.75,4.8402639247873216e-14
sub-26,stimulus,29.0,4.383281211920576e-14
sub-26,stimulus,29.25,4.224715764483257e-14
sub-26,stimulus,29.5,3.947530398887413e-14
sub-26,stimulus,29.75,3.931665171821496e-14
sub-26,stimulus,30.0,4.157305477909783e-14
sub-26,stimulus,30.25,4.162094537147158e-14
sub-26,stimulus,30.5,3.959482479848473e-14
sub-26,stimulus,30.75,3.505840944214362e-14
sub-26,stimulus,31.0,3.5015941866967845e-14
sub-26,stimulus,31.25,3.3777977437614864e-14
sub-26,stimulus,31.5,2.9855147108495544e-14
sub-26,stimulus,31.75,3.4348909472009427e-14
sub-26,stimulus,32.0,3.3070665702020173e-14
sub-26,stimulus,32.25,3.171800250614184e-14
sub-26,stimulus,32.5,2.919431908371328e-14
sub-26,stimulus,32.75,2.6427288335503543e-14
sub-26,stimulus,33.0,2.5649286242452463e-14
sub-26,stimulus,33.25,2.5065493457545236e-14
sub-26,stimulus,33.5,2.5735328305427487e-14
sub-26,stimulus,33.75,2.2979494152946242e-14
sub-26,stimulus,34.0,2.2466754538639927e-14
sub-26,stimulus,34.25,2.1109284725153534e-14
sub-26,stimulus,34.5,1.971537869721327e-14
sub-26,stimulus,34.75,1.8759110271293623e-14
sub-26,stimulus,35.0,2.1428691385848667e-14
sub-26,stimulus,35.25,1.838653140599253e-14
sub-26,stimulus,35.5,2.2353915143041065e-14
sub-26,stimulus,35.75,1.9833381765497356e-14
sub-26,stimulus,36.0,1.966705027480178e-14
sub-26,stimulus,36.25,2.0328628924576234e-14
sub-26,stimulus,36.5,1.9359973320518797e-14
sub-26,stimulus,36.75,1.7723121983743942e-14
sub-26,stimulus,37.0,2.018142294332111e-14
sub-26,stimulus,37.25,2.0049436109354626e-14
sub-26,stimulus,37.5,1.943444108090822e-14
sub-26,stimulus,37.75,1.7557034270750676e-14
sub-26,stimulus,38.0,1.510721162963883e-14
sub-26,stimulus,38.25,1.734360496435652e-14
sub-26,stimulus,38.5,1.7960342167590506e-14
sub-26,stimulus,38.75,1.892440735971564e-14
sub-26,stimulus,39.0,1.7163756501379385e-14
sub-26,stimulus,39.25,1.7114694621969347e-14
sub-26,stimulus,39.5,1.6036472954538196e-14
sub-26,stimulus,39.75,1.915265894823818e-14
sub-26,stimulus,40.0,3.0638335095249766e-14
sub-26,stimulus,40.25,2.4337843269018233e-14
sub-26,stimulus,40.5,1.7737416432807914e-14
sub-26,stimulus,40.75,1.5978672124656442e-14
sub-26,stimulus,41.0,1.3783520681807365e-14
sub-26,stimulus,41.25,1.6273777273853585e-14
sub-26,stimulus,41.5,1.3966200198425748e-14
sub-26,stimulus,41.75,1.184149224522597e-14
sub-26,stimulus,42.0,1.3993032017287302e-14
sub-26,stimulus,42.25,1.5263875490687827e-14
sub-26,stimulus,42.5,1.5422770623218983e-14
sub-26,stimulus,42.75,1.4670510234433096e-14
sub-26,stimulus,43.0,1.3024517177980388e-14
sub-26,stimulus,43.25,1.1719859645071446e-14
sub-26,stimulus,43.5,1.497052743751662e-14
sub-26,stimulus,43.75,1.583091713945576e-14
sub-26,stimulus,44.0,1.3144064771118572e-14
sub-26,stimulus,44.25,1.1447273547076601e-14
sub-26,stimulus,44.5,1.2200739447282637e-14
sub-26,stimulus,44.75,9.86123005038123e-15
sub-26,stimulus,45.0,7.613210889806678e-15
sub-26,stimulus,45.25,5.8418554746481434e-15
sub-26,stimulus,45.5,3.5262297478904958e-15
sub-26,stimulus,45.75,2.156244457713162e-15
sub-26,stimulus,46.0,1.179978444796791e-15
sub-26,stimulus,46.25,5.124648010829538e-16
sub-26,stimulus,46.5,2.458828812237132e-16
sub-26,stimulus,46.75,1.3130576825528396e-16
sub-26,stimulus,47.0,6.70028949655172e-17
sub-26,stimulus,47.25,3.334013200470947e-17
sub-26,stimulus,47.5,2.291789231100353e-17
sub-26,stimulus,47.75,1.4281854985334687e-17
sub-26,stimulus,48.0,6.699218572265798e-18
sub-26,stimulus,48.25,5.068465393578784e-18
sub-26,stimulus,48.5,3.036363870662245e-18
sub-26,stimulus,48.75,1.7186869893993435e-18
sub-26,stimulus,49.0,1.1300602178141916e-18
sub-26,stimulus,49.25,7.935114503202847e-19
sub-26,stimulus,49.5,6.755776601967856e-19
sub-26,stimulus,49.75,5.193243619139759e-19
sub-26,stimulus,50.0,4.50063878624875e-19
sub-26,stimulus,50.25,6.016398690910639e-19
sub-26,stimulus,50.5,9.28451655165932e-19
sub-26,stimulus,50.75,9.66229160535964e-19
sub-26,stimulus,51.0,1.5996641855590015e-18
sub-26,stimulus,51.25,2.647880962200171e-18
sub-26,stimulus,51.5,5.2696800854684024e-18
sub-26,stimulus,51.75,7.514858657071912e-18
sub-26,stimulus,52.0,1.1710959123018943e-17
sub-26,stimulus,52.25,1.6638116396783085e-17
sub-26,stimulus,52.5,3.1917871500861094e-17
sub-26,stimulus,52.75,5.0740898455186136e-17
sub-26,stimulus,53.0,1.0259229608648545e-16
sub-26,stimulus,53.25,1.9105920308966802e-16
sub-26,stimulus,53.5,3.158346140344687e-16
sub-26,stimulus,53.75,7.161312855462164e-16
sub-26,stimulus,54.0,1.3710521544181173e-15
sub-26,stimulus,54.25,2.0942367911419433e-15
sub-26,stimulus,54.5,3.0389946830157033e-15
sub-26,stimulus,54.75,5.218716420670402e-15
sub-26,stimulus,55.0,7.66479672808739e-15
sub-27,rest,25.0,7.526670799571066e-14
sub-27,rest,25.25,7.805023373171159e-14
sub-27,rest,25.5,8.114443903555725e-14
sub-27,rest,25.75,7.563533101971867e-14
sub-27,rest,26.0,5.739693483807234e-14
sub-27,rest,26.25,6.292502697961559e-14
sub-27,rest,26.5,5.804254061618321e-14
sub-27,rest,26.75,5.3976438442410006e-14
sub-27,rest,27.0,6.432834677899502e-14
sub-27,rest,27.25,5.431495839605928e-14
sub-27,rest,27.5,4.8912358365646365e-14
sub-27,rest,27.75,4.3159103949688944e-14
sub-27,rest,28.0,4.582550081140753e-14
sub-27,rest,28.25,4.6329643868124845e-14
sub-27,rest,28.5,3.8939442951099966e-14
sub-27,rest,28.75,3.3778542651656896e-14
sub-27,rest,29.0,3.325989058302516e-14
sub-27,rest,29.25,3.876623626862191e-14
sub-27,rest,29.5,3.20719195928559e-14
sub-27,rest,29.75,3.631331984105458e-14
sub-27,rest,30.0,3.967157888992102e-14
sub-27,rest,30.25,3.5594187054131244e-14
sub-27,rest,30.5,3.8986040438841554e-14
sub-27,rest,30.75,3.698311203809238e-14
sub-27,rest,31.0,3.659944867114034e-14
sub-27,rest,31.25,4.0785641949876634e-14
sub-27,rest,31.5,3.381333892208265e-14
sub-27,rest,31.75,3.132479291094958e-14
sub-27,rest,32.0,3.402200802050712e-14
sub-27,rest,32.25,2.8335540078833685e-14
sub-27,rest,32.5,2.8073560722984643e-14
sub-27,rest,32.75,3.039424880627388e-14
sub-27,rest,33.0,2.8590436710436827e-14
sub-27,rest,33.25,2.9339492934764763e-14
sub-27,rest,33.5,2.763336633415598e-14
sub-27,rest,33.75,2.964656918461901e-14
sub-27,rest,34.0,3.367961164148972e-14
sub-27,rest,34.25,3.223562468862347e-14
sub-27,rest,34.5,2.989246027749317e-14
sub-27,rest,34.75,2.6978407982502376e-14
sub-27,rest,35.0,3.168106472979902e-14
sub-27,rest,35.25,2.911714246711822e-14
sub-27,rest,35.5,2.693376319495795e-14
sub-27,rest,35.75,2.670013051698183e-14
sub-27,rest,36.0,2.798618179663142e-14
sub-27,rest,36.25,3.23811012909062e-14
sub-27,rest,36.5,2.9666358923189504e-14
sub-27,rest,36.75,2.6410853914924824e-14
sub-27,rest,37.0,2.7263522589565294e-14
sub-27,rest,37.25,3.4588502848073915e-14
sub-27,rest,37.5,3.441933200158518e-14
sub-27,rest,37.75,3.19078121717185e-14
sub-27,rest,38.0,3.2332381782947705e-14
sub-27,rest,38.25,3.0728140715218555e-14
sub-27,rest,38.5,3.786790686347309e-14
sub-27,rest,38.75,3.407283327084883e-14
sub-27,rest,39.0,2.903254781035492e-14
sub-27,rest,39.25,2.7984897693193055e-14
sub-27,rest,39.5,2.452599026196352e-14
sub-27,rest,39.75,2.5467587260659582e-14
sub-27,rest,40.0,2.964183438655253e-14
sub-27,rest,40.25,3.072957920749978e-14
sub-27,rest,40.5,3.1078307947670533e-14
sub-27,rest,40.75,3.356645147960389e-14
sub-27,rest,41.0,3.102930266825683e-14
sub-27,rest,41.25,3.4962365705403404e-14
sub-27,rest,41.5,3.197404926670736e-14
sub-27,rest,41.75,3.2501451981803406e-14
sub-27,rest,42.0,3.099867735875901e-14
sub-27,rest,42.25,3.4262982602177935e-14
sub-27,rest,42.5,3.184344404577254e-14
sub-27,rest,42.75,3.452527012909041e-14
sub-27,rest,43.0,2.688048923481805e-14
sub-27,rest,43.25,2.4745967609139094e-14
sub-27,rest,43.5,2.8366262574066577e-14
sub-27,rest,43.75,3.3713296794648893e-14
sub-27,rest,44.0,2.75904778672641e-14
sub-27,rest,44.25,2.9251315051738236e-14
sub-27,rest,44.5,2.7516880940270796e-14
sub-27,rest,44.75,2.2046887309046827e-14
sub-27,rest,45.0,1.8853091336352034e-14
sub-27,rest,45.25,1.3341095554456477e-14
sub-27,rest,45.5,8.28224159229009e-15
sub-27,rest,45.75,5.4550003458041455e-15
sub-27,rest,46.0,2.3591455122329533e-15
sub-27,rest,46.25,1.4411413396970525e-15
sub-27,rest,46.5,5.790472024413371e-16
sub-27,rest,46.75,3.0670688325403253e-16
sub-27,rest,47.0,1.6374649433293364e-16
sub-27,rest,47.25,8.339683442887517e-17
sub-27,rest,47.5,4.578471052682778e-17
sub-27,rest,47.75,2.459562611810919e-17
sub-27,rest,48.0,1.6237947898923773e-17
sub-27,rest,48.25,1.0564641173490068e-17
sub-27,rest,48.5,5.026173401805183e-18
sub-27,rest,48.75,2.8221974549875428e-18
sub-27,rest,49.0,2.396420941353231e-18
sub-27,rest,49.25,1.797529204641143e-18
sub-27,rest,49.5,1.0322980821546807e-18
sub-27,rest,49.75,6.765337444691265e-19
sub-27,rest,50.0,6.773889005273008e-19
sub-27,rest,50.25,6.7612913122998975e-19
sub-27,rest,50.5,1.04276535306904e-18
sub-27,rest,50.75,1.637853204012901e-18
sub-27,rest,51.0,2.899171362187877e-18
sub-27,rest,51.25,4.626709486267614e-18
sub-27,rest,51.5,5.554479902397857e-18
sub-27,rest,51.75,1.0191765777765628e-17
sub-27,rest,52.0,1.2053971638386197e-17
sub-27,rest,52.25,4.715313620961137e-17
sub-27,rest,52.5,7.180716548630853e-17
sub-27,rest,52.75,1.3184590848931604e-16
sub-27,rest,53.0,2.0115749961436772e-16
sub-27,rest,53.25,3.2383196723182044e-16
sub-27,rest,53.5,4.755534762762496e-16
sub-27,rest,53.75,1.3386548376452881e-15
sub-27,rest,54.0,2.4100473465065507e-15
sub-27,rest,54.25,4.413516825466769e-15
sub-27,rest,54.5,7.209501313811184e-15
sub-27,rest,54.75,9.87306896488109e-15
sub-27,rest,55.0,1.6607689510411804e-14
sub-27,stimulus,25.0,8.582297100586313e-14
sub-27,stimulus,25.25,8.260977408589475e-14
sub-27,stimulus,25.5,8.914997504697719e-14
sub-27,stimulus,25.75,6.912812530667967e-14
sub-27,stimulus,26.0,6.073104369282837e-14
sub-27,stimulus,26.25,6.195310651465461e-14
sub-27,stimulus,26.5,6.033595222291939e-14
sub-27,stimulus,26.75,5.819308350149032e-14
sub-27,stimulus,27.0,5.857509781252002e-14
sub-27,stimulus,27.25,5.3300760422333024e-14
sub-27,stimulus,27.5,4.564494070903525e-14
sub-27,stimulus,27.75,4.322221789757103e-14
sub-27,stimulus,28.0,4.4944123546885754e-14
sub-27,stimulus,28.25,5.2511634858640263e-14
sub-27,stimulus,28.5,4.847020754977114e-14
sub-27,stimulus,28.75,4.556500709033872e-14
sub-27,stimulus,29.0,4.5005944734287136e-14
sub-27,stimulus,29.25,3.681861533965564e-14
sub-27,stimulus,29.5,3.507363593052808e-14
sub-27,stimulus,29.75,4.0215777963198346e-14
sub-27,stimulus,30.0,3.512720971597367e-14
sub-27,stimulus,30.25,4.4283237166316226e-14
sub-27,stimulus,30.5,3.401311715345892e-14
sub-27,stimulus,30.75,3.142239582616292e-14
sub-27,stimulus,31.0,3.258570633459144e-14
sub-27,stimulus,31.25,3.75995785469815e-14
sub-27,stimulus,31.5,3.408600647110361e-14
sub-27,stimulus,31.75,3.059243024083284e-14
sub-27,stimulus,32.0,3.3012296025022686e-14
sub-27,stimulus,32.25,2.9912189286645275e-14
sub-27,stimulus,32.5,3.328038651506534e-14
sub-27,stimulus,32.75,3.416445132258593e-14
sub-27,stimulus,33.0,3.6888495452844335e-14
sub-27,stimulus,33.25,2.684241181699528e-14
sub-27,stimulus,33.5,2.85894136354551e-14
sub-27,stimulus,33.75,3.283639842373108e-14
sub-27,stimulus,34.0,3.230722800853681e-14
sub-27,stimulus,34.25,2.623469538661301e-14
sub-27,stimulus,34.5,2.387251305572634e-14
sub-27,stimulus,34.75,2.8912444077056724e-14
sub-27,stimulus,35.0,2.725801665566901e-14
sub-27,stimulus,35.25,2.4821475189636575e-14
sub-27,stimulus,35.5,2.0986435804130528e-14
sub-27,stimulus,35.75,2.4685550915294823e-14
sub-27,stimulus,36.0,3.047265836223655e-14
sub-27,stimulus,36.25,3.268122114610748e-14
sub-27,stimulus,36.5,3.225019906794075e-14
sub-27,stimulus,36.75,3.000662747646314e-14
sub-27,stimulus,37.0,2.711976411376464e-14
sub-27,stimulus,37.25,2.88070073409136e-14
sub-27,stimulus,37.5,2.714488189324728e-14
sub-27,stimulus,37.75,3.19299009661421e-14
sub-27,stimulus,38.0,2.916683554708472e-14
sub-27,stimulus,38.25,2.804343029055885e-14
sub-27,stimulus,38.5,2.5663075925134465e-14
sub-27,stimulus,38.75,2.5701121709891114e-14
sub-27,stimulus,39.0,2.4958208129049474e-14
sub-27,stimulus,39.25,2.663083267161604e-14
sub-27,stimulus,39.5,2.8625468802489325e-14
sub-27,stimulus,39.75,2.7693630336522398e-14
sub-27,stimulus,40.0,3.21939246704352e-14
sub-27,stimulus,40.25,3.3426139758282255e-14
sub-27,stimulus,40.5,2.851090727165331e-14
sub-27,stimulus,40.75,2.7962687399200774e-14
sub-27,stimulus,41.0,3.227190161246591e-14
sub-27,stimulus,41.25,3.049386079138543e-14
sub-27,stimulus,41.5,2.748500037925411e-14
sub-27,stimulus,41.75,2.9784555613510474e-14
sub-27,stimulus,42.0,3.0313020399463484e-14
sub-27,stimulus,42.25,2.7494321192276146e-14
sub-27,stimulus,42.5,2.3714802942821463e-14
sub-27,stimulus,42.75,2.800518069602794e-14
sub-27,stimulus,43.0,3.027755798138409e-14
sub-27,stimulus,43.25,2.569257737183553e-14
sub-27,stimulus,43.5,2.7027832622737314e-14
sub-27,stimulus,43.75,3.2946986289823667e-14
sub-27,stimulus,44.0,2.7309945408188158e-14
sub-27,stimulus,44.25,2.137355602272303e-14
sub-27,stimulus,44.5,2.2157090714126552e-14
sub-27,stimulus,44.75,2.1716400307867767e-14
sub-27,stimulus,45.0,1.599184235720826e-14
sub-27,stimulus,45.25,1.0544890778924857e-14
sub-27,stimulus,45.5,6.362030081825222e-15
sub-27,stimulus,45.75,3.913978100522506e-15
sub-27,stimulus,46.0,2.186182482069415e-15
sub-27,stimulus,46.25,1.0303615809475503e-15
sub-27,stimulus,46.5,5.302864092165119e-16
sub-27,stimulus,46.75,2.635918681236396e-16
sub-27,stimulus,47.0,1.280972911765211e-16
sub-27,stimulus,47.25,6.662922933783908e-17
sub-27,stimulus,47.5,3.809626994584316e-17
sub-27,stimulus,47.75,1.710175532802917e-17
sub-27,stimulus,48.0,1.2591525081622247e-17
sub-27,stimulus,48.25,7.766003016820797e-18
sub-27,stimulus,48.5,5.364339650361551e-18
sub-27,stimulus,48.75,3.488105902723859e-18
sub-27,stimulus,49.0,2.1061658348923763e-18
sub-27,stimulus,49.25,1.3406528336808168e-18
sub-27,stimulus,49.5,7.577594482635026e-19
sub-27,stimulus,49.75,6.21307145480603e-19
sub-27,stimulus,50.0,7.431354672175188e-19
sub-27,stimulus,50.25,8.588197304801459e-19
sub-27,stimulus,50.5,1.3504703509340379e-18
sub-27,stimulus,50.75,1.764619952912286e-18
sub-27,stimulus,51.0,2.578420097117184e-18
sub-27,stimulus,51.25,3.714289261442273e-18
sub-27,stimulus,51.5,6.182220280318691e-18
sub-27,stimulus,51.75,1.1957235220992011e-17
sub-27,stimulus,52.0,1.780141510605857e-17
sub-27,stimulus,52.25,3.0936736497468093e-17
sub-27,stimulus,52.5,5.818387625377076e-17
sub-27,stimulus,52.75,1.0849674317126531e-16
sub-27,stimulus,53.0,1.789001069435679e-16
sub-27,stimulus,53.25,3.4935903785384977e-16
sub-27,stimulus,53.5,7.44153533532484e-16
sub-27,stimulus,53.75,1.551436713031682e-15
sub-27,stimulus,54.0,2.875883966504454e-15
sub-27,stimulus,54.25,4.202903207422417e-15
sub-27,stimulus,54.5,6.6460773336350645e-15
sub-27,stimulus,54.75,1.1189276083882818e-14
sub-27,stimulus,55.0,1.6657752777012084e-14
sub-28,rest,25.0,1.6851807302037771e-13
sub-28,rest,25.25,1.520944831416494e-13
sub-28,rest,25.5,1.2037938668456313e-13
sub-28,rest,25.75,1.1567172356039931e-13
sub-28,rest,26.0,1.1619973555300722e-13
sub-28,rest,26.25,1.1531471775707228e-13
sub-28,rest,26.5,1.1272877504762712e-13
sub-28,rest,26.75,1.0835199677190283e-13
sub-28,rest,27.0,8.417544311013169e-14
sub-28,rest,27.25,1.0064078489724517e-13
sub-28,rest,27.5,9.940436687568841e-14
sub-28,rest,27.75,1.115562172951771e-13
sub-28,rest,28.0,1.0246382541299351e-13
sub-28,rest,28.25,1.0327339872330656e-13
sub-28,rest,28.5,1.0899004424300797e-13
sub-28,rest,28.75,1.1295260750284852e-13
sub-28,rest,29.0,9.008699574465346e-14
sub-28,rest,29.25,8.34684290923457e-14
sub-28,rest,29.5,7.701538628309021e-14
sub-28,rest,29.75,8.106557917120525e-14
sub-28,rest,30.0,8.180824596965499e-14
sub-28,rest,30.25,8.436922151988571e-14
sub-28,rest,30.5,8.470286406841314e-14
sub-28,rest,30.75,7.41143866201129e-14
sub-28,rest,31.0,6.823977267240017e-14
sub-28,rest,31.25,7.541727059791492e-14
sub-28,rest,31.5,7.430459867952503e-14
sub-28,rest,31.75,6.170906891372e-14
sub-28,rest,32.0,6.156488076589239e-14
sub-28,rest,32.25,6.343131594699672e-14
sub-28,rest,32.5,5.340145607626406e-14
sub-28,rest,32.75,4.8071520372167474e-14
sub-28,rest,33.0,4.759241625183263e-14
sub-28,rest,33.25,4.800804538626826e-14
sub-28,rest,33.5,4.831414329663334e-14
sub-28,rest,33.75,5.538880119007174e-14
sub-28,rest,34.0,6.339406065449908e-14
sub-28,rest,34.25,5.4000990518782455e-14
sub-28,rest,34.5,5.0655192874967197e-14
sub-28,rest,34.75,4.5404548446604504e-14
sub-28,rest,35.0,5.652931398972735e-14
sub-28,rest,35.25,4.814772349789534e-14
sub-28,rest,35.5,4.3544163210668976e-14
sub-28,rest,35.75,4.77794143014778e-14
sub-28,rest,36.0,4.9116156554651316e-14
sub-28,rest,36.25,5.176502091592604e-14
sub-28,rest,36.5,5.184338799162604e-14
sub-28,rest,36.75,4.438255522277535e-14
sub-28,rest,37.0,5.263815496865599e-14
sub-28,rest,37.25,5.435856378804398e-14
sub-28,rest,37.5,4.955093382910459e-14
sub-28,rest,37.75,4.928400121921441e-14
sub-28,rest,38.0,4.358699838728609e-14
sub-28,rest,38.25,5.1527362761133584e-14
sub-28,rest,38.5,4.705028823402225e-14
sub-28,rest,38.75,5.1042385641745284e-14
sub-28,rest,39.0,4.381439334047906e-14
sub-28,rest,39.25,4.815010603672859e-14
sub-28,rest,39.5,4.2999781842343846e-14
sub-28,rest,39.75,4.4349709644908454e-14
sub-28,rest,40.0,4.536744905929119e-14
sub-28,rest,40.25,4.6865463324560206e-14
sub-28,rest,40.5,6.0674560884904e-14
sub-28,rest,40.75,6.579506870189374e-14
sub-28,rest,41.0,5.410056601426842e-14
sub-28,rest,41.25,5.50329023386163e-14
sub-28,rest,41.5,5.1349763281865115e-14
sub-28,rest,41.75,5.766407492258371e-14
sub-28,rest,42.0,5.766770622775348e-14
sub-28,rest,42.25,5.702749349127444e-14
sub-28,rest,42.5,7.28613674714546e-14
sub-28,rest,42.75,6.248924642332074e-14
sub-28,rest,43.0,6.274994718614429e-14
sub-28,rest,43.25,5.311761642281756e-14
sub-28,rest,43.5,4.49817872054067e-14
sub-28,rest,43.75,4.293111536306459e-14
sub-28,rest,44.0,5.081512782939666e-14
sub-28,rest,44.25,4.295244701611193e-14
sub-28,rest,44.5,3.569344520574385e-14
sub-28,rest,44.75,2.7661179244094675e-14
sub-28,rest,45.0,1.993784280219632e-14
sub-28,rest,45.25,1.2100377457598583e-14
sub-28,rest,45.5,8.886259240025004e-15
sub-28,rest,45.75,4.577313856707822e-15
sub-28,rest,46.0,2.2999456812238414e-15
sub-28,rest,46.25,1.253959072387739e-15
sub-28,rest,46.5,6.7364114730743415e-16
sub-28,rest,46.75,2.550826010826852e-16
sub-28,rest,47.0,8.20709046789667e-17
sub-28,rest,47.25,3.4044840016377244e-17
sub-28,rest,47.5,1.2772086006234857e-17
sub-28,rest,47.75,8.470295314935104e-18
sub-28,rest,48.0,4.662939863046665e-18
sub-28,rest,48.25,2.842957139992416e-18
sub-28,rest,48.5,1.785774850139234e-18
sub-28,rest,48.75,1.0577437189914494e-18
sub-28,rest,49.0,8.685616977888548e-19
sub-28,rest,49.25,5.609819901382335e-19
sub-28,rest,49.5,3.556769721494664e-19
sub-28,rest,49.75,2.5233200765827195e-19
sub-28,rest,50.0,2.4392067202129056e-19
sub-28,rest,50.25,2.953956090436167e-19
sub-28,rest,50.5,3.3972612621799523e-19
sub-28,rest,50.75,4.0236628651421564e-19
sub-28,rest,51.0,6.222962881207552e-19
sub-28,rest,51.25,9.325111162139596e-19
sub-28,rest,51.5,1.334894560574715e-18
sub-28,rest,51.75,2.3487356938926182e-18
sub-28,rest,52.0,4.738735473210072e-18
sub-28,rest,52.25,8.769961004754481e-18
sub-28,rest,52.5,2.3267206834367184e-17
sub-28,rest,52.75,4.194948600946855e-17
sub-28,rest,53.0,1.195753037167874e-16
sub-28,rest,53.25,2.594464446105064e-16
sub-28,rest,53.5,6.003934783040491e-16
sub-28,rest,53.75,1.4634542407730125e-15
sub-28,rest,54.0,2.365756329157249e-15
sub-28,rest,54.25,4.445276598648318e-15
sub-28,rest,54.5,7.894262116952556e-15
sub-28,rest,54.75,1.0743942765547715e-14
sub-28,rest,55.0,1.5340159714548546e-14
sub-28,stimulus,25.0,1.8043565429466726e-13
sub-28,stimulus,25.25,1.722153505853473e-13
sub-28,stimulus,25.5,1.5670709945089348e-13
sub-28,stimulus,25.75,1.507366350632031e-13
sub-28,stimulus,26.0,1.4142872022489918e-13
sub-28,stimulus,26.25,1.2898713631375442e-13
sub-28,stimulus,26.5,1.2613971785115057e-13
sub-28,stimulus,26.75,1.260973315916145e-13
sub-28,stimulus,27.0,1.2328895107696348e-13
sub-28,stimulus,27.25,1.1970597289661683e-13
sub-28,stimulus,27.5,1.159530790738136e-13
sub-28,stimulus,27.75,1.1138094819276285e-13
sub-28,stimulus,28.0,1.0342382162716205e-13
sub-28,stimulus,28.25,1.105461228829845e-13
sub-28,stimulus,28.5,1.0610520105997441e-13
sub-28,stimulus,28.75,1.1491637212383667e-13
sub-28,stimulus,29.0,1.1813677079822548e-13
sub-28,stimulus,29.25,1.1425986061771167e-13
sub-28,stimulus,29.5,9.316030132308912e-14
sub-28,stimulus,29.75,9.104519038633764e-14
sub-28,stimulus,30.0,9.545455582934124e-14
sub-28,stimulus,30.25,8.510226126888506e-14
sub-28,stimulus,30.5,8.289870471364104e-14
sub-28,stimulus,30.75,8.5532684650281e-14
sub-28,stimulus,31.0,7.863818600651629e-14
sub-28,stimulus,31.25,7.394962113427708e-14
sub-28,stimulus,31.5,7.286951589385558e-14
sub-28,stimulus,31.75,6.354909037041992e-14
sub-28,stimulus,32.0,5.731622434667203e-14
sub-28,stimulus,32.25,6.153001024073691e-14
sub-28,stimulus,32.5,6.227025993027121e-14
sub-28,stimulus,32.75,6.936915549272451e-14
sub-28,stimulus,33.0,6.292381473546207e-14
sub-28,stimulus,33.25,5.730732527203396e-14
sub-28,stimulus,33.5,6.204035884305125e-14
sub-28,stimulus,33.75,5.70868458813881e-14
sub-28,stimulus,34.0,6.86814192347134e-14
sub-28,stimulus,34.25,7.182501613603299e-14
sub-28,stimulus,34.5,6.287316057997796e-14
sub-28,stimulus,34.75,6.310964599903379e-14
sub-28,stimulus,35.0,5.952870470814379e-14
sub-28,stimulus,35.25,5.7053557130251e-14
sub-28,stimulus,35.5,5.676348120922098e-14
sub-28,stimulus,35.75,4.646387326162027e-14
sub-28,stimulus,36.0,4.6321154865993004e-14
sub-28,stimulus,36.25,4.770886815363612e-14
sub-28,stimulus,36.5,5.4677518566696134e-14
sub-28,stimulus,36.75,5.956048383419173e-14
sub-28,stimulus,37.0,5.786114403157914e-14
sub-28,stimulus,37.25,4.5934933468302065e-14
sub-28,stimulus,37.5,4.7684179666450446e-14
sub-28,stimulus,37.75,5.555318596146105e-14
sub-28,stimulus,38.0,5.359110298383398e-14
sub-28,stimulus,38.25,5.154308261441178e-14
sub-28,stimulus,38.5,4.898945206277468e-14
sub-28,stimulus,38.75,4.749222115716654e-14
sub-28,stimulus,39.0,5.03199205149613e-14
sub-28,stimulus,39.25,6.044118322707674e-14
sub-28,stimulus,39.5,5.4292636312524887e-14
sub-28,stimulus,39.75,4.943453346330991e-14
sub-28,stimulus,40.0,5.3719138640316694e-14
sub-28,stimulus,40.25,5.552653296122416e-14
sub-28,stimulus,40.5,5.6222690468091476e-14
sub-28,stimulus,40.75,6.339319036394186e-14
sub-28,stimulus,41.0,6.488341847044181e-14
sub-28,stimulus,41.25,5.2145333169759015e-14
sub-28,stimulus,41.5,5.869510011517772e-14
sub-28,stimulus,41.75,6.216415656482836e-14
sub-28,stimulus,42.0,6.575219578533552e-14
sub-28,stimulus,42.25,6.084651666129169e-14
sub-28,stimulus,42.5,5.837974315991138e-14
sub-28,stimulus,42.75,5.688486689906621e-14
sub-28,stimulus,43.0,5.014092405272302e-14
sub-28,stimulus,43.25,5.1441593179660373e-14
sub-28,stimulus,43.5,5.2714537475550125e-14
sub-28,stimulus,43.75,5.932621176399945e-14
sub-28,stimulus,44.0,4.528225111850029e-14
sub-28,stimulus,44.25,3.789994722890325e-14
sub-28,stimulus,44.5,3.156954229335728e-14
sub-28,stimulus,44.75,2.981934845992091e-14
sub-28,stimulus,45.0,2.3600786418480984e-14
sub-28,stimulus,45.25,1.541175074537011e-14
sub-28,stimulus,45.5,9.885466134926796e-15
sub-28,stimulus,45.75,5.744817564925675e-15
sub-28,stimulus,46.0,2.63419218847355e-15
sub-28,stimulus,46.25,1.338835197222565e-15
sub-28,stimulus,46.5,5.371661370959927e-16
sub-28,stimulus,46.75,2.4515940366416595e-16
sub-28,stimulus,47.0,1.1145445681860308e-16
sub-28,stimulus,47.25,4.841932521496024e-17
sub-28,stimulus,47.5,2.3717731705790287e-17
sub-28,stimulus,47.75,1.3194012254096092e-17
sub-28,stimulus,48.0,8.805309947902506e-18
sub-28,stimulus,48.25,4.689227724739516e-18
sub-28,stimulus,48.5,2.1926795235896195e-18
sub-28,stimulus,48.75,1.3557409829166569e-18
sub-28,stimulus,49.0,7.633589879147087e-19
sub-28,stimulus,49.25,5.1480484686379485e-19
sub-28,stimulus,49.5,3.615470373976294e-19
sub-28,stimulus,49.75,2.869452393144473e-19
sub-28,stimulus,50.0,3.2092022291331325e-19
sub-28,stimulus,50.25,3.838873549822354e-19
sub-28,stimulus,50.5,3.864097301278077e-19
sub-28,stimulus,50.75,5.856780498246226e-19
sub-28,stimulus,51.0,8.197562773644718e-19
sub-28,stimulus,51.25,1.244361565688609e-18
sub-28,stimulus,51.5,2.042037482540797e-18
sub-28,stimulus,51.75,3.4776830092230984e-18
sub-28,stimulus,52.0,6.546085870202981e-18
sub-28,stimulus,52.25,1.1544712440688826e-17
sub-28,stimulus,52.5,2.866368800761254e-17
sub-28,stimulus,52.75,5.670590046291035e-17
sub-28,stimulus,53.0,1.4876923521358773e-16
sub-28,stimulus,53.25,3.153530450172198e-16
sub-28,stimulus,53.5,8.087496672938048e-16
sub-28,stimulus,53.75,1.5243397422519793e-15
sub-28,stimulus,54.0,3.104041644513312e-15
sub-28,stimulus,54.25,5.291746343796019e-15
sub-28,stimulus,54.5,8.941935761619689e-15
sub-28,stimulus,54.75,1.4276316364478853e-14
sub-28,stimulus,55.0,1.7993161070624994e-14
sub-29,rest,25.0,3.653063514180499e-13
sub-29,rest,25.25,3.491319458004043e-13
sub-29,rest,25.5,3.6935027687574684e-13
sub-29,rest,25.75,3.5461528097833197e-13
sub-29,rest,26.0,3.6165998988390594e-13
sub-29,rest,26.25,3.613211229752378e-13
sub-29,rest,26.5,3.7751015520023123e-13
sub-29,rest,26.75,3.3175700456695683e-13
sub-29,rest,27.0,3.3155607516735636e-13
sub-29,rest,27.25,2.896133001954583e-13
sub-29,rest,27.5,3.2632793648621837e-13
sub-29,rest,27.75,3.992342358731242e-13
sub-29,rest,28.0,4.272956979291235e-13
sub-29,rest,28.25,2.8991264258751966e-13
sub-29,rest,28.5,3.3140333342384457e-13
sub-29,rest,28.75,3.6924972909423445e-13
sub-29,rest,29.0,3.63502976379452e-13
sub-29,rest,29.25,3.9498927206578933e-13
sub-29,rest,29.5,3.730096276128106e-13
sub-29,rest,29.75,4.026287547277968e-13
sub-29,rest,30.0,3.307625369479209e-13
sub-29,rest,30.25,4.613998121469693e-13
sub-29,rest,30.5,3.6170987429211713e-13
sub-29,rest,30.75,3.569924277296226e-13
sub-29,rest,31.0,3.5941672273902763e-13
sub-29,rest,31.25,2.7878334482322394e-13
sub-29,rest,31.5,3.4071123736539824e-13
sub-29,rest,31.75,3.353670722906145e-13
sub-29,rest,32.0,2.527184899990664e-13
sub-29,rest,32.25,2.3415182339030295e-13
sub-29,rest,32.5,2.910134308020781e-13
sub-29,rest,32.75,2.2519539451478306e-13
sub-29,rest,33.0,2.368150649768967e-13
sub-29,rest,33.25,1.7247604227465557e-13
sub-29,rest,33.5,1.6910124447102257e-13
sub-29,rest,33.75,1.7780699564005465e-13
sub-29,rest,34.0,1.8303570347412054e-13
sub-29,rest,34.25,1.7841870211906494e-13
sub-29,rest,34.5,1.3942191416795941e-13
sub-29,rest,34.75,1.1926132827778052e-13
sub-29,rest,35.0,1.2896211530774624e-13
sub-29,rest,35.25,1.420816997939975e-13
sub-29,rest,35.5,1.331239883824209e-13
sub-29,rest,35.75,1.5023886929668063e-13
sub-29,rest,36.0,1.469422473333792e-13
sub-29,rest,36.25,1.3350411399243803e-13
sub-29,rest,36.5,1.414300168814111e-13
sub-29,rest,36.75,9.877426819292052e-14
sub-29,rest,37.0,9.998251387674187e-14
sub-29,rest,37.25,9.402914332028521e-14
sub-29,rest,37.5,1.319507542911178e-13
sub-29,rest,37.75,1.1674747589536047e-13
sub-29,rest,38.0,1.2362247837891138e-13
sub-29,rest,38.25,1.2061804569600644e-13
sub-29,rest,38.5,1.2523087936097668e-13
sub-29,rest,38.75,1.4592536791716944e-13
sub-29,rest,39.0,1.413728525564701e-13
sub-29,rest,39.25,1.1912178952822687e-13
sub-29,rest,39.5,9.945819757663859e-14
sub-29,rest,39.75,1.2070369519641516e-13
sub-29,rest,40.0,1.343455613341846e-13
sub-29,rest,40.25,1.1777641530972492e-13
sub-29,rest,40.5,1.2290490103760903e-13
sub-29,rest,40.75,1.3483677007397372e-13
sub-29,rest,41.0,1.3036652045140037e-13
sub-29,rest,41.25,1.2747311531428704e-13
sub-29,rest,41.5,1.592510025828204e-13
sub-29,rest,41.75,1.1188450367420526e-13
sub-29,rest,42.0,1.3260621772171884e-13
sub-29,rest,42.25,1.1629136216908772e-13
sub-29,rest,42.5,1.1894624899829646e-13
sub-29,rest,42.75,1.1282677713384862e-13
sub-29,rest,43.0,1.5319019867653418e-13
sub-29,rest,43.25,1.4532051917643342e-13
sub-29,rest,43.5,1.3093698126028414e-13
sub-29,rest,43.75,8.404747094493659e-14
sub-29,rest,44.0,1.0032718058709461e-13
sub-29,rest,44.25,1.076602816262212e-13
sub-29,rest,44.5,1.1778538841055893e-13
sub-29,rest,44.75,1.0730739473888346e-13
sub-29,rest,45.0,5.869796477687222e-14
sub-29,rest,45.25,3.4221115800288293e-14
sub-29,rest,45.5,2.665758365949759e-14
sub-29,rest,45.75,1.6388518762298414e-14
sub-29,rest,46.0,8.873761813265096e-15
sub-29,rest,46.25,5.533665155646699e-15
sub-29,rest,46.5,3.454904595813903e-15
sub-29,rest,46.75,1.5833652602229818e-15
sub-29,rest,47.0,4.8082036228034565e-16
sub-29,rest,47.25,2.8437732001345805e-16
sub-29,rest,47.5,1.4047152802918078e-16
sub-29,rest,47.75,9.102177445570942e-17
sub-29,rest,48.0,5.077239125540664e-17
sub-29,rest,48.25,3.3632706891659636e-17
sub-29,rest,48.5,1.779299802457742e-17
sub-29,rest,48.75,1.0360332457736563e-17
sub-29,rest,49.0,6.186186321246561e-18
sub-29,rest,49.25,4.239724493071344e-18
sub-29,rest,49.5,2.5164484842485914e-18
sub-29,rest,49.75,2.0646991922202453e-18
sub-29,rest,50.0,2.4234049232357177e-18
sub-29,rest,50.25,2.903884217111201e-18
sub-29,rest,50.5,4.422679324977111e-18
sub-29,rest,50.75,6.451003716335331e-18
sub-29,rest,51.0,9.639264742482236e-18
sub-29,rest,51.25,1.489550515212567e-17
sub-29,rest,51.5,2.3784189987868468e-17
sub-29,rest,51.75,4.576658192639522e-17
sub-29,rest,52.0,9.436057906479534e-17
sub-29,rest,52.25,1.4262624572530928e-16
sub-29,rest,52.5,2.657795876624714e-16
sub-29,rest,52.75,5.353418944762741e-16
sub-29,rest,53.0,8.835007969570625e-16
sub-29,rest,53.25,2.479169475380987e-15
sub-29,rest,53.5,4.356651173985059e-15
sub-29,rest,53.75,7.37009109006236e-15
sub-29,rest,54.0,1.3790630621719604e-14
sub-29,rest,54.25,1.9176703563537896e-14
sub-29,rest,54.5,2.7288509021767203e-14
sub-29,rest,54.75,5.030261685962715e-14
sub-29,rest,55.0,9.390499508140373e-14
sub-29,stimulus,25.0,2.9727716464248816e-13
sub-29,stimulus,25.25,2.6874827421658085e-13
sub-29,stimulus,25.5,3.098986709933271e-13
sub-29,stimulus,25.75,3.235920049360294e-13
sub-29,stimulus,26.0,2.9664618332232843e-13
sub-29,stimulus,26.25,3.404954502659839e-13
sub-29,stimulus,26.5,3.079982934408231e-13
sub-29,stimulus,26.75,3.002865040298687e-13
sub-29,stimulus,27.0,2.931103120942439e-13
sub-29,stimulus,27.25,3.283487676640771e-13
sub-29,stimulus,27.5,3.008559881744326e-13
sub-29,stimulus,27.75,3.3660074818066656e-13
sub-29,stimulus,28.0,4.1266418702306855e-13
sub-29,stimulus,28.25,3.7132818249646304e-13
sub-29,stimulus,28.5,3.5928017380886755e-13
sub-29,stimulus,28.75,3.685883724447637e-13
sub-29,stimulus,29.0,3.8033443417013607e-13
sub-29,stimulus,29.25,3.499254908302543e-13
sub-29,stimulus,29.5,3.213101125454279e-13
sub-29,stimulus,29.75,3.3895759355993155e-13
sub-29,stimulus,30.0,3.8366340517537016e-13
sub-29,stimulus,30.25,4.131943892909958e-13
sub-29,stimulus,30.5,3.588081757154447e-13
sub-29,stimulus,30.75,3.018763453070786e-13
sub-29,stimulus,31.0,2.5808079130797805e-13
sub-29,stimulus,31.25,2.6839922839517414e-13
sub-29,stimulus,31.5,2.5659813723250857e-13
sub-29,stimulus,31.75,2.2917902130515625e-13
sub-29,stimulus,32.0,2.2868562239835143e-13
sub-29,stimulus,32.25,2.0998863020703517e-13
sub-29,stimulus,32.5,1.873211158676622e-13
sub-29,stimulus,32.75,1.6684371751505378e-13
sub-29,stimulus,33.0,1.4932306577506428e-13
sub-29,stimulus,33.25,1.514804859560072e-13
sub-29,stimulus,33.5,1.297047609647318e-13
sub-29,stimulus,33.75,1.364028578203522e-13
sub-29,stimulus,34.0,1.3244433849763492e-13
sub-29,stimulus,34.25,1.367798142297735e-13
sub-29,stimulus,34.5,1.2643179065955894e-13
sub-29,stimulus,34.75,1.2172083604150391e-13
sub-29,stimulus,35.0,9.582893611188945e-14
sub-29,stimulus,35.25,1.1114530322643035e-13
sub-29,stimulus,35.5,1.194555800986121e-13
sub-29,stimulus,35.75,9.577587050470374e-14
sub-29,stimulus,36.0,9.82389235758563e-14
sub-29,stimulus,36.25,1.0460778567088528e-13
sub-29,stimulus,36.5,9.517689010414122e-14
sub-29,stimulus,36.75,9.621203548674752e-14
sub-29,stimulus,37.0,9.777823205562524e-14
sub-29,stimulus,37.25,9.090382285483414e-14
sub-29,stimulus,37.5,9.595552242747601e-14
sub-29,stimulus,37.75,8.836245367902564e-14
sub-29,stimulus,38.0,9.71953972134285e-14
sub-29,stimulus,38.25,1.1344339848132741e-13
sub-29,stimulus,38.5,1.1121230909457586e-13
sub-29,stimulus,38.75,1.0075654466274824e-13
sub-29,stimulus,39.0,8.582473974519865e-14
sub-29,stimulus,39.25,9.382756902215331e-14
sub-29,stimulus,39.5,1.0713021732629152e-13
sub-29,stimulus,39.75,1.2297441228098604e-13
sub-29,stimulus,40.0,1.612634341811471e-13
sub-29,stimulus,40.25,1.4316300592725702e-13
sub-29,stimulus,40.5,1.034523547674731e-13
sub-29,stimulus,40.75,1.0050995869003528e-13
sub-29,stimulus,41.0,9.524258967228724e-14
sub-29,stimulus,41.25,9.63228406265252e-14
sub-29,stimulus,41.5,1.0259425575151284e-13
sub-29,stimulus,41.75,1.0272752814948611e-13
sub-29,stimulus,42.0,1.0770567840984751e-13
sub-29,stimulus,42.25,8.379401580627166e-14
sub-29,stimulus,42.5,1.0144332964454214e-13
sub-29,stimulus,42.75,8.797073759256891e-14
sub-29,stimulus,43.0,9.727353183291562e-14
sub-29,stimulus,43.25,1.0621275657262189e-13
sub-29,stimulus,43.5,1.0906479480109014e-13
sub-29,stimulus,43.75,9.562877922938287e-14
sub-29,stimulus,44.0,9.238262287602375e-14
sub-29,stimulus,44.25,9.750728831382376e-14
sub-29,stimulus,44.5,7.999070608314783e-14
sub-29,stimulus,44.75,8.180617405965859e-14
sub-29,stimulus,45.0,5.825590941258217e-14
sub-29,stimulus,45.25,4.25922708369109e-14
sub-29,stimulus,45.5,2.519090404103075e-14
sub-29,stimulus,45.75,1.503601529732578e-14
sub-29,stimulus,46.0,8.971493094371026e-15
sub-29,stimulus,46.25,4.5468712792388205e-15
sub-29,stimulus,46.5,2.128263582739887e-15
sub-29,stimulus,46.75,1.133083227270197e-15
sub-29,stimulus,47.0,5.63133738003952e-16
sub-29,stimulus,47.25,2.79270183414073e-16
sub-29,stimulus,47.5,1.9047907096676231e-16
sub-29,stimulus,47.75,1.2014586160884612e-16
sub-29,stimulus,48.0,7.333332465208413e-17
sub-29,stimulus,48.25,3.0371161087605385e-17
sub-29,stimulus,48.5,2.7386301780889782e-17
sub-29,stimulus,48.75,1.2638731040000086e-17
sub-29,stimulus,49.0,8.97097954552466e-18
sub-29,stimulus,49.25,4.766128456637585e-18
sub-29,stimulus,49.5,3.1726296085756505e-18
sub-29,stimulus,49.75,2.667218996102944e-18
sub-29,stimulus,50.0,2.596220995575994e-18
sub-29,stimulus,50.25,2.581142473631976e-18
sub-29,stimulus,50.5,3.4027735981945643e-18
sub-29,stimulus,50.75,4.221770540496672e-18
sub-29,stimulus,51.0,7.689266814024983e-18
sub-29,stimulus,51.25,1.1395292673611381e-17
sub-29,stimulus,51.5,2.1129957073196775e-17
sub-29,stimulus,51.75,3.028223201881989e-17
sub-29,stimulus,52.0,8.590610986255226e-17
sub-29,stimulus,52.25,1.1721620387997623e-16
sub-29,stimulus,52.5,2.246260721778945e-16
sub-29,stimulus,52.75,3.6344312586884487e-16
sub-29,stimulus,53.0,6.960346862551597e-16
sub-29,stimulus,53.25,1.455078877731152e-15
sub-29,stimulus,53.5,2.8777357539887025e-15
sub-29,stimulus,53.75,5.6479946988609445e-15
sub-29,stimulus,54.0,1.0645056292532263e-14
sub-29,stimulus,54.25,1.9296392288281844e-14
sub-29,stimulus,54.5,3.1748770106082674e-14
sub-29,stimulus,54.75,5.390279367942123e-14
sub-29,stimulus,55.0,7.346786755007552e-14
sub-30,rest,25.0,2.1449643580775443e-13
sub-30,rest,25.25,2.288256017148312e-13
sub-30,rest,25.5,2.498186552542168e-13
sub-30,rest,25.75,1.9580117627853944e-13
sub-30,rest,26.0,1.7866992135581218e-13
sub-30,rest,26.25,1.7455055278975445e-13
sub-30,rest,26.5,2.0607282151191755e-13
sub-30,rest,26.75,2.526214031655246e-13
sub-30,rest,27.0,2.2209182056717586e-13
sub-30,rest,27.25,1.8805173537742136e-13
sub-30,rest,27.5,1.548712584380717e-13
sub-30,rest,27.75,1.6526565953947758e-13
sub-30,rest,28.0,1.1610614450897397e-13
sub-30,rest,28.25,1.1797814841700273e-13
sub-30,rest,28.5,1.0153854818027228e-13
sub-30,rest,28.75,8.111892509676291e-14
sub-30,rest,29.0,1.0037673257920854e-13
sub-30,rest,29.25,8.658615206114428e-14
sub-30,rest,29.5,7.575289824941376e-14
sub-30,rest,29.75,8.601857882161331e-14
sub-30,rest,30.0,8.385489466255216e-14
sub-30,rest,30.25,8.999797341196503e-14
sub-30,rest,30.5,8.882631481687774e-14
sub-30,rest,30.75,6.960843306893303e-14
sub-30,rest,31.0,6.712148299273146e-14
sub-30,rest,31.25,5.693727961831015e-14
sub-30,rest,31.5,6.452013049674932e-14
sub-30,rest,31.75,5.4642405643775523e-14
sub-30,rest,32.0,6.02891548854298e-14
sub-30,rest,32.25,6.756191629976263e-14
sub-30,rest,32.5,6.220266366000439e-14
sub-30,rest,32.75,6.481946086857508e-14
sub-30,rest,33.0,6.083822487852993e-14
sub-30,rest,33.25,4.677300909725466e-14
sub-30,rest,33.5,4.728483354573882e-14
sub-30,rest,33.75,4.797640010174364e-14
sub-30,rest,34.0,4.256561892425364e-14
sub-30,rest,34.25,4.6457243714266656e-14
sub-30,rest,34.5,3.993173903088296e-14
sub-30,rest,34.75,4.5580815367546854e-14
sub-30,rest,35.0,4.364984560731776e-14
sub-30,rest,35.25,4.8455805106461204e-14
sub-30,rest,35.5,4.416663065799565e-14
sub-30,rest,35.75,4.1756581828137684e-14
sub-30,rest,36.0,4.123666708135719e-14
sub-30,rest,36.25,3.558063825234841e-14
sub-30,rest,36.5,4.1485578893394993e-14
sub-30,rest,36.75,4.3130427084979025e-14
sub-30,rest,37.0,4.521194954912849e-14
sub-30,rest,37.25,5.242672372375792e-14
sub-30,rest,37.5,4.7430968639755095e-14
sub-30,rest,37.75,4.3690617561711964e-14
sub-30,rest,38.0,4.198808721388869e-14
sub-30,rest,38.25,4.89214285375534e-14
sub-30,rest,38.5,5.247160192706692e-14
sub-30,rest,38.75,4.524257496941381e-14
sub-30,rest,39.0,4.330894821114346e-14
sub-30,rest,39.25,4.9345550491377613e-14
sub-30,rest,39.5,4.8464979709146664e-14
sub-30,rest,39.75,4.202901368481782e-14
sub-30,rest,40.0,4.945265639420403e-14
sub-30,rest,40.25,4.8474104596394344e-14
sub-30,rest,40.5,4.980880542885615e-14
sub-30,rest,40.75,3.784108943454474e-14
sub-30,rest,41.0,3.873383516757946e-14
sub-30,rest,41.25,3.5036675052085854e-14
sub-30,rest,41.5,4.206683036938801e-14
sub-30,rest,41.75,4.5857668425822973e-14
sub-30,rest,42.0,3.701356205521702e-14
sub-30,rest,42.25,3.9915739226750064e-14
sub-30,rest,42.5,4.531500316429067e-14
sub-30,rest,42.75,5.756690926303682e-14
sub-30,rest,43.0,4.7112671451835765e-14
sub-30,rest,43.25,3.742465158406438e-14
sub-30,rest,43.5,3.729650119738473e-14
sub-30,rest,43.75,4.3341993803869024e-14
sub-30,rest,44.0,4.015520316187846e-14
sub-30,rest,44.25,3.652862358515048e-14
sub-30,rest,44.5,3.104026759760208e-14
sub-30,rest,44.75,2.5199773688337707e-14
sub-30,rest,45.0,1.72386148011211e-14
sub-30,rest,45.25,1.1289873953563658e-14
sub-30,rest,45.5,9.594472815764611e-15
sub-30,rest,45.75,5.5997660473441544e-15
sub-30,rest,46.0,2.4079365867405475e-15
sub-30,rest,46.25,1.0658613972789912e-15
sub-30,rest,46.5,5.520684824628699e-16
sub-30,rest,46.75,2.4360184093128705e-16
sub-30,rest,47.0,1.3234058709661037e-16
sub-30,rest,47.25,5.46217880515092e-17
sub-30,rest,47.5,3.2389824793841854e-17
sub-30,rest,47.75,1.765750966490523e-17
sub-30,rest,48.0,8.887744104370759e-18
sub-30,rest,48.25,6.446680666350841e-18
sub-30,rest,48.5,2.7592223028140953e-18
sub-30,rest,48.75,2.4556685289851285e-18
sub-30,rest,49.0,2.2704616015457933e-18
sub-30,rest,49.25,1.3836495348928507e-18
sub-30,rest,49.5,7.731778137735237e-19
sub-30,rest,49.75,7.045391855010138e-19
sub-30,rest,50.0,7.691229239470841e-19
sub-30,rest,50.25,7.0600426885591475e-19
sub-30,rest,50.5,1.0468653431707064e-18
sub-30,rest,50.75,1.9766246357771054e-18
sub-30,rest,51.0,2.403182862870626e-18
sub-30,rest,51.25,3.606790212464846e-18
sub-30,rest,51.5,5.26820973468328e-18
sub-30,rest,51.75,7.355096957357498e-18
sub-30,rest,52.0,1.5475072073108187e-17
sub-30,rest,52.25,2.3952996269769485e-17
sub-30,rest,52.5,3.837078628418173e-17
sub-30,rest,52.75,6.752181536672158e-17
sub-30,rest,53.0,1.448036570221886e-16
sub-30,rest,53.25,3.0739763885884067e-16
sub-30,rest,53.5,6.822933299483894e-16
sub-30,rest,53.75,1.1031457786726356e-15
sub-30,rest,54.0,2.126522104682612e-15
sub-30,rest,54.25,3.895402909299931e-15
sub-30,rest,54.5,5.3472290817770095e-15
sub-30,rest,54.75,1.0129783311007372e-14
sub-30,rest,55.0,1.1987752198685233e-14
sub-30,stimulus,25.0,3.0699769475879703e-13
sub-30,stimulus,25.25,2.7569232497235214e-13
sub-30,stimulus,25.5,2.3817097821638967e-13
sub-30,stimulus,25.75,2.2713668113200724e-13
sub-30,stimulus,26.0,2.6032877280335737e-13
sub-30,stimulus,26.25,2.100168027023246e-13
sub-30,stimulus,26.5,2.00111683839762e-13
sub-30,stimulus,26.75,2.0922761318799873e-13
sub-30,stimulus,27.0,2.0555846138240036e-13
sub-30,stimulus,27.25,1.92872437538938e-13
sub-30,stimulus,27.5,1.6430838361697266e-13
sub-30,stimulus,27.75,1.484325240396677e-13
sub-30,stimulus,28.0,1.6052481028753608e-13
sub-30,stimulus,28.25,1.2593093640533474e-13
sub-30,stimulus,28.5,1.0133118947484497e-13
sub-30,stimulus,28.75,1.0180454510084769e-13
sub-30,stimulus,29.0,1.0282707428780421e-13
sub-30,stimulus,29.25,1.0587687013766496e-13
sub-30,stimulus,29.5,8.486701751449707e-14
sub-30,stimulus,29.75,7.162229491966612e-14
sub-30,stimulus,30.0,7.833727205049087e-14
sub-30,stimulus,30.25,8.176172915070546e-14
sub-30,stimulus,30.5,8.79204260096827e-14
sub-30,stimulus,30.75,8.104101399582558e-14
sub-30,stimulus,31.0,7.838935952500142e-14
sub-30,stimulus,31.25,8.02847717982497e-14
sub-30,stimulus,31.5,7.935579695558435e-14
sub-30,stimulus,31.75,7.075893554209556e-14
sub-30,stimulus,32.0,6.710130687221209e-14
sub-30,stimulus,32.25,6.55694518534673e-14
sub-30,stimulus,32.5,6.292495034904682e-14
sub-30,stimulus,32.75,5.819340351190627e-14
sub-30,stimulus,33.0,5.848889961775932e-14
sub-30,stimulus,33.25,5.2929141612893305e-14
sub-30,stimulus,33.5,4.672337384497077e-14
sub-30,stimulus,33.75,5.310111380062848e-14
sub-30,stimulus,34.0,6.093863826331408e-14
sub-30,stimulus,34.25,5.3957215635182225e-14
sub-30,stimulus,34.5,5.5857241992884897e-14
sub-30,stimulus,34.75,5.048715730315021e-14
sub-30,stimulus,35.0,4.988733450679925e-14
sub-30,stimulus,35.25,4.8514171241068004e-14
sub-30,stimulus,35.5,4.677544222745419e-14
sub-30,stimulus,35.75,5.2496975338068826e-14
sub-30,stimulus,36.0,5.366179385989674e-14
sub-30,stimulus,36.25,5.4091754345743244e-14
sub-30,stimulus,36.5,4.600861672220078e-14
sub-30,stimulus,36.75,4.7204317606015496e-14
sub-30,stimulus,37.0,5.110267805881617e-14
sub-30,stimulus,37.25,4.9940919696515824e-14
sub-30,stimulus,37.5,5.216526577379461e-14
sub-30,stimulus,37.75,5.4232186698300213e-14
sub-30,stimulus,38.0,5.7365567312839e-14
sub-30,stimulus,38.25,5.153719274927875e-14
sub-30,stimulus,38.5,5.204743813654261e-14
sub-30,stimulus,38.75,5.391442026335229e-14
sub-30,stimulus,39.0,4.0989737686367225e-14
sub-30,stimulus,39.25,4.7200925148457357e-14
sub-30,stimulus,39.5,4.72744662082862e-14
sub-30,stimulus,39.75,5.363042911690975e-14
sub-30,stimulus,40.0,6.042955441849532e-14
sub-30,stimulus,40.25,5.0491969332160796e-14
sub-30,stimulus,40.5,5.005048216059211e-14
sub-30,stimulus,40.75,5.306382277516144e-14
sub-30,stimulus,41.0,4.753940809841808e-14
sub-30,stimulus,41.25,4.322735462685193e-14
sub-30,stimulus,41.5,4.903264226679209e-14
sub-30,stimulus,41.75,4.8730632679853415e-14
sub-30,stimulus,42.0,4.5175252178769676e-14
sub-30,stimulus,42.25,4.215978635197498e-14
sub-30,stimulus,42.5,4.897176015868249e-14
sub-30,stimulus,42.75,4.914203611175132e-14
sub-30,stimulus,43.0,4.4246621329887655e-14
sub-30,stimulus,43.25,4.2194744014772095e-14
sub-30,stimulus,43.5,4.080177883182104e-14
sub-30,stimulus,43.75,4.096544856593712e-14
sub-30,stimulus,44.0,3.783170990189607e-14
sub-30,stimulus,44.25,3.7292388804255226e-14
sub-30,stimulus,44.5,3.48874320655196e-14
sub-30,stimulus,44.75,2.8038868350078586e-14
sub-30,stimulus,45.0,2.0599082322030282e-14
sub-30,stimulus,45.25,1.4854381753443942e-14
sub-30,stimulus,45.5,9.553731224652798e-15
sub-30,stimulus,45.75,5.217118491739623e-15
sub-30,stimulus,46.0,2.1004323953270953e-15
sub-30,stimulus,46.25,9.28303068847755e-16
sub-30,stimulus,46.5,4.501589092312167e-16
sub-30,stimulus,46.75,2.3393727577573456e-16
sub-30,stimulus,47.0,1.0367087506981462e-16
sub-30,stimulus,47.25,4.350965269100931e-17
sub-30,stimulus,47.5,1.9143819722088883e-17
sub-30,stimulus,47.75,9.487473060450312e-18
sub-30,stimulus,48.0,4.9738862629440214e-18
sub-30,stimulus,48.25,3.2771872468759955e-18
sub-30,stimulus,48.5,2.3848761152893147e-18
sub-30,stimulus,48.75,1.3058409984787663e-18
sub-30,stimulus,49.0,7.779311989298404e-19
sub-30,stimulus,49.25,5.555685621839537e-19
sub-30,stimulus,49.5,3.7900797679988327e-19
sub-30,stimulus,49.75,3.433143431270346e-19
sub-30,stimulus,50.0,3.6297897581331974e-19
sub-30,stimulus,50.25,4.448067799741493e-19
sub-30,stimulus,50.5,5.574218929741404e-19
sub-30,stimulus,50.75,8.193738232127506e-19
sub-30,stimulus,51.0,1.2404621940980603e-18
sub-30,stimulus,51.25,2.0342544902799463e-18
sub-30,stimulus,51.5,2.6831858509655424e-18
sub-30,stimulus,51.75,3.935816924748527e-18
sub-30,stimulus,52.0,8.192284982022395e-18
sub-30,stimulus,52.25,1.391110726811813e-17
sub-30,stimulus,52.5,3.086492193898649e-17
sub-30,stimulus,52.75,6.37274751773902e-17
sub-30,stimulus,53.0,1.323316534742258e-16
sub-30,stimulus,53.25,2.8323598908601666e-16
sub-30,stimulus,53.5,4.8931080287363185e-16
sub-30,stimulus,53.75,1.0090735887884542e-15
sub-30,stimulus,54.0,2.113346668763811e-15
sub-30,stimulus,54.25,3.4999980839896664e-15
sub-30,stimulus,54.5,5.978875480353483e-15
sub-30,stimulus,54.75,8.855699329431967e-15
sub-30,stimulus,55.0,1.2349014794788586e-14
sub-31,rest,25.0,8.105557727185012e-14
sub-31,rest,25.25,8.529533612389917e-14
sub-31,rest,25.5,9.062609542386802e-14
sub-31,rest,25.75,1.1126393713701803e-13
sub-31,rest,26.0,9.045948372013062e-14
sub-31,rest,26.25,9.161799316041121e-14
sub-31,rest,26.5,9.51242736677565e-14
sub-31,rest,26.75,7.93923419934757e-14
sub-31,rest,27.0,6.99617801726928e-14
sub-31,rest,27.25,5.3815267335330525e-14
sub-31,rest,27.5,5.79302788367465e-14
sub-31,rest,27.75,5.202926803114999e-14
sub-31,rest,28.0,5.017631569956013e-14
sub-31,rest,28.25,3.966629824671261e-14
sub-31,rest,28.5,4.0976792161406346e-14
sub-31,rest,28.75,3.9322985403775377e-14
sub-31,rest,29.0,3.790889999475165e-14
sub-31,rest,29.25,3.907930220358793e-14
sub-31,rest,29.5,3.719561888639923e-14
sub-31,rest,29.75,3.080888569835751e-14
sub-31,rest,30.0,3.1890007539052495e-14
sub-31,rest,30.25,3.1387962570931877e-14
sub-31,rest,30.5,2.791457181958285e-14
sub-31,rest,30.75,2.6646082035700516e-14
sub-31,rest,31.0,3.083233591842619e-14
sub-31,rest,31.25,2.4526592422635113e-14
sub-31,rest,31.5,2.8461622448854153e-14
sub-31,rest,31.75,2.6477261815964275e-14
sub-31,rest,32.0,2.580050329365518e-14
sub-31,rest,32.25,2.3064170036756666e-14
sub-31,rest,32.5,2.515889887102976e-14
sub-31,rest,32.75,2.4064249542606948e-14
sub-31,rest,33.0,2.219108525676006e-14
sub-31,rest,33.25,2.0636995948631642e-14
sub-31,rest,33.5,2.2445988345484547e-14
sub-31,rest,33.75,2.488777234006809e-14
sub-31,rest,34.0,2.0702264483809298e-14
sub-31,rest,34.25,2.5111863307589238e-14
sub-31,rest,34.5,2.1547088202285577e-14
sub-31,rest,34.75,1.7334521491522545e-14
sub-31,rest,35.0,1.8110719226553536e-14
sub-31,rest,35.25,1.9349272548047655e-14
sub-31,rest,35.5,1.8855197363186447e-14
sub-31,rest,35.75,1.7493480103101995e-14
sub-31,rest,36.0,1.623028871301491e-14
sub-31,rest,36.25,1.7081960667951748e-14
sub-31,rest,36.5,1.7836612102979374e-14
sub-31,rest,36.75,1.6894931610199877e-14
sub-31,rest,37.0,1.6535180810950236e-14
sub-31,rest,37.25,1.5515373952486115e-14
sub-31,rest,37.5,1.6663116870876993e-14
sub-31,rest,37.75,1.4386430088718303e-14
sub-31,rest,38.0,1.6530026209845128e-14
sub-31,rest,38.25,1.633743015002319e-14
sub-31,rest,38.5,1.2911006680741432e-14
sub-31,rest,38.75,1.3296580468169956e-14
sub-31,rest,39.0,1.4003365793676751e-14
sub-31,rest,39.25,1.290261932665758e-14
sub-31,rest,39.5,1.3532840420432177e-14
sub-31,rest,39.75,1.4017673944133447e-14
sub-31,rest,40.0,1.4317514661696744e-14
sub-31,rest,40.25,1.4423095418500137e-14
sub-31,rest,40.5,1.232633593711516e-14
sub-31,rest,40.75,1.2459820876598721e-14
sub-31,rest,41.0,1.2852518240002885e-14
sub-31,rest,41.25,1.4582468184344383e-14
sub-31,rest,41.5,1.1871555262188172e-14
sub-31,rest,41.75,1.1111146848701582e-14
sub-31,rest,42.0,1.0790676304969668e-14
sub-31,rest,42.25,1.0634175914149912e-14
sub-31,rest,42.5,1.150755985557841e-14
sub-31,rest,42.75,1.2161976849704844e-14
sub-31,rest,43.0,1.14250987048833e-14
sub-31,rest,43.25,1.0355746813611057e-14
sub-31,rest,43.5,1.1180019798323799e-14
sub-31,rest,43.75,1.1459676279986678e-14
sub-31,rest,44.0,1.1860098076498446e-14
sub-31,rest,44.25,1.0538201817390679e-14
sub-31,rest,44.5,8.543241926782243e-15
sub-31,rest,44.75,7.18581486302325e-15
sub-31,rest,45.0,5.116772830901102e-15
sub-31,rest,45.25,4.196602514246347e-15
sub-31,rest,45.5,2.8604499331304164e-15
sub-31,rest,45.75,1.4460487398673068e-15
sub-31,rest,46.0,7.740381085748574e-16
sub-31,rest,46.25,3.6693764055379045e-16
sub-31,rest,46.5,1.717672735867974e-16
sub-31,rest,46.75,8.486840854127727e-17
sub-31,rest,47.0,3.564395675036311e-17
sub-31,rest,47.25,1.7068728015811766e-17
sub-31,rest,47.5,7.310557839220608e-18
sub-31,rest,47.75,4.731123741731046e-18
sub-31,rest,48.0,2.5205563512694734e-18
sub-31,rest,48.25,1.6800689321021427e-18
sub-31,rest,48.5,1.0019802773362136e-18
sub-31,rest,48.75,6.573411893119965e-19
sub-31,rest,49.0,4.276347239477263e-19
sub-31,rest,49.25,3.056446002016902e-19
sub-31,rest,49.5,2.253367800001982e-19
sub-31,rest,49.75,2.6921347605762455e-19
sub-31,rest,50.0,1.904108263926306e-19
sub-31,rest,50.25,1.6929309483008201e-19
sub-31,rest,50.5,1.7227390596477266e-19
sub-31,rest,50.75,3.072798273128037e-19
sub-31,rest,51.0,4.2802170462602115e-19
sub-31,rest,51.25,7.34414910665945e-19
sub-31,rest,51.5,1.1655244826754361e-18
sub-31,rest,51.75,1.892899633969282e-18
sub-31,rest,52.0,3.5110336448207296e-18
sub-31,rest,52.25,5.4626908223209256e-18
sub-31,rest,52.5,8.913483735194832e-18
sub-31,rest,52.75,2.046949814192694e-17
sub-31,rest,53.0,4.574414904477958e-17
sub-31,rest,53.25,8.421738001089118e-17
sub-31,rest,53.5,2.1383746701632325e-16
sub-31,rest,53.75,3.6711059184251407e-16
sub-31,rest,54.0,6.092803702978377e-16
sub-31,rest,54.25,1.2757282441031123e-15
sub-31,rest,54.5,2.0370152125994578e-15
sub-31,rest,54.75,3.920720155902336e-15
sub-31,rest,55.0,5.391596823811352e-15
sub-31,stimulus,25.0,9.036795376439754e-14
sub-31,stimulus,25.25,8.626154098928523e-14
sub-31,stimulus,25.5,9.688828919586456e-14
sub-31,stimulus,25.75,1.0486181359027714e-13
sub-31,stimulus,26.0,9.081502622477685e-14
sub-31,stimulus,26.25,8.965684108874334e-14
sub-31,stimulus,26.5,8.852658607980372e-14
sub-31,stimulus,26.75,7.784131498944317e-14
sub-31,stimulus,27.0,7.58437028677206e-14
sub-31,stimulus,27.25,6.641777740223842e-14
sub-31,stimulus,27.5,5.938092755157812e-14
sub-31,stimulus,27.75,5.409104290244476e-14
sub-31,stimulus,28.0,5.0139020420186333e-14
sub-31,stimulus,28.25,4.718666482959711e-14
sub-31,stimulus,28.5,4.895390799979611e-14
sub-31,stimulus,28.75,4.307454750955101e-14
sub-31,stimulus,29.0,3.560501798297776e-14
sub-31,stimulus,29.25,3.925273291307793e-14
sub-31,stimulus,29.5,3.6457048320871626e-14
sub-31,stimulus,29.75,3.4806771093664617e-14
sub-31,stimulus,30.0,3.605233960599613e-14
sub-31,stimulus,30.25,3.33825877144833e-14
sub-31,stimulus,30.5,3.279713922215853e-14
sub-31,stimulus,30.75,3.1469978471514464e-14
sub-31,stimulus,31.0,2.615265610115161e-14
sub-31,stimulus,31.25,2.675183177719861e-14
sub-31,stimulus,31.5,2.7103081533247594e-14
sub-31,stimulus,31.75,2.619698191772511e-14
sub-31,stimulus,32.0,2.6404817343815216e-14
sub-31,stimulus,32.25,2.2412956632435985e-14
sub-31,stimulus,32.5,2.3580265698445665e-14
sub-31,stimulus,32.75,2.545600842837799e-14
sub-31,stimulus,33.0,2.3344360109643546e-14
sub-31,stimulus,33.25,2.5242881005114356e-14
sub-31,stimulus,33.5,2.1278719863967647e-14
sub-31,stimulus,33.75,2.0656567302853632e-14
sub-31,stimulus,34.0,2.080789498422621e-14
sub-31,stimulus,34.25,2.2690755435799983e-14
sub-31,stimulus,34.5,2.18910440006078e-14
sub-31,stimulus,34.75,1.841210603983778e-14
sub-31,stimulus,35.0,1.8061965105284523e-14
sub-31,stimulus,35.25,1.8000814699067618e-14
sub-31,stimulus,35.5,1.8229197390067668e-14
sub-31,stimulus,35.75,1.7039565970130714e-14
sub-31,stimulus,36.0,1.7045200971991487e-14
sub-31,stimulus,36.25,1.544903394166046e-14
sub-31,stimulus,36.5,1.7620835923851944e-14
sub-31,stimulus,36.75,1.6490850148401633e-14
sub-31,stimulus,37.0,1.6272329399985895e-14
sub-31,stimulus,37.25,1.5100714949020915e-14
sub-31,stimulus,37.5,1.563516577296033e-14
sub-31,stimulus,37.75,1.3797608205467257e-14
sub-31,stimulus,38.0,1.5077574193949335e-14
sub-31,stimulus,38.25,1.5925177852594945e-14
sub-31,stimulus,38.5,1.6433281597312725e-14
sub-31,stimulus,38.75,1.3718534315760128e-14
sub-31,stimulus,39.0,1.4909085286598787e-14
sub-31,stimulus,39.25,1.3451053467473597e-14
sub-31,stimulus,39.5,1.3311103269103558e-14
sub-31,stimulus,39.75,1.911821063580818e-14
sub-31,stimulus,40.0,2.4474134967552796e-14
sub-31,stimulus,40.25,1.8663135058075375e-14
sub-31,stimulus,40.5,1.5172635255358177e-14
sub-31,stimulus,40.75,1.5076388589452485e-14
sub-31,stimulus,41.0,1.411274563185254e-14
sub-31,stimulus,41.25,1.430764360299084e-14
sub-31,stimulus,41.5,1.3778488567832562e-14
sub-31,stimulus,41.75,1.4958119352974283e-14
sub-31,stimulus,42.0,1.3481386745182576e-14
sub-31,stimulus,42.25,1.331421216540573e-14
sub-31,stimulus,42.5,1.4044614268532137e-14
sub-31,stimulus,42.75,1.2709028384477175e-14
sub-31,stimulus,43.0,1.3350689257079049e-14
sub-31,stimulus,43.25,1.2004970109411036e-14
sub-31,stimulus,43.5,1.1568582186532584e-14
sub-31,stimulus,43.75,1.0525429830586024e-14
sub-31,stimulus,44.0,1.0512823196022627e-14
sub-31,stimulus,44.25,9.480008817360619e-15
sub-31,stimulus,44.5,8.767313471575326e-15
sub-31,stimulus,44.75,7.734896960149115e-15
sub-31,stimulus,45.0,5.556514455037361e-15
sub-31,stimulus,45.25,4.202240968018051e-15
sub-31,stimulus,45.5,2.735683082631789e-15
sub-31,stimulus,45.75,1.3847015818532803e-15
sub-31,stimulus,46.0,7.729729725323907e-16
sub-31,stimulus,46.25,3.683014317994511e-16
sub-31,stimulus,46.5,1.8088541060324174e-16
sub-31,stimulus,46.75,8.669130362413187e-17
sub-31,stimulus,47.0,3.111609746959263e-17
sub-31,stimulus,47.25,1.1581209822097598e-17
sub-31,stimulus,47.5,5.867972481712767e-18
sub-31,stimulus,47.75,3.783719280685229e-18
sub-31,stimulus,48.0,2.19993305724471e-18
sub-31,stimulus,48.25,1.3061267818242948e-18
sub-31,stimulus,48.5,6.428286323954351e-19
sub-31,stimulus,48.75,4.259025901651892e-19
sub-31,stimulus,49.0,2.743387083121694e-19
sub-31,stimulus,49.25,2.2397044950852195e-19
sub-31,stimulus,49.5,1.6404951934158197e-19
sub-31,stimulus,49.75,1.2595932609998107e-19
sub-31,stimulus,50.0,1.095989196420978e-19
sub-31,stimulus,50.25,1.292219057133051e-19
sub-31,stimulus,50.5,1.5780800836858198e-19
sub-31,stimulus,50.75,2.0618678745089065e-19
sub-31,stimulus,51.0,2.569212605052756e-19
sub-31,stimulus,51.25,4.0234310938865893e-19
sub-31,stimulus,51.5,5.050424573033739e-19
sub-31,stimulus,51.75,1.0441466021079933e-18
sub-31,stimulus,52.0,1.8867104023152925e-18
sub-31,stimulus,52.25,4.193933306975174e-18
sub-31,stimulus,52.5,9.611745746439419e-18
sub-31,stimulus,52.75,2.1096577749761153e-17
sub-31,stimulus,53.0,4.0033182711355066e-17
sub-31,stimulus,53.25,8.534058465145943e-17
sub-31,stimulus,53.5,1.995861250579941e-16
sub-31,stimulus,53.75,3.918152899234141e-16
sub-31,stimulus,54.0,7.386784073985793e-16
sub-31,stimulus,54.25,1.2411742402506947e-15
sub-31,stimulus,54.5,2.1745063786043707e-15
sub-31,stimulus,54.75,3.646266322397369e-15
sub-31,stimulus,55.0,4.432528942052275e-15
sub-32,rest,25.0,4.502816176402929e-14
sub-32,rest,25.25,5.982138075118352e-14
sub-32,rest,25.5,5.405905247285536e-14
sub-32,rest,25.75,4.3551268106731025e-14
sub-32,rest,26.0,4.004609078698754e-14
sub-32,rest,26.25,4.539796323209407e-14
sub-32,rest,26.5,3.9817193021604093e-14
sub-32,rest,26.75,4.08458283639322e-14
sub-32,rest,27.0,3.6544534396849686e-14
sub-32,rest,27.25,3.3671542366383276e-14
sub-32,rest,27.5,3.161611162638152e-14
sub-32,rest,27.75,2.8815803952205034e-14
sub-32,rest,28.0,2.954001474779917e-14
sub-32,rest,28.25,3.284509311259081e-14
sub-32,rest,28.5,2.963081617109984e-14
sub-32,rest,28.75,2.7888390328236353e-14
sub-32,rest,29.0,2.6773313705018262e-14
sub-32,rest,29.25,2.5217297233920173e-14
sub-32,rest,29.5,2.5036562579007667e-14
sub-32,rest,29.75,2.200141536996631e-14
sub-32,rest,30.0,2.5817782965715246e-14
sub-32,rest,30.25,2.2460508087588258e-14
sub-32,rest,30.5,2.1429351333916668e-14
sub-32,rest,30.75,2.0803994514355325e-14
sub-32,rest,31.0,2.4237689766994825e-14
sub-32,rest,31.25,2.0554116814144126e-14
sub-32,rest,31.5,1.8026408844504405e-14
sub-32,rest,31.75,1.9930715636926113e-14
sub-32,rest,32.0,1.8302772248173054e-14
sub-32,rest,32.25,1.763194479526679e-14
sub-32,rest,32.5,1.9451839006524693e-14
sub-32,rest,32.75,1.733975147384838e-14
sub-32,rest,33.0,2.016101423047127e-14
sub-32,rest,33.25,1.838009187266841e-14
sub-32,rest,33.5,1.8104772803844765e-14
sub-32,rest,33.75,1.353009862743469e-14
sub-32,rest,34.0,1.3760044156291348e-14
sub-32,rest,34.25,1.659851464561295e-14
sub-32,rest,34.5,1.336677626156197e-14
sub-32,rest,34.75,1.390238255082734e-14
sub-32,rest,35.0,1.4227804116883066e-14
sub-32,rest,35.25,1.4102072953409096e-14
sub-32,rest,35.5,1.3529137737333496e-14
sub-32,rest,35.75,1.2240187838330397e-14
sub-32,rest,36.0,1.1684730421233681e-14
sub-32,rest,36.25,1.2884313523279461e-14
sub-32,rest,36.5,1.1427074696000811e-14
sub-32,rest,36.75,1.2115173354107892e-14
sub-32,rest,37.0,1.2883524581345646e-14
sub-32,rest,37.25,1.217662345129192e-14
sub-32,rest,37.5,1.1209645014127104e-14
sub-32,rest,37.75,1.0829767561891067e-14
sub-32,rest,38.0,1.0553635794939677e-14
sub-32,rest,38.25,1.0113010610421791e-14
sub-32,rest,38.5,9.229446109189771e-15
sub-32,rest,38.75,1.0291311569089574e-14
sub-32,rest,39.0,1.1603366396962411e-14
sub-32,rest,39.25,9.40702747419122e-15
sub-32,rest,39.5,9.62742106910538e-15
sub-32,rest,39.75,1.118493925970018e-14
sub-32,rest,40.0,1.0384037374710282e-14
sub-32,rest,40.25,9.5034498956456e-15
sub-32,rest,40.5,9.555287282865729e-15
sub-32,rest,40.75,9.70234225036561e-15
sub-32,rest,41.0,1.0831607742848063e-14
sub-32,rest,41.25,8.484277526364914e-15
sub-32,rest,41.5,1.1961964710150043e-14
sub-32,rest,41.75,1.4021210857149697e-14
sub-32,rest,42.0,1.1542452029032196e-14
sub-32,rest,42.25,8.926223112088215e-15
sub-32,rest,42.5,1.2249945750059256e-14
sub-32,rest,42.75,1.1168284193928994e-14
sub-32,rest,43.0,1.0291623003885166e-14
sub-32,rest,43.25,8.14774266206516e-15
sub-32,rest,43.5,9.142217074102499e-15
sub-32,rest,43.75,1.0768517338272984e-14
sub-32,rest,44.0,8.949636357856534e-15
sub-32,rest,44.25,7.840405374705334e-15
sub-32,rest,44.5,7.86360513695214e-15
sub-32,rest,44.75,6.775812101047274e-15
sub-32,rest,45.0,5.017232705422893e-15
sub-32,rest,45.25,2.9643690082670618e-15
sub-32,rest,45.5,1.675869233936949e-15
sub-32,rest,45.75,1.053009199378617e-15
sub-32,rest,46.0,6.389014495410974e-16
sub-32,rest,46.25,2.468555217747151e-16
sub-32,rest,46.5,1.5056411807143375e-16
sub-32,rest,46.75,5.908348572080083e-17
sub-32,rest,47.0,2.73970718146677e-17
sub-32,rest,47.25,1.3727766164136195e-17
sub-32,rest,47.5,6.372043902835478e-18
sub-32,rest,47.75,3.305362202001322e-18
sub-32,rest,48.0,1.5406755671852532e-18
sub-32,rest,48.25,1.2321488355581234e-18
sub-32,rest,48.5,8.818601315017811e-19
sub-32,rest,48.75,5.636173957821506e-19
sub-32,rest,49.0,3.696608668203625e-19
sub-32,rest,49.25,3.0624518792779386e-19
sub-32,rest,49.5,2.3744511699414265e-19
sub-32,rest,49.75,2.1538235139005179e-19
sub-32,rest,50.0,2.1113772884649693e-19
sub-32,rest,50.25,2.2887478428970315e-19
sub-32,rest,50.5,2.2094297232554704e-19
sub-32,rest,50.75,2.4780707232814854e-19
sub-32,rest,51.0,3.6459729548963946e-19
sub-32,rest,51.25,6.120563006105069e-19
sub-32,rest,51.5,8.45381528172041e-19
sub-32,rest,51.75,1.132639953845769e-18
sub-32,rest,52.0,1.7021509306840733e-18
sub-32,rest,52.25,3.1924196852896005e-18
sub-32,rest,52.5,6.300902798471475e-18
sub-32,rest,52.75,1.6515956288034764e-17
sub-32,rest,53.0,2.842804304376442e-17
sub-32,rest,53.25,5.389131017074069e-17
sub-32,rest,53.5,1.3997027452889422e-16
sub-32,rest,53.75,3.0015524757347707e-16
sub-32,rest,54.0,5.355833785057642e-16
sub-32,rest,54.25,8.850714203098174e-16
sub-32,rest,54.5,1.5454007591265818e-15
sub-32,rest,54.75,2.500368725338771e-15
sub-32,rest,55.0,3.5922906192369014e-15
sub-32,stimulus,25.0,6.13824607349082e-14
sub-32,stimulus,25.25,5.632827264671022e-14
sub-32,stimulus,25.5,5.4828821081228814e-14
sub-32,stimulus,25.75,5.338952233885525e-14
sub-32,stimulus,26.0,4.893957813153918e-14
sub-32,stimulus,26.25,4.7004805394655715e-14
sub-32,stimulus,26.5,3.9462105422214774e-14
sub-32,stimulus,26.75,3.916904938110264e-14
sub-32,stimulus,27.0,3.460440116801498e-14
sub-32,stimulus,27.25,3.6605759810055037e-14
sub-32,stimulus,27.5,3.407392499274983e-14
sub-32,stimulus,27.75,3.504480352936281e-14
sub-32,stimulus,28.0,3.4869991107864526e-14
sub-32,stimulus,28.25,3.0180958078675794e-14
sub-32,stimulus,28.5,2.866937505561029e-14
sub-32,stimulus,28.75,2.5186655353116356e-14
sub-32,stimulus,29.0,2.8009846024966682e-14
sub-32,stimulus,29.25,3.0946628166217976e-14
sub-32,stimulus,29.5,2.3355030309116512e-14
sub-32,stimulus,29.75,2.2981496148485315e-14
sub-32,stimulus,30.0,2.2535599438122355e-14
sub-32,stimulus,30.25,2.3900797466532875e-14
sub-32,stimulus,30.5,2.4032075697214912e-14
sub-32,stimulus,30.75,2.3531894031912265e-14
sub-32,stimulus,31.0,2.0645899374939876e-14
sub-32,stimulus,31.25,2.020193287294147e-14
sub-32,stimulus,31.5,2.0602302459083414e-14
sub-32,stimulus,31.75,1.973901975451764e-14
sub-32,stimulus,32.0,1.723839886541299e-14
sub-32,stimulus,32.25,1.684315309214213e-14
sub-32,stimulus,32.5,1.7468435751810694e-14
sub-32,stimulus,32.75,1.609313997885868e-14
sub-32,stimulus,33.0,1.678613049233775e-14
sub-32,stimulus,33.25,1.8237327646796997e-14
sub-32,stimulus,33.5,1.4925505719344268e-14
sub-32,stimulus,33.75,1.2976248735466223e-14
sub-32,stimulus,34.0,1.314511551517625e-14
sub-32,stimulus,34.25,1.2839223864587619e-14
sub-32,stimulus,34.5,1.3026020751029568e-14
sub-32,stimulus,34.75,1.3537966335136985e-14
sub-32,stimulus,35.0,1.5072334023761515e-14
sub-32,stimulus,35.25,1.42538742598344e-14
sub-32,stimulus,35.5,1.3324770914746648e-14
sub-32,stimulus,35.75,1.398789803252895e-14
sub-32,stimulus,36.0,1.2222626873423209e-14
sub-32,stimulus,36.25,1.253376391804268e-14
sub-32,stimulus,36.5,1.2990640060871499e-14
sub-32,stimulus,36.75,1.0549437217440134e-14
sub-32,stimulus,37.0,1.128083844906611e-14
sub-32,stimulus,37.25,1.1826406156466624e-14
sub-32,stimulus,37.5,1.2272248183550578e-14
sub-32,stimulus,37.75,1.1302521576670707e-14
sub-32,stimulus,38.0,9.756765534561648e-15
sub-32,stimulus,38.25,9.450549601081934e-15
sub-32,stimulus,38.5,1.162397920553547e-14
sub-32,stimulus,38.75,9.80657693970131e-15
sub-32,stimulus,39.0,1.0082246040745219e-14
sub-32,stimulus,39.25,1.124875945006469e-14
sub-32,stimulus,39.5,1.21569477170473e-14
sub-32,stimulus,39.75,1.1873982776524364e-14
sub-32,stimulus,40.0,1.671726179540382e-14
sub-32,stimulus,40.25,1.2932608346379504e-14
sub-32,stimulus,40.5,1.1337184359591784e-14
sub-32,stimulus,40.75,1.2472227357922133e-14
sub-32,stimulus,41.0,1.1819964878498232e-14
sub-32,stimulus,41.25,9.177542647776538e-15
sub-32,stimulus,41.5,9.98861654357836e-15
sub-32,stimulus,41.75,1.0275115108100291e-14
sub-32,stimulus,42.0,9.066554826518242e-15
sub-32,stimulus,42.25,8.92290417924452e-15
sub-32,stimulus,42.5,9.917428401551859e-15
sub-32,stimulus,42.75,9.612696805281761e-15
sub-32,stimulus,43.0,9.22337316850051e-15
sub-32,stimulus,43.25,8.929313005472677e-15
sub-32,stimulus,43.5,8.901963696580629e-15
sub-32,stimulus,43.75,8.632181361562953e-15
sub-32,stimulus,44.0,8.52099676181815e-15
sub-32,stimulus,44.25,7.548863687476744e-15
sub-32,stimulus,44.5,6.201836435998921e-15
sub-32,stimulus,44.75,5.637719387248151e-15
sub-32,stimulus,45.0,4.6509479505655335e-15
sub-32,stimulus,45.25,3.2429485404766154e-15
sub-32,stimulus,45.5,1.875684191017117e-15
sub-32,stimulus,45.75,1.175694521573538e-15
sub-32,stimulus,46.0,7.234038618127082e-16
sub-32,stimulus,46.25,2.811251822148223e-16
sub-32,stimulus,46.5,1.2394156181014332e-16
sub-32,stimulus,46.75,5.969584810249384e-17
sub-32,stimulus,47.0,2.755546072182644e-17
sub-32,stimulus,47.25,1.2067703769948756e-17
sub-32,stimulus,47.5,5.8691517938414875e-18
sub-32,stimulus,47.75,3.3539196760739055e-18
sub-32,stimulus,48.0,1.777506506611741e-18
sub-32,stimulus,48.25,1.31820765468587e-18
sub-32,stimulus,48.5,8.209756113022172e-19
sub-32,stimulus,48.75,5.614105015301089e-19
sub-32,stimulus,49.0,4.2698089865490753e-19
sub-32,stimulus,49.25,2.56039082933169e-19
sub-32,stimulus,49.5,1.994276715663113e-19
sub-32,stimulus,49.75,1.9579314781097954e-19
sub-32,stimulus,50.0,1.6787423849669279e-19
sub-32,stimulus,50.25,1.704542033481648e-19
sub-32,stimulus,50.5,2.4253665969788744e-19
sub-32,stimulus,50.75,2.8715953052257546e-19
sub-32,stimulus,51.0,3.135649971400639e-19
sub-32,stimulus,51.25,4.91926296989949e-19
sub-32,stimulus,51.5,8.468439738039986e-19
sub-32,stimulus,51.75,1.3483141074085386e-18
sub-32,stimulus,52.0,1.972124011329694e-18
sub-32,stimulus,52.25,3.3948294249856054e-18
sub-32,stimulus,52.5,6.895377746837257e-18
sub-32,stimulus,52.75,1.404720581177165e-17
sub-32,stimulus,53.0,3.259070965153762e-17
sub-32,stimulus,53.25,7.756971064377913e-17
sub-32,stimulus,53.5,1.5415685115513114e-16
sub-32,stimulus,53.75,3.163747163023432e-16
sub-32,stimulus,54.0,6.140252352333815e-16
sub-32,stimulus,54.25,1.0807442456933901e-15
sub-32,stimulus,54.5,1.527500141537134e-15
sub-32,stimulus,54.75,2.469838104419135e-15
sub-32,stimulus,55.0,3.6429723174174095e-15
sub-33,rest,25.0,8.642218475855606e-14
sub-33,rest,25.25,9.493166100082877e-14
sub-33,rest,25.5,1.0112650733950869e-13
sub-33,rest,25.75,1.4633126374244322e-13
sub-33,rest,26.0,1.6783504430774002e-13
sub-33,rest,26.25,1.9025684635172517e-13
sub-33,rest,26.5,1.7393257704456532e-13
sub-33,rest,26.75,2.1145410533484927e-13
sub-33,rest,27.0,1.9333600021995457e-13
sub-33,rest,27.25,1.9727382194017184e-13
sub-33,rest,27.5,1.2093570961489627e-13
sub-33,rest,27.75,1.276115155357982e-13
sub-33,rest,28.0,1.0327799409716176e-13
sub-33,rest,28.25,8.232387670002644e-14
sub-33,rest,28.5,8.189622630492568e-14
sub-33,rest,28.75,5.88777084682855e-14
sub-33,rest,29.0,5.0115169459754974e-14
sub-33,rest,29.25,5.743007385901189e-14
sub-33,rest,29.5,4.867318109254349e-14
sub-33,rest,29.75,5.949422296878992e-14
sub-33,rest,30.0,5.830848606235865e-14
sub-33,rest,30.25,4.462014178215399e-14
sub-33,rest,30.5,4.455571572415867e-14
sub-33,rest,30.75,4.5669968919711235e-14
sub-33,rest,31.0,3.620535564943725e-14
sub-33,rest,31.25,4.08275332102973e-14
sub-33,rest,31.5,4.0861810863006034e-14
sub-33,rest,31.75,4.002301229513579e-14
sub-33,rest,32.0,3.789329374044955e-14
sub-33,rest,32.25,4.140436221107555e-14
sub-33,rest,32.5,3.7285801668144566e-14
sub-33,rest,32.75,3.350394894708042e-14
sub-33,rest,33.0,2.71776192744889e-14
sub-33,rest,33.25,2.8314452431903253e-14
sub-33,rest,33.5,3.388511733120251e-14
sub-33,rest,33.75,3.2118506179557885e-14
sub-33,rest,34.0,3.1663520773164736e-14
sub-33,rest,34.25,2.866270243116271e-14
sub-33,rest,34.5,3.012430000339227e-14
sub-33,rest,34.75,3.055416497522695e-14
sub-33,rest,35.0,2.3449866706226336e-14
sub-33,rest,35.25,2.2367413050902855e-14
sub-33,rest,35.5,3.200575996637112e-14
sub-33,rest,35.75,2.5009280172381853e-14
sub-33,rest,36.0,2.5856288437938696e-14
sub-33,rest,36.25,2.562084075477188e-14
sub-33,rest,36.5,2.1116782261129025e-14
sub-33,rest,36.75,1.8710725255124286e-14
sub-33,rest,37.0,2.217712151445809e-14
sub-33,rest,37.25,2.175635616243409e-14
sub-33,rest,37.5,2.1144024644424595e-14
sub-33,rest,37.75,2.321313256326786e-14
sub-33,rest,38.0,2.3314381536422504e-14
sub-33,rest,38.25,2.0231175782799663e-14
sub-33,rest,38.5,2.3245640951106904e-14
sub-33,rest,38.75,2.405921420037246e-14
sub-33,rest,39.0,2.0705334387934194e-14
sub-33,rest,39.25,2.1124243214051243e-14
sub-33,rest,39.5,2.0977282674153736e-14
sub-33,rest,39.75,1.760126231700367e-14
sub-33,rest,40.0,1.9950549443482797e-14
sub-33,rest,40.25,1.8643863313025777e-14
sub-33,rest,40.5,1.6661075710009248e-14
sub-33,rest,40.75,1.70614112131716e-14
sub-33,rest,41.0,1.8730069647492787e-14
sub-33,rest,41.25,1.946376234811529e-14
sub-33,rest,41.5,2.2799364750733673e-14
sub-33,rest,41.75,1.9058176761512843e-14
sub-33,rest,42.0,2.1053245380306137e-14
sub-33,rest,42.25,2.0200172096793358e-14
sub-33,rest,42.5,1.7962349408273636e-14
sub-33,rest,42.75,1.6798061517572855e-14
sub-33,rest,43.0,1.7589629993856576e-14
sub-33,rest,43.25,1.8517080934257242e-14
sub-33,rest,43.5,1.7356965887565276e-14
sub-33,rest,43.75,1.8203448039958473e-14
sub-33,rest,44.0,1.7695432442476574e-14
sub-33,rest,44.25,1.5630765034535283e-14
sub-33,rest,44.5,1.3849436810181972e-14
sub-33,rest,44.75,1.0978145308796699e-14
sub-33,rest,45.0,8.610859292244266e-15
sub-33,rest,45.25,6.042834197756801e-15
sub-33,rest,45.5,4.261639730123891e-15
sub-33,rest,45.75,2.4764035718138925e-15
sub-33,rest,46.0,1.17597165434723e-15
sub-33,rest,46.25,7.188418699963533e-16
sub-33,rest,46.5,4.1205613940865807e-16
sub-33,rest,46.75,1.9023547830066844e-16
sub-33,rest,47.0,9.093024653507388e-17
sub-33,rest,47.25,5.2318686999753774e-17
sub-33,rest,47.5,2.8182078557236486e-17
sub-33,rest,47.75,1.685210912223542e-17
sub-33,rest,48.0,1.1400259007308065e-17
sub-33,rest,48.25,5.721250916623186e-18
sub-33,rest,48.5,3.9593198083031266e-18
sub-33,rest,48.75,2.282659109610123e-18
sub-33,rest,49.0,1.924696425625755e-18
sub-33,rest,49.25,1.47540945497647e-18
sub-33,rest,49.5,8.830177677295645e-19
sub-33,rest,49.75,7.368940297046377e-19
sub-33,rest,50.0,6.914336759211505e-19
sub-33,rest,50.25,7.632995855785423e-19
sub-33,rest,50.5,1.0710620398834555e-18
sub-33,rest,50.75,1.5993428438124293e-18
sub-33,rest,51.0,2.6283236388834646e-18
sub-33,rest,51.25,2.8871848172424836e-18
sub-33,rest,51.5,6.106870507044906e-18
sub-33,rest,51.75,7.463461673161823e-18
sub-33,rest,52.0,1.1749771366384354e-17
sub-33,rest,52.25,1.6944519735646252e-17
sub-33,rest,52.5,3.742378963346896e-17
sub-33,rest,52.75,6.262039126864039e-17
sub-33,rest,53.0,9.818986658931132e-17
sub-33,rest,53.25,2.0756190688191483e-16
sub-33,rest,53.5,3.685158648717266e-16
sub-33,rest,53.75,8.128267780943227e-16
sub-33,rest,54.0,1.3508214830729497e-15
sub-33,rest,54.25,2.625319687956013e-15
sub-33,rest,54.5,5.206000998706021e-15
sub-33,rest,54.75,5.8113455113618564e-15
sub-33,rest,55.0,7.229786154141009e-15
sub-33,stimulus,25.0,1.1058234279844139e-13
sub-33,stimulus,25.25,1.1466292774164024e-13
sub-33,stimulus,25.5,1.643535159141745e-13
sub-33,stimulus,25.75,1.7963296363565805e-13
sub-33,stimulus,26.0,1.6863954532889005e-13
sub-33,stimulus,26.25,1.64492697721755e-13
sub-33,stimulus,26.5,1.8586608031884227e-13
sub-33,stimulus,26.75,2.0486818347460126e-13
sub-33,stimulus,27.0,1.9194110299626918e-13
sub-33,stimulus,27.25,1.6063710746572842e-13
sub-33,stimulus,27.5,1.155267901279807e-13
sub-33,stimulus,27.75,1.1547333693804265e-13
sub-33,stimulus,28.0,9.007034338410822e-14
sub-33,stimulus,28.25,7.244872642669264e-14
sub-33,stimulus,28.5,8.213537497726809e-14
sub-33,stimulus,28.75,6.994798049893706e-14
sub-33,stimulus,29.0,6.561211822178093e-14
sub-33,stimulus,29.25,5.917509188678635e-14
sub-33,stimulus,29.5,6.010101188037202e-14
sub-33,stimulus,29.75,5.888554506387459e-14
sub-33,stimulus,30.0,5.817341511413616e-14
sub-33,stimulus,30.25,5.194154081160872e-14
sub-33,stimulus,30.5,5.373915541384446e-14
sub-33,stimulus,30.75,4.5430854236200164e-14
sub-33,stimulus,31.0,4.560218405583486e-14
sub-33,stimulus,31.25,4.733878058850958e-14
sub-33,stimulus,31.5,5.761656549919849e-14
sub-33,stimulus,31.75,4.8385646318413415e-14
sub-33,stimulus,32.0,4.43755449523681e-14
sub-33,stimulus,32.25,4.656846823199182e-14
sub-33,stimulus,32.5,3.9997420028693033e-14
sub-33,stimulus,32.75,3.667909576199419e-14
sub-33,stimulus,33.0,3.488076438498256e-14
sub-33,stimulus,33.25,3.356541103661328e-14
sub-33,stimulus,33.5,3.6411083527314823e-14
sub-33,stimulus,33.75,3.476622832576464e-14
sub-33,stimulus,34.0,3.356894415368381e-14
sub-33,stimulus,34.25,3.000997327769864e-14
sub-33,stimulus,34.5,3.034290731505984e-14
sub-33,stimulus,34.75,2.990974990087554e-14
sub-33,stimulus,35.0,2.890880056594993e-14
sub-33,stimulus,35.25,2.882766293195676e-14
sub-33,stimulus,35.5,3.082672270050994e-14
sub-33,stimulus,35.75,2.6627665652870417e-14
sub-33,stimulus,36.0,2.7168478915158453e-14
sub-33,stimulus,36.25,2.939886919701094e-14
sub-33,stimulus,36.5,2.7054540687341094e-14
sub-33,stimulus,36.75,2.6180769053422685e-14
sub-33,stimulus,37.0,2.6549419192868863e-14
sub-33,stimulus,37.25,2.654506243395233e-14
sub-33,stimulus,37.5,2.51582427943215e-14
sub-33,stimulus,37.75,2.4830186329013513e-14
sub-33,stimulus,38.0,2.6158314593675598e-14
sub-33,stimulus,38.25,2.445619063277377e-14
sub-33,stimulus,38.5,2.303922818126139e-14
sub-33,stimulus,38.75,2.043957218685947e-14
sub-33,stimulus,39.0,2.393025244253806e-14
sub-33,stimulus,39.25,2.1954728290004452e-14
sub-33,stimulus,39.5,2.3539089446212516e-14
sub-33,stimulus,39.75,2.6767305425101638e-14
sub-33,stimulus,40.0,2.93717751498196e-14
sub-33,stimulus,40.25,2.180561562419161e-14
sub-33,stimulus,40.5,2.3313282743827083e-14
sub-33,stimulus,40.75,2.249768999813943e-14
sub-33,stimulus,41.0,2.1303008425190133e-14
sub-33,stimulus,41.25,1.9498674981569377e-14
sub-33,stimulus,41.5,2.250564165483701e-14
sub-33,stimulus,41.75,2.1207201579914962e-14
sub-33,stimulus,42.0,2.2941342755745483e-14
sub-33,stimulus,42.25,2.175712675227936e-14
sub-33,stimulus,42.5,2.2989697604037762e-14
sub-33,stimulus,42.75,1.9680761983339497e-14
sub-33,stimulus,43.0,1.9784669686914578e-14
sub-33,stimulus,43.25,2.2000162764212312e-14
sub-33,stimulus,43.5,1.6364707425444223e-14
sub-33,stimulus,43.75,1.7681084096357278e-14
sub-33,stimulus,44.0,2.2668532445454808e-14
sub-33,stimulus,44.25,1.5838330887047654e-14
sub-33,stimulus,44.5,1.3726612053072051e-14
sub-33,stimulus,44.75,1.3197203986746993e-14
sub-33,stimulus,45.0,9.979432490174949e-15
sub-33,stimulus,45.25,6.199557797112866e-15
sub-33,stimulus,45.5,4.479265340705136e-15
sub-33,stimulus,45.75,3.0761716387727195e-15
sub-33,stimulus,46.0,1.7741895852275574e-15
sub-33,stimulus,46.25,8.383681751448913e-16
sub-33,stimulus,46.5,5.5939354572047e-16
sub-33,stimulus,46.75,3.3707063605101324e-16
sub-33,stimulus,47.0,1.8915444249373745e-16
sub-33,stimulus,47.25,1.2258965819870852e-16
sub-33,stimulus,47.5,6.997927154173959e-17
sub-33,stimulus,47.75,3.527420252166017e-17
sub-33,stimulus,48.0,1.7175234870743163e-17
sub-33,stimulus,48.25,1.4951843549700382e-17
sub-33,stimulus,48.5,1.1559931896344287e-17
sub-33,stimulus,48.75,5.9146885401414376e-18
sub-33,stimulus,49.0,3.843185413957177e-18
sub-33,stimulus,49.25,2.6454427759218327e-18
sub-33,stimulus,49.5,1.630330873172226e-18
sub-33,stimulus,49.75,1.2016998148018402e-18
sub-33,stimulus,50.0,1.3584472514443173e-18
sub-33,stimulus,50.25,1.5662487625243042e-18
sub-33,stimulus,50.5,2.2694950549589558e-18
sub-33,stimulus,50.75,2.7389802394552376e-18
sub-33,stimulus,51.0,3.947459483645874e-18
sub-33,stimulus,51.25,7.468398606040255e-18
sub-33,stimulus,51.5,1.2590149474685398e-17
sub-33,stimulus,51.75,2.4784994114050088e-17
sub-33,stimulus,52.0,3.2892336647910723e-17
sub-33,stimulus,52.25,6.361551947398949e-17
sub-33,stimulus,52.5,7.491379183187496e-17
sub-33,stimulus,52.75,1.5707819405191924e-16
sub-33,stimulus,53.0,2.272786896815166e-16
sub-33,stimulus,53.25,4.024270484791053e-16
sub-33,stimulus,53.5,6.545814174478713e-16
sub-33,stimulus,53.75,1.179404368459886e-15
sub-33,stimulus,54.0,2.2644390008913824e-15
sub-33,stimulus,54.25,3.2419478318583237e-15
sub-33,stimulus,54.5,5.2963541844253616e-15
sub-33,stimulus,54.75,7.420862927607158e-15
sub-33,stimulus,55.0,9.0086837852394e-15
sub-34,rest,25.0,2.976065954061359e-13
sub-34,rest,25.25,3.013841612967998e-13
sub-34,rest,25.5,3.2528682847237436e-13
sub-34,rest,25.75,3.181667729523352e-13
sub-34,rest,26.0,2.5072173798585694e-13
sub-34,rest,26.25,2.046253389607342e-13
sub-34,rest,26.5,1.7801667950177764e-13
sub-34,rest,26.75,2.4350580406910483e-13
sub-34,rest,27.0,1.9670596041742157e-13
sub-34,rest,27.25,1.6055906760684835e-13
sub-34,rest,27.5,1.9488879802523478e-13
sub-34,rest,27.75,1.4741281308890123e-13
sub-34,rest,28.0,2.0572127644633796e-13
sub-34,rest,28.25,1.982492364715812e-13
sub-34,rest,28.5,1.7804217582367891e-13
sub-34,rest,28.75,1.403026724056884e-13
sub-34,rest,29.0,1.6349780093144177e-13
sub-34,rest,29.25,1.5284739363977365e-13
sub-34,rest,29.5,1.5417560733361245e-13
sub-34,rest,29.75,1.2646513712268486e-13
sub-34,rest,30.0,1.3242848018553596e-13
sub-34,rest,30.25,1.1975789842730836e-13
sub-34,rest,30.5,1.071670837013585e-13
sub-34,rest,30.75,1.0785989501146521e-13
sub-34,rest,31.0,1.0891853416530385e-13
sub-34,rest,31.25,9.995469779392706e-14
sub-34,rest,31.5,9.209290456986663e-14
sub-34,rest,31.75,8.470078042946142e-14
sub-34,rest,32.0,1.2549629760630496e-13
sub-34,rest,32.25,9.654483905197398e-14
sub-34,rest,32.5,7.975252445071793e-14
sub-34,rest,32.75,5.979144933594452e-14
sub-34,rest,33.0,7.238827794492259e-14
sub-34,rest,33.25,6.041337031180787e-14
sub-34,rest,33.5,6.249376995755498e-14
sub-34,rest,33.75,5.2201332478393874e-14
sub-34,rest,34.0,7.159950272046133e-14
sub-34,rest,34.25,6.008151211994532e-14
sub-34,rest,34.5,5.565825933337137e-14
sub-34,rest,34.75,6.494810910841603e-14
sub-34,rest,35.0,4.3678105859013665e-14
sub-34,rest,35.25,4.746579469552208e-14
sub-34,rest,35.5,5.074220009230598e-14
sub-34,rest,35.75,5.835798412862277e-14
sub-34,rest,36.0,4.915943254226609e-14
sub-34,rest,36.25,5.692268213973866e-14
sub-34,rest,36.5,5.531167644774663e-14
sub-34,rest,36.75,4.284404488715819e-14
sub-34,rest,37.0,4.486523322770193e-14
sub-34,rest,37.25,4.548266532969634e-14
sub-34,rest,37.5,3.883085489921559e-14
sub-34,rest,37.75,3.4908281192869966e-14
sub-34,rest,38.0,3.32005736729805e-14
sub-34,rest,38.25,3.1777788110931235e-14
sub-34,rest,38.5,3.621889905800615e-14
sub-34,rest,38.75,3.933789927572117e-14
sub-34,rest,39.0,3.8381194132689404e-14
sub-34,rest,39.25,4.080245231309768e-14
sub-34,rest,39.5,3.893064912324105e-14
sub-34,rest,39.75,3.7947839976910915e-14
sub-34,rest,40.0,3.5847604093299686e-14
sub-34,rest,40.25,3.272992052885203e-14
sub-34,rest,40.5,2.870926942152184e-14
sub-34,rest,40.75,2.9774141742770225e-14
sub-34,rest,41.0,3.3168105844911586e-14
sub-34,rest,41.25,4.1312770549662056e-14
sub-34,rest,41.5,3.2522199193843185e-14
sub-34,rest,41.75,2.864963764943991e-14
sub-34,rest,42.0,3.3470546009516664e-14
sub-34,rest,42.25,3.440528440416764e-14
sub-34,rest,42.5,3.3701427798180545e-14
sub-34,rest,42.75,2.980288526334033e-14
sub-34,rest,43.0,2.475093228187014e-14
sub-34,rest,43.25,3.179174826684598e-14
sub-34,rest,43.5,2.951565742448488e-14
sub-34,rest,43.75,2.6669471300546616e-14
sub-34,rest,44.0,2.9684347789324256e-14
sub-34,rest,44.25,2.7365489531345163e-14
sub-34,rest,44.5,1.8462826900893514e-14
sub-34,rest,44.75,2.0854586018589405e-14
sub-34,rest,45.0,1.6530761235308618e-14
sub-34,rest,45.25,1.096402811793898e-14
sub-34,rest,45.5,5.737593394865051e-15
sub-34,rest,45.75,3.557609383569289e-15
sub-34,rest,46.0,1.9141789834372516e-15
sub-34,rest,46.25,1.051174107726792e-15
sub-34,rest,46.5,3.5865581552725674e-16
sub-34,rest,46.75,1.6083931092184603e-16
sub-34,rest,47.0,8.930616570488992e-17
sub-34,rest,47.25,3.671503751260702e-17
sub-34,rest,47.5,1.6622234906374158e-17
sub-34,rest,47.75,1.0601086555136603e-17
sub-34,rest,48.0,7.734486528932498e-18
sub-34,rest,48.25,3.8235079842006434e-18
sub-34,rest,48.5,1.908263034347877e-18
sub-34,rest,48.75,1.0539692604035958e-18
sub-34,rest,49.0,6.662433544304181e-19
sub-34,rest,49.25,6.114048655628558e-19
sub-34,rest,49.5,3.821030367633343e-19
sub-34,rest,49.75,2.6639827381937045e-19
sub-34,rest,50.0,3.2224318672290577e-19
sub-34,rest,50.25,3.0897659699200013e-19
sub-34,rest,50.5,6.121246107927172e-19
sub-34,rest,50.75,1.1036001354007202e-18
sub-34,rest,51.0,1.5200024883285544e-18
sub-34,rest,51.25,2.5361732058350837e-18
sub-34,rest,51.5,4.5195973308193255e-18
sub-34,rest,51.75,5.8028055894000326e-18
sub-34,rest,52.0,7.510668584922442e-18
sub-34,rest,52.25,1.3861014421648067e-17
sub-34,rest,52.5,3.620671729609947e-17
sub-34,rest,52.75,4.993286431872761e-17
sub-34,rest,53.0,1.0458962075298052e-16
sub-34,rest,53.25,2.0810321871195376e-16
sub-34,rest,53.5,4.046867716308519e-16
sub-34,rest,53.75,7.518713856295742e-16
sub-34,rest,54.0,1.6324809642335328e-15
sub-34,rest,54.25,3.2029649789965273e-15
sub-34,rest,54.5,5.143165043681007e-15
sub-34,rest,54.75,7.3064239056658e-15
sub-34,rest,55.0,1.0037370910034662e-14
sub-34,stimulus,25.0,2.3244470109527165e-13
sub-34,stimulus,25.25,2.771192079880468e-13
sub-34,stimulus,25.5,2.501968145413064e-13
sub-34,stimulus,25.75,2.7708333027221897e-13
sub-34,stimulus,26.0,2.617784690437661e-13
sub-34,stimulus,26.25,2.3206345391299843e-13
sub-34,stimulus,26.5,1.9332090978283573e-13
sub-34,stimulus,26.75,2.282747196307923e-13
sub-34,stimulus,27.0,2.1427948155623765e-13
sub-34,stimulus,27.25,2.06029474460008e-13
sub-34,stimulus,27.5,1.9788162276594777e-13
sub-34,stimulus,27.75,2.1912078327107812e-13
sub-34,stimulus,28.0,2.1434469714760906e-13
sub-34,stimulus,28.25,1.9191737800594598e-13
sub-34,stimulus,28.5,1.9350188028592557e-13
sub-34,stimulus,28.75,1.8149798405505395e-13
sub-34,stimulus,29.0,1.3085909648877642e-13
sub-34,stimulus,29.25,1.133513681156251e-13
sub-34,stimulus,29.5,1.1582328736727498e-13
sub-34,stimulus,29.75,1.2945554635733573e-13
sub-34,stimulus,30.0,1.2940237182872341e-13
sub-34,stimulus,30.25,1.052163371007133e-13
sub-34,stimulus,30.5,1.0107202263629053e-13
sub-34,stimulus,30.75,8.756497944974691e-14
sub-34,stimulus,31.0,8.924445878226926e-14
sub-34,stimulus,31.25,6.947558896738644e-14
sub-34,stimulus,31.5,9.235110318894293e-14
sub-34,stimulus,31.75,8.603291087506887e-14
sub-34,stimulus,32.0,8.714839798075913e-14
sub-34,stimulus,32.25,7.687942553285458e-14
sub-34,stimulus,32.5,6.636592938598991e-14
sub-34,stimulus,32.75,7.540941051437545e-14
sub-34,stimulus,33.0,6.184656747503865e-14
sub-34,stimulus,33.25,7.386096906571746e-14
sub-34,stimulus,33.5,6.10566051637192e-14
sub-34,stimulus,33.75,6.022285064466819e-14
sub-34,stimulus,34.0,6.149475097805584e-14
sub-34,stimulus,34.25,5.683768665340752e-14
sub-34,stimulus,34.5,6.160858996592752e-14
sub-34,stimulus,34.75,5.516821058201015e-14
sub-34,stimulus,35.0,5.5512392661741114e-14
sub-34,stimulus,35.25,3.835107865692084e-14
sub-34,stimulus,35.5,4.633113717496587e-14
sub-34,stimulus,35.75,4.155105171666081e-14
sub-34,stimulus,36.0,4.690300269703134e-14
sub-34,stimulus,36.25,4.783272018728676e-14
sub-34,stimulus,36.5,3.6979375316367797e-14
sub-34,stimulus,36.75,3.935395688910776e-14
sub-34,stimulus,37.0,4.45334321526232e-14
sub-34,stimulus,37.25,3.646551101072092e-14
sub-34,stimulus,37.5,4.089102025913396e-14
sub-34,stimulus,37.75,3.628318232883155e-14
sub-34,stimulus,38.0,3.1674662884849e-14
sub-34,stimulus,38.25,3.2418845719243383e-14
sub-34,stimulus,38.5,3.391326120918483e-14
sub-34,stimulus,38.75,3.6810386567364076e-14
sub-34,stimulus,39.0,3.658238569422359e-14
sub-34,stimulus,39.25,3.524335448263127e-14
sub-34,stimulus,39.5,3.887713740183456e-14
sub-34,stimulus,39.75,3.2870546147309335e-14
sub-34,stimulus,40.0,3.832247627672818e-14
sub-34,stimulus,40.25,3.568071591344601e-14
sub-34,stimulus,40.5,3.0968426310999336e-14
sub-34,stimulus,40.75,3.118768944655131e-14
sub-34,stimulus,41.0,2.713928117353161e-14
sub-34,stimulus,41.25,3.213536197320778e-14
sub-34,stimulus,41.5,3.373426146703772e-14
sub-34,stimulus,41.75,2.776436855868246e-14
sub-34,stimulus,42.0,2.8029872769819702e-14
sub-34,stimulus,42.25,2.9305297701482536e-14
sub-34,stimulus,42.5,3.015393980388258e-14
sub-34,stimulus,42.75,2.6236365314488672e-14
sub-34,stimulus,43.0,2.3533799651354282e-14
sub-34,stimulus,43.25,2.5745917409011215e-14
sub-34,stimulus,43.5,2.5342984269934846e-14
sub-34,stimulus,43.75,2.6128013972633894e-14
sub-34,stimulus,44.0,2.4694101508822617e-14
sub-34,stimulus,44.25,2.0665810897762414e-14
sub-34,stimulus,44.5,1.8517882938866772e-14
sub-34,stimulus,44.75,1.7819605566871952e-14
sub-34,stimulus,45.0,1.4111450569695252e-14
sub-34,stimulus,45.25,9.377734119753155e-15
sub-34,stimulus,45.5,5.654611028798222e-15
sub-34,stimulus,45.75,4.073717821804074e-15
sub-34,stimulus,46.0,1.84115451863786e-15
sub-34,stimulus,46.25,8.356901671579394e-16
sub-34,stimulus,46.5,3.5480649061283644e-16
sub-34,stimulus,46.75,1.6809478229061187e-16
sub-34,stimulus,47.0,7.445533388554709e-17
sub-34,stimulus,47.25,3.763102992174387e-17
sub-34,stimulus,47.5,1.4895030799462666e-17
sub-34,stimulus,47.75,8.70752116758209e-18
sub-34,stimulus,48.0,4.740283966009151e-18
sub-34,stimulus,48.25,2.4980497214404027e-18
sub-34,stimulus,48.5,1.7621893917491388e-18
sub-34,stimulus,48.75,1.0973834906538945e-18
sub-34,stimulus,49.0,6.74037867487056e-19
sub-34,stimulus,49.25,4.102399701513789e-19
sub-34,stimulus,49.5,3.786674106423631e-19
sub-34,stimulus,49.75,2.805935852620362e-19
sub-34,stimulus,50.0,2.644920070423328e-19
sub-34,stimulus,50.25,2.922357178384262e-19
sub-34,stimulus,50.5,4.161858665950597e-19
sub-34,stimulus,50.75,4.769987361526537e-19
sub-34,stimulus,51.0,6.874344209605109e-19
sub-34,stimulus,51.25,1.1527754872665368e-18
sub-34,stimulus,51.5,2.403111373291058e-18
sub-34,stimulus,51.75,4.6823382288323655e-18
sub-34,stimulus,52.0,7.795487818179201e-18
sub-34,stimulus,52.25,1.2182298752073497e-17
sub-34,stimulus,52.5,2.1087713422660784e-17
sub-34,stimulus,52.75,4.4635458415648554e-17
sub-34,stimulus,53.0,8.486983726917928e-17
sub-34,stimulus,53.25,2.1370899329295762e-16
sub-34,stimulus,53.5,3.63930361834991e-16
sub-34,stimulus,53.75,7.774932431209906e-16
sub-34,stimulus,54.0,1.6905580494546498e-15
sub-34,stimulus,54.25,2.765638778191702e-15
sub-34,stimulus,54.5,5.204626923833237e-15
sub-34,stimulus,54.75,7.243372954723282e-15
sub-34,stimulus,55.0,9.585908372579629e-15
sub-35,rest,25.0,8.362650148423782e-14
sub-35,rest,25.25,8.33053829322496e-14
sub-35,rest,25.5,6.09186002503575e-14
sub-35,rest,25.75,6.266543010988323e-14
sub-35,rest,26.0,7.06606228568847e-14
sub-35,rest,26.25,6.033885399284372e-14
sub-35,rest,26.5,5.352138619040011e-14
sub-35,rest,26.75,5.4927039387645285e-14
sub-35,rest,27.0,6.019331574524531e-14
sub-35,rest,27.25,6.014678388417689e-14
sub-35,rest,27.5,4.913299357385044e-14
sub-35,rest,27.75,4.5074171703585045e-14
sub-35,rest,28.0,3.555284762165845e-14
sub-35,rest,28.25,3.491428954688088e-14
sub-35,rest,28.5,3.591110598946588e-14
sub-35,rest,28.75,3.681424553574808e-14
sub-35,rest,29.0,3.6463083308458546e-14
sub-35,rest,29.25,3.796037523620249e-14
sub-35,rest,29.5,3.596184908359391e-14
sub-35,rest,29.75,3.010422727423116e-14
sub-35,rest,30.0,3.1788629695925666e-14
sub-35,rest,30.25,3.092844718525051e-14
sub-35,rest,30.5,2.5149371853321126e-14
sub-35,rest,30.75,2.287221811348202e-14
sub-35,rest,31.0,3.029473465886033e-14
sub-35,rest,31.25,3.168549048076854e-14
sub-35,rest,31.5,3.218869061026628e-14
sub-35,rest,31.75,2.878113342383184e-14
sub-35,rest,32.0,2.890390068430753e-14
sub-35,rest,32.25,2.7034900474214312e-14
sub-35,rest,32.5,2.7297267267511446e-14
sub-35,rest,32.75,2.641551675531963e-14
sub-35,rest,33.0,3.1552481536764806e-14
sub-35,rest,33.25,2.9620784662891634e-14
sub-35,rest,33.5,2.4382756654430255e-14
sub-35,rest,33.75,2.3047110751841348e-14
sub-35,rest,34.0,2.4111717300254746e-14
sub-35,rest,34.25,2.4898915550393378e-14
sub-35,rest,34.5,2.7388769263160566e-14
sub-35,rest,34.75,2.518149082523766e-14
sub-35,rest,35.0,2.856808182375276e-14
sub-35,rest,35.25,2.3800776810345418e-14
sub-35,rest,35.5,2.2786352566153295e-14
sub-35,rest,35.75,2.4359659042322884e-14
sub-35,rest,36.0,1.9667757723828117e-14
sub-35,rest,36.25,2.2758731186874466e-14
sub-35,rest,36.5,2.3433552091824374e-14
sub-35,rest,36.75,2.1554322886007105e-14
sub-35,rest,37.0,2.7243551095456177e-14
sub-35,rest,37.25,2.2947141743938303e-14
sub-35,rest,37.5,2.3042851059790725e-14
sub-35,rest,37.75,2.0554475278688633e-14
sub-35,rest,38.0,1.9595416544331977e-14
sub-35,rest,38.25,2.0592579927850775e-14
sub-35,rest,38.5,2.0362235185489638e-14
sub-35,rest,38.75,1.9617159892259008e-14
sub-35,rest,39.0,2.1282756411949846e-14
sub-35,rest,39.25,2.2209270790870418e-14
sub-35,rest,39.5,2.627928469082315e-14
sub-35,rest,39.75,2.2418156569613398e-14
sub-35,rest,40.0,2.1482923448693166e-14
sub-35,rest,40.25,2.4598194857364596e-14
sub-35,rest,40.5,2.3242561682710895e-14
sub-35,rest,40.75,2.5288476008584443e-14
sub-35,rest,41.0,2.4125753094453375e-14
sub-35,rest,41.25,2.0547880221532452e-14
sub-35,rest,41.5,1.861974332096228e-14
sub-35,rest,41.75,2.1660951384718968e-14
sub-35,rest,42.0,1.855578984956531e-14
sub-35,rest,42.25,2.2505056709204802e-14
sub-35,rest,42.5,2.467763271451606e-14
sub-35,rest,42.75,2.456748845076296e-14
sub-35,rest,43.0,1.889933224170598e-14
sub-35,rest,43.25,1.9572166844929683e-14
sub-35,rest,43.5,2.130705509118813e-14
sub-35,rest,43.75,2.0551008128293045e-14
sub-35,rest,44.0,2.1504841194341528e-14
sub-35,rest,44.25,1.8907987225609872e-14
sub-35,rest,44.5,1.747647474929834e-14
sub-35,rest,44.75,1.3915812919440076e-14
sub-35,rest,45.0,1.0582980635813339e-14
sub-35,rest,45.25,6.579976101760089e-15
sub-35,rest,45.5,4.2711722575548624e-15
sub-35,rest,45.75,2.1698421677684065e-15
sub-35,rest,46.0,1.2382318345867683e-15
sub-35,rest,46.25,7.448712992666009e-16
sub-35,rest,46.5,3.5293731240056306e-16
sub-35,rest,46.75,1.643838792935991e-16
sub-35,rest,47.0,8.097543232456106e-17
sub-35,rest,47.25,4.205580225722272e-17
sub-35,rest,47.5,2.1723476835211657e-17
sub-35,rest,47.75,1.4697402715281188e-17
sub-35,rest,48.0,1.0273593333113967e-17
sub-35,rest,48.25,7.684870685717446e-18
sub-35,rest,48.5,4.950639522811374e-18
sub-35,rest,48.75,2.6326433285215954e-18
sub-35,rest,49.0,1.8793100408014562e-18
sub-35,rest,49.25,1.2027661515574369e-18
sub-35,rest,49.5,8.854427294298395e-19
sub-35,rest,49.75,5.828414625344841e-19
sub-35,rest,50.0,5.151599817999607e-19
sub-35,rest,50.25,7.186093981848348e-19
sub-35,rest,50.5,8.849059456192837e-19
sub-35,rest,50.75,9.690372724928029e-19
sub-35,rest,51.0,1.9128697120833996e-18
sub-35,rest,51.25,3.0035811237835242e-18
sub-35,rest,51.5,4.681866702312724e-18
sub-35,rest,51.75,7.157604525072927e-18
sub-35,rest,52.0,1.0197592045993852e-17
sub-35,rest,52.25,1.642505271999268e-17
sub-35,rest,52.5,4.021116252932285e-17
sub-35,rest,52.75,8.045224612535036e-17
sub-35,rest,53.0,1.165516891948249e-16
sub-35,rest,53.25,2.5940603337841164e-16
sub-35,rest,53.5,4.828638733255067e-16
sub-35,rest,53.75,8.169341640757091e-16
sub-35,rest,54.0,1.560712180560688e-15
sub-35,rest,54.25,2.8567420489362554e-15
sub-35,rest,54.5,4.448060719635996e-15
sub-35,rest,54.75,5.81170318845835e-15
sub-35,rest,55.0,8.36601649962374e-15
sub-35,stimulus,25.0,8.764543902837086e-14
sub-35,stimulus,25.25,7.717894526022127e-14
sub-35,stimulus,25.5,8.316346904445111e-14
sub-35,stimulus,25.75,7.444247285329277e-14
sub-35,stimulus,26.0,7.106832451980487e-14
sub-35,stimulus,26.25,6.718222139626076e-14
sub-35,stimulus,26.5,7.075047328391751e-14
sub-35,stimulus,26.75,6.05996450789576e-14
sub-35,stimulus,27.0,6.004922021595222e-14
sub-35,stimulus,27.25,5.841843423730623e-14
sub-35,stimulus,27.5,5.795230879703611e-14
sub-35,stimulus,27.75,5.371046994914615e-14
sub-35,stimulus,28.0,5.30089421326357e-14
sub-35,stimulus,28.25,5.190677305183726e-14
sub-35,stimulus,28.5,4.951786731821027e-14
sub-35,stimulus,28.75,4.5540227043322156e-14
sub-35,stimulus,29.0,4.284777772330663e-14
sub-35,stimulus,29.25,4.223200488364486e-14
sub-35,stimulus,29.5,4.000180296192849e-14
sub-35,stimulus,29.75,3.666335040812731e-14
sub-35,stimulus,30.0,3.434395460606931e-14
sub-35,stimulus,30.25,3.7302743125417046e-14
sub-35,stimulus,30.5,3.684523548601131e-14
sub-35,stimulus,30.75,3.6482662073765575e-14
sub-35,stimulus,31.0,3.0087899590255057e-14
sub-35,stimulus,31.25,3.213074323300862e-14
sub-35,stimulus,31.5,3.077132172224684e-14
sub-35,stimulus,31.75,3.220347241051088e-14
sub-35,stimulus,32.0,3.0796510713035484e-14
sub-35,stimulus,32.25,3.2600075223085806e-14
sub-35,stimulus,32.5,3.151990266918256e-14
sub-35,stimulus,32.75,3.1397199264622624e-14
sub-35,stimulus,33.0,3.0470681795995204e-14
sub-35,stimulus,33.25,2.8529373382972657e-14
sub-35,stimulus,33.5,3.052970601136617e-14
sub-35,stimulus,33.75,3.169059390262058e-14
sub-35,stimulus,34.0,2.9059977807979065e-14
sub-35,stimulus,34.25,2.6969438334485964e-14
sub-35,stimulus,34.5,2.7230281288446464e-14
sub-35,stimulus,34.75,2.4683867111078355e-14
sub-35,stimulus,35.0,2.6084288981756114e-14
sub-35,stimulus,35.25,2.5710499266994142e-14
sub-35,stimulus,35.5,2.533460361175769e-14
sub-35,stimulus,35.75,2.4561757381736738e-14
sub-35,stimulus,36.0,2.663744487313013e-14
sub-35,stimulus,36.25,2.50012409675588e-14
sub-35,stimulus,36.5,2.514795388722348e-14
sub-35,stimulus,36.75,2.1802209645519413e-14
sub-35,stimulus,37.0,2.3684652826943356e-14
sub-35,stimulus,37.25,2.471711888079561e-14
sub-35,stimulus,37.5,2.492308310050354e-14
sub-35,stimulus,37.75,2.5053287657005253e-14
sub-35,stimulus,38.0,2.6696456722577278e-14
sub-35,stimulus,38.25,2.7890185919997633e-14
sub-35,stimulus,38.5,2.7005976948508984e-14
sub-35,stimulus,38.75,2.318542184723582e-14
sub-35,stimulus,39.0,2.195063998064299e-14
sub-35,stimulus,39.25,2.3169506208692393e-14
sub-35,stimulus,39.5,2.685157633808853e-14
sub-35,stimulus,39.75,2.5672985971145366e-14
sub-35,stimulus,40.0,3.304822999319064e-14
sub-35,stimulus,40.25,2.8015781264618136e-14
sub-35,stimulus,40.5,2.2973714665600397e-14
sub-35,stimulus,40.75,2.7438530862057593e-14
sub-35,stimulus,41.0,2.6916462496347287e-14
sub-35,stimulus,41.25,2.7001132245347593e-14
sub-35,stimulus,41.5,2.8164554364070908e-14
sub-35,stimulus,41.75,2.6330766748708034e-14
sub-35,stimulus,42.0,2.6415307366098382e-14
sub-35,stimulus,42.25,2.5620472261086835e-14
sub-35,stimulus,42.5,2.4147160552285234e-14
sub-35,stimulus,42.75,2.504489856452555e-14
sub-35,stimulus,43.0,2.6520719059137797e-14
sub-35,stimulus,43.25,2.315188772106766e-14
sub-35,stimulus,43.5,2.4784926674995873e-14
sub-35,stimulus,43.75,2.4563757459918044e-14
sub-35,stimulus,44.0,2.471206650688955e-14
sub-35,stimulus,44.25,2.1719069709915866e-14
sub-35,stimulus,44.5,1.9799006898850378e-14
sub-35,stimulus,44.75,1.516677936976462e-14
sub-35,stimulus,45.0,1.1935491643233984e-14
sub-35,stimulus,45.25,7.958980809214958e-15
sub-35,stimulus,45.5,6.042670606007446e-15
sub-35,stimulus,45.75,3.63672102044188e-15
sub-35,stimulus,46.0,1.8664046751770713e-15
sub-35,stimulus,46.25,8.252256677161037e-16
sub-35,stimulus,46.5,4.615567272634028e-16
sub-35,stimulus,46.75,2.3267381153010823e-16
sub-35,stimulus,47.0,1.0794554576643985e-16
sub-35,stimulus,47.25,6.268535881594289e-17
sub-35,stimulus,47.5,4.623062406340389e-17
sub-35,stimulus,47.75,2.6099375014992736e-17
sub-35,stimulus,48.0,1.4146576822156327e-17
sub-35,stimulus,48.25,8.486191142450173e-18
sub-35,stimulus,48.5,6.831584843427178e-18
sub-35,stimulus,48.75,3.918403709886657e-18
sub-35,stimulus,49.0,2.149737817817619e-18
sub-35,stimulus,49.25,1.4671499789507476e-18
sub-35,stimulus,49.5,1.109562408412284e-18
sub-35,stimulus,49.75,8.556828038452329e-19
sub-35,stimulus,50.0,8.57668550444215e-19
sub-35,stimulus,50.25,9.254956230101868e-19
sub-35,stimulus,50.5,1.2429638409844408e-18
sub-35,stimulus,50.75,1.6158920547897476e-18
sub-35,stimulus,51.0,2.794733830911761e-18
sub-35,stimulus,51.25,4.589724178014911e-18
sub-35,stimulus,51.5,6.469530151426458e-18
sub-35,stimulus,51.75,1.018442573797577e-17
sub-35,stimulus,52.0,1.596986890239821e-17
sub-35,stimulus,52.25,2.578672219103279e-17
sub-35,stimulus,52.5,3.980624899296267e-17
sub-35,stimulus,52.75,8.01770103634069e-17
sub-35,stimulus,53.0,1.3612378971394295e-16
sub-35,stimulus,53.25,2.8143694584083525e-16
sub-35,stimulus,53.5,5.474081819694065e-16
sub-35,stimulus,53.75,9.538099669937566e-16
sub-35,stimulus,54.0,1.994029061390017e-15
sub-35,stimulus,54.25,3.3705000993436695e-15
sub-35,stimulus,54.5,4.875344794870399e-15
sub-35,stimulus,54.75,7.449373640360132e-15
sub-35,stimulus,55.0,9.385898639837299e-15
