sub_id,group,sex,age,mmse,dur_s,n_bad_ch,n_ica_excl,secs_5Hz,post_5Hz_nep,post_5Hz_P_delta,post_5Hz_Prel_delta,post_5Hz_P_theta,post_5Hz_Prel_theta,post_5Hz_P_alpha,post_5Hz_Prel_alpha,post_5Hz_P_beta,post_5Hz_Prel_beta,post_5Hz_P_gamma,post_5Hz_Prel_gamma,post_5Hz_tar,post_5Hz_sfr,post_5Hz_IAF,post_5Hz_di,post_5Hz_h2,post_5Hz_h3,cent_5Hz_nep,cent_5Hz_P_delta,cent_5Hz_Prel_delta,cent_5Hz_P_theta,cent_5Hz_Prel_theta,cent_5Hz_P_alpha,cent_5Hz_Prel_alpha,cent_5Hz_P_beta,cent_5Hz_Prel_beta,cent_5Hz_P_gamma,cent_5Hz_Prel_gamma,cent_5Hz_tar,cent_5Hz_sfr,cent_5Hz_IAF,cent_5Hz_di,cent_5Hz_h2,cent_5Hz_h3,front_5Hz_nep,front_5Hz_P_delta,front_5Hz_Prel_delta,front_5Hz_P_theta,front_5Hz_Prel_theta,front_5Hz_P_alpha,front_5Hz_Prel_alpha,front_5Hz_P_beta,front_5Hz_Prel_beta,front_5Hz_P_gamma,front_5Hz_Prel_gamma,front_5Hz_tar,front_5Hz_sfr,front_5Hz_IAF,front_5Hz_di,front_5Hz_h2,front_5Hz_h3,secs_10Hz,post_10Hz_nep,post_10Hz_P_delta,post_10Hz_Prel_delta,post_10Hz_P_theta,post_10Hz_Prel_theta,post_10Hz_P_alpha,post_10Hz_Prel_alpha,post_10Hz_P_beta,post_10Hz_Prel_beta,post_10Hz_P_gamma,post_10Hz_Prel_gamma,post_10Hz_tar,post_10Hz_sfr,post_10Hz_IAF,post_10Hz_di,post_10Hz_h2,post_10Hz_h3,cent_10Hz_nep,cent_10Hz_P_delta,cent_10Hz_Prel_delta,cent_10Hz_P_theta,cent_10Hz_Prel_theta,cent_10Hz_P_alpha,cent_10Hz_Prel_alpha,cent_10Hz_P_beta,cent_10Hz_Prel_beta,cent_10Hz_P_gamma,cent_10Hz_Prel_gamma,cent_10Hz_tar,cent_10Hz_sfr,cent_10Hz_IAF,cent_10Hz_di,cent_10Hz_h2,cent_10Hz_h3,front_10Hz_nep,front_10Hz_P_delta,front_10Hz_Prel_delta,front_10Hz_P_theta,front_10Hz_Prel_theta,front_10Hz_P_alpha,front_10Hz_Prel_alpha,front_10Hz_P_beta,front_10Hz_Prel_beta,front_10Hz_P_gamma,front_10Hz_Prel_gamma,front_10Hz_tar,front_10Hz_sfr,front_10Hz_IAF,front_10Hz_di,front_10Hz_h2,front_10Hz_h3,secs_15Hz,post_15Hz_nep,post_15Hz_P_delta,post_15Hz_Prel_delta,post_15Hz_P_theta,post_15Hz_Prel_theta,post_15Hz_P_alpha,post_15Hz_Prel_alpha,post_15Hz_P_beta,post_15Hz_Prel_beta,post_15Hz_P_gamma,post_15Hz_Prel_gamma,post_15Hz_tar,post_15Hz_sfr,post_15Hz_IAF,post_15Hz_di,post_15Hz_h2,cent_15Hz_nep,cent_15Hz_P_delta,cent_15Hz_Prel_delta,cent_15Hz_P_theta,cent_15Hz_Prel_theta,cent_15Hz_P_alpha,cent_15Hz_Prel_alpha,cent_15Hz_P_beta,cent_15Hz_Prel_beta,cent_15Hz_P_gamma,cent_15Hz_Prel_gamma,cent_15Hz_tar,cent_15Hz_sfr,cent_15Hz_IAF,cent_15Hz_di,cent_15Hz_h2,front_15Hz_nep,front_15Hz_P_delta,front_15Hz_Prel_delta,front_15Hz_P_theta,front_15Hz_Prel_theta,front_15Hz_P_alpha,front_15Hz_Prel_alpha,front_15Hz_P_beta,front_15Hz_Prel_beta,front_15Hz_P_gamma,front_15Hz_Prel_gamma,front_15Hz_tar,front_15Hz_sfr,front_15Hz_IAF,front_15Hz_di,front_15Hz_h2,secs_20Hz,post_20Hz_nep,post_20Hz_P_delta,post_20Hz_Prel_delta,post_20Hz_P_theta,post_20Hz_Prel_theta,post_20Hz_P_alpha,post_20Hz_Prel_alpha,post_20Hz_P_beta,post_20Hz_Prel_beta,post_20Hz_P_gamma,post_20Hz_Prel_gamma,post_20Hz_tar,post_20Hz_sfr,post_20Hz_IAF,post_20Hz_di,post_20Hz_h2,cent_20Hz_nep,cent_20Hz_P_delta,cent_20Hz_Prel_delta,cent_20Hz_P_theta,cent_20Hz_Prel_theta,cent_20Hz_P_alpha,cent_20Hz_Prel_alpha,cent_20Hz_P_beta,cent_20Hz_Prel_beta,cent_20Hz_P_gamma,cent_20Hz_Prel_gamma,cent_20Hz_tar,cent_20Hz_sfr,cent_20Hz_IAF,cent_20Hz_di,cent_20Hz_h2,front_20Hz_nep,front_20Hz_P_delta,front_20Hz_Prel_delta,front_20Hz_P_theta,front_20Hz_Prel_theta,front_20Hz_P_alpha,front_20Hz_Prel_alpha,front_20Hz_P_beta,front_20Hz_Prel_beta,front_20Hz_P_gamma,front_20Hz_Prel_gamma,front_20Hz_tar,front_20Hz_sfr,front_20Hz_IAF,front_20Hz_di,front_20Hz_h2
sub-001,A,F,57,16,329.898,1,3,5.119999999999998,2.0,1.8578878649579527e-11,0.23500098687883256,7.753758172604021e-12,0.09807593111239771,3.445250982165377e-11,0.4357837715208147,1.9857070957872026e-11,0.2511686178502781,1.4288471317378117e-12,0.01807323748599727,0.2250564099028484,0.4848617213431098,10.5,2.6391456938671123,2.548980252474339,3.0754921791944025,2.0,5.012240323968993e-12,0.18373133745734804,3.1474304708868508e-12,0.11537387926206494,1.0591501689269934e-11,0.3882476986878342,9.13206645977885e-12,0.33474986751551805,9.192541653971271e-13,0.033696667828152053,0.29716564876493934,0.4137015540592924,8.5,1.791395271102653,0.6767679601574198,2.744863664942991,2.0,1.7859683401282775e-11,0.3177646638595249,7.197172924921865e-12,0.12805418684311087,1.359817773742796e-11,0.241942719853898,1.704139958616227e-11,0.3032055210342506,3.65428838526033e-12,0.06501815817768702,0.52927480901446,0.8177937985754358,8.5,1.419359917942706,0.2666763706156725,2.955021310015702,5.016000000000002,2.0,4.541143703816627e-11,0.32464794144620973,1.5327719834752083e-11,0.10957840174126846,7.492610031109751e-11,0.5356492948273424,1.758893580357808e-11,0.12574391328030385,1.0571687052198872e-12,0.007557735810530301,0.20457116773875192,0.656532812651449,10.0,9.11454920590263,2.1349656543465727,0.9898902956297186,2.0,2.9370810912158144e-11,0.5043940159278347,4.901342651863111e-12,0.08417227263508203,1.5840587670888122e-11,0.2720353092692024,9.37738986326212e-12,0.16104081518885785,1.160412645602324e-12,0.01992812511031183,0.3094167182238329,1.3590365649905836,10.0,2.697610339918911,1.2610972694680813,0.9348867379613287,2.0,3.957178817089701e-11,0.4205474509707336,9.732206057085584e-12,0.10342859493621158,2.509676470033334e-11,0.26671477105751995,1.9784737563532204e-11,0.2102614345991983,4.086232729157187e-12,0.0434262599127141,0.3877872774954263,1.0985370752101058,9.5,1.1724908718200604,1.6549891564846941,1.2181127614695022,5.052,2.0,4.9013731096540555e-11,0.4961059223741964,8.776750037265783e-12,0.08883628271655548,2.7875261634045826e-11,0.2821471060250793,1.5892926870839288e-11,0.16086461830366303,1.968689389978298e-12,0.019926629616499703,0.31485803263443385,1.3203763534183315,10.0,4.309517473879476,4.398006492438589,2.0,2.5845782721408906e-11,0.5307877222597923,2.419814291170163e-12,0.04969505972198658,7.51933141595784e-12,0.15442243859330848,1.3707867916552941e-11,0.2815147084881395,1.1108269819155669e-12,0.02281274782470748,0.3218124268382069,1.331574484689016,12.5,1.2209179778717845,0.31900306690752295,2.0,5.3749365934700234e-11,0.5523807667557231,4.275514689115875e-12,0.043939347770509764,1.5371848822967147e-11,0.15797607081727164,2.2304605394083716e-11,0.22922382088629775,3.983474802861233e-12,0.040938061829972776,0.27813926212491824,1.5400833711564175,9.5,2.123269126665728,1.8960645726764007,4.8940000000000055,2.0,2.2039526839282775e-11,0.14245808747425315,4.610424755310542e-11,0.29800653066418786,8.086783185548266e-11,0.5227097999122219,3.1379334873610715e-11,0.20282831228214293,2.2513641621977574e-12,0.014552264896318617,0.5701185068927955,0.607086810100535,8.0,3.7666129506983212,3.5879324996496433,2.0,9.242198832346712e-12,0.21469638658001877,7.794851466801066e-12,0.1810744904116306,1.4418570624858769e-11,0.3349435636432813,1.3501870851085524e-11,0.3136486172157045,1.7416322299116238e-12,0.040458136997078925,0.5406119420299623,0.6101998893472572,8.0,1.3012017751230218,1.5553353102952037,2.0,2.1899855992254656e-11,0.2459146601045816,1.2113224954018269e-11,0.13602005412233126,3.0022905180820816e-11,0.33712881607554,2.4840160099736934e-11,0.2789314929755985,5.647630671953057e-12,0.06341754838847966,0.40346611632229445,0.6199631896675376,11.0,1.000589225841984,3.128956377541824
sub-002,A,F,78,22,416.398,4,7,11.813999999999997,5.0,3.366244542785827e-11,0.30885724090414163,5.588845060007481e-11,0.5127836801916137,1.4039823170467115e-11,0.12881717273053156,7.895617292103983e-12,0.07244329819413896,3.907816403776682e-12,0.03585471516075777,3.9807090104693508,4.08247539778085,10.0,8.671972722373404,2.9012117371426975,5.883749281946571,5.0,1.7487592448146408e-11,0.2841516241019041,3.0821539585651854e-11,0.500811678711806,8.300502630728253e-12,0.1348728425812302,6.7868031546703905e-12,0.1102771090175953,2.601283736043234e-12,0.042267624919684166,3.713213639804328,3.201972089712094,9.0,4.12987821066234,1.1400380363658322,2.2435800978419365,5.0,1.7776187404356164e-11,0.19922667167500946,5.497626398436126e-11,0.6161466373856384,1.119783078682992e-11,0.12549972088465833,1.015310435067258e-11,0.11379094633407523,2.769064209790498e-12,0.031034295128760884,4.909545878208873,3.407459716409759,7.0,4.328215462372177,1.0740846261838795,2.401030429550652,5.471000000000011,2.0,3.8281058142767883e-11,0.41363754566252847,2.3935435721901706e-11,0.258629080979076,2.1182181152533133e-11,0.22887939489645892,1.0441848654870967e-11,0.11282709672424193,4.003427098753674e-12,0.04325815010628631,1.129979748050607,1.967380319446287,10.0,2.665785940798979,3.206865428974451,2.661355925787297,2.0,2.507367316506345e-11,0.3605594020416883,2.542712771379818e-11,0.3656420781977403,1.1425604305209015e-11,0.16430018167386753,7.525279298820414e-12,0.10821351089317023,3.73292131678631e-12,0.05367940584487305,2.225451453994934,2.6648256584787373,7.0,1.8690205350776539,0.8557719159797296,7.451812777543911,2.0,3.5187374773877733e-11,0.3327894279709469,4.9449465929903555e-11,0.4676751131913986,1.1781456194466723e-11,0.11142473949298476,1.0647044423762776e-11,0.10069588442260487,5.3253898908848555e-12,0.050365606041900525,4.197228688345672,3.773629015351562,12.0,2.133026303099627,1.4705416396833573,5.049171988203545,5.927999999999997,2.0,1.879175004176604e-11,0.214523795266879,4.5561926535737776e-11,0.5201281082599281,1.327687683159836e-11,0.15156683123578324,1.3856561179191806e-11,0.15818442065806484,6.670008628283056e-12,0.07614381642060401,3.431675017674524,2.3717479720746137,7.5,7.548189879027692,5.140334419718815,2.0,1.8370826148659677e-11,0.2802705517128338,2.966049446676633e-11,0.4525089443994636,8.30494205919705e-12,0.12670255948419054,1.0569158795899754e-11,0.1612460943724894,4.391545130180828e-12,0.06699866225653599,3.5714270196406406,2.5448269554231784,8.5,4.333909366663065,9.028582856438023,2.0,2.373407602554132e-11,0.2698665642432771,3.3982117555910624e-11,0.38639116604563867,1.2197775754949284e-11,0.1386939112715272,1.806158986244118e-11,0.20536797791086686,5.555052231883964e-12,0.0631633124625201,2.785927388616099,1.907382802112734,8.5,1.924500929348126,22.065819510416024,5.685999999999993,2.0,4.082880237276444e-11,0.4184619029484668,2.6221498817871745e-11,0.2687489628842778,1.1671640842301032e-11,0.11962479312541344,1.7741838981688118e-11,0.18183937001872472,6.2384758753195655e-12,0.06393928635109193,2.246599186194822,2.279577309174791,11.0,8.22773178415283,7.478060424658797,2.0,2.7745006629864782e-11,0.4140354543983035,1.9294813770184897e-11,0.28793422519027456,1.1513054296757219e-11,0.17180794839454855,1.0779952824302735e-11,0.1608679617758019,3.106562397865437e-12,0.04635886345878188,1.6759074762306556,2.110070666761313,7.5,7.571182611492195,10.250723943938686,2.0,2.247214473953815e-11,0.3174069104459921,2.092896067395226e-11,0.295610268773188,1.1200264315903497e-11,0.15819768579696705,1.7100074091998622e-11,0.24152931323858975,4.506099658159867e-12,0.06364622456982535,1.8686131044456493,1.5335896266658,7.5,6.353227803155546,9.277163482759953
sub-003,A,M,70,14,289.098,2,14,0.0,,,,,,,,,,,,,,,,,,,,,,,,,,,,,,,,,,,,,,,,,,,,,,,,,,,,0.0,,,,,,,,,,,,,,,,,,,,,,,,,,,,,,,,,,,,,,,,,,,,,,,,,,,,9.456000000000003,4.0,1.5191027483125028e-11,0.44298094162004836,1.527151659260338e-11,0.4453280601113082,4.124780152066346e-12,0.12028146205171325,1.979046558007063e-12,0.05771037599331219,6.992969766425318e-13,0.020391986883657207,3.702383164579808,4.99072885300868,7.5,1.5959361598315416,2.5075801534683824,4.0,3.292187205564965e-12,0.43851839747884325,3.6368102202233012e-12,0.48442208481073284,8.116992999796649e-13,0.1081181154158269,4.1814444327637934e-13,0.055696720669556894,1.4380405306710578e-13,0.019154658883114167,4.480489536352209,5.634046978556446,7.5,0.7380928566376989,2.9678488660870257,4.0,4.994308324102141e-11,0.4449706282458669,4.959715939213184e-11,0.44188860081830933,1.361596534213574e-11,0.12131218697943127,6.43123223392213e-12,0.05729941489020641,2.2825111527707505e-12,0.020336157796368905,3.642573856930239,4.965294638091111,7.5,1.6370029748895985,2.3684974893484005,9.411999999999999,4.0,4.9105148686008744e-11,0.810759803407206,7.0795918055404484e-12,0.11688893352437121,3.67554530129652e-12,0.06068578276685917,1.606444657968194e-12,0.02652350700345087,1.1050922825468522e-12,0.018245834209230052,1.926133736684779,10.637040381532733,9.0,1.2402874638038484,1.1921127546601016,4.0,5.375946885977393e-12,0.6951713331760574,1.5206575877424153e-12,0.19663839412784476,7.906919569849169e-13,0.10224550084423992,3.1069485823885505e-13,0.04017639373934828,1.3741627798827474e-13,0.017769494229635207,1.9231985026647023,6.261745990048561,9.0,2.7451746691485193,1.4331080378458048,4.0,1.6886550872670536e-10,0.8169516684050615,2.329979700206799e-11,0.1127217048517879,1.211152817070191e-11,0.058594163015274474,5.306778753494119e-12,0.025673577684475545,3.756129881317279e-12,0.018171718999493793,1.9237702025439516,11.032375681808297,9.0,1.1961475631811551,1.0909826824810382
sub-004,A,F,67,20,340.398,1,8,15.012000000000006,7.0,1.782609369028854e-11,0.14685112623494226,5.378879389590211e-11,0.4431113792886476,2.3166037689439246e-11,0.1908415149275594,2.3413293221519628e-11,0.19287840276090482,9.594868408200813e-12,0.07904240021962716,2.32188148085518,1.5374821017306965,10.0,18.099086602053266,7.6225671425435415,4.757026369685218,7.0,2.8113357151459468e-11,0.23450075738619097,3.298467168674168e-11,0.2751336473621481,3.469667077842518e-11,0.2894138730029841,2.4238032819874523e-11,0.20217567838627415,7.547486600614447e-12,0.0629555308770491,0.950658116376167,1.036707153982596,10.0,3.1326420179265164,9.398869011705713,2.1792361133813944,7.0,4.0129245546038e-11,0.23400023073989723,4.2294200744727034e-11,0.24662444056845184,5.456505894994825e-11,0.31817783292177054,3.59864597913288e-11,0.20984296565013222,9.646781690423674e-12,0.05625197061995166,0.7751150930400882,0.9102381432857524,10.0,2.7624928552441625,9.603310950505566,2.8343611051082895,5.9879999999999995,2.0,3.963572657965787e-11,0.17325273526791102,1.9636586460496332e-11,0.08583398386222249,9.176173517454748e-11,0.40110206078773647,7.760981896058865e-11,0.33924225891371135,1.1772860798801815e-11,0.051460652076644346,0.21399536989077178,0.3499543553391659,10.5,7.983664232178093,14.689370919703991,11.911887366729577,2.0,5.427877714353946e-11,0.2530248947351109,1.1364214730498773e-11,0.05297520296611725,4.2404030480780646e-11,0.1976698060159045,1.0208834266592456e-10,0.4758930380545984,1.5349736151329737e-11,0.07155403231784507,0.2679984567893736,0.45430073881747335,10.0,2.3868127763405576,25.44401432088306,27.125279494291053,2.0,8.2503020413523e-11,0.24414040582567043,1.6772895965483474e-11,0.049633838947473086,6.052976796674996e-11,0.17911783158806374,1.7047436654158664e-10,0.5044625132720014,2.4399397018571008e-11,0.07220194679126185,0.27710160684404267,0.42975817982783227,10.0,2.192176411042425,30.16528109295655,30.010523893446955,6.064999999999998,3.0,2.0507789857332934e-11,0.14782995123924497,3.13737478123188e-11,0.22615696969554536,3.379932162840837e-11,0.24364166509442553,5.2629089038020447e-11,0.37937562849926065,1.1594934979454655e-11,0.08358183327210647,0.928236020747503,0.600283370590823,7.5,8.459907795854877,7.123756341018095,3.0,2.562419609516144e-11,0.18272124811441068,2.723230864234006e-11,0.1941883915376694,3.271953965026871e-11,0.23331678779007492,5.3759056768993906e-11,0.3833455658005546,1.304380109614436e-11,0.09301285424106101,0.8322949813298004,0.6112090959622468,7.5,5.846933792945619,14.390930356801503,3.0,3.308493383014318e-11,0.15290371305417463,3.969806870566062e-11,0.18346665395609685,5.48181244396805e-11,0.25334476449387144,8.642614847080424e-11,0.3994228634097333,2.1626211660024e-11,0.09994664275557491,0.724177799066122,0.5152987872430829,7.5,6.426871362707046,22.812820662881915,5.602999999999994,2.0,4.0912345282289834e-11,0.30404159347696946,1.459352834569482e-11,0.10845234078030437,2.4625257447006017e-11,0.18300350327775858,4.9323550456332775e-11,0.36654977301378955,1.0761128312037973e-11,0.07997171946577378,0.5926243970078423,0.7505986262893976,8.5,19.613037806332773,4.466339910057422,2.0,5.039165807215974e-11,0.26632069859093016,1.3614923418047783e-11,0.0719550825409285,1.6227820415446364e-11,0.08576428391106133,1.0798126559357064e-10,0.5706826722477,4.886502746973982e-12,0.02582524320547395,0.8389865717942313,0.5153131992740124,9.0,23.433598207505693,3.9631886948756714,2.0,8.409271746741446e-11,0.2773591850357702,1.708762084722003e-11,0.056359322603906616,2.1693446076588175e-11,0.07155050646034163,1.7916002021595097e-10,0.5909153455213713,6.533854379278855e-12,0.021550314704497565,0.7876858654403089,0.5037520147512281,10.0,23.01761294169393,4.437436665533405
sub-006,A,F,61,14,411.498,3,4,8.306999999999993,3.0,2.052741575925926e-10,0.6292509811605006,5.079874862453303e-11,0.15571936959134555,4.4577161493817545e-11,0.13664760794198957,4.1106574506988504e-11,0.12600881009097434,3.5538800616606474e-12,0.010894125894624544,1.1395689389414883,2.9885824097903093,10.0,0.8787049538591264,3.0943519038471043,1.8828774386037408,4.0,9.662220341077229e-11,0.7053971985294911,1.9540652968116698e-11,0.14265791272164002,9.416718956752926e-12,0.06874741971256369,1.2656585014601445e-11,0.0924002899653894,2.9270065699130873e-12,0.02136881753478948,2.0751020666390056,5.2625948761290715,9.0,1.823570032115126,1.1968106353775239,1.1043578765177293,4.0,9.929099258217811e-11,0.7848243426577171,1.6386935672299055e-11,0.12952701632569658,5.89833013570198e-12,0.04662208475455812,6.587534124232352e-12,0.05206974977621401,2.4068337325440438e-12,0.01902430072362221,2.778233041435005,9.264711344466079,7.0,1.5860704253198843,1.1412095382412575,1.344442807347737,5.363999999999997,2.0,5.561667951996912e-11,0.2626773395391564,5.5810814335048535e-11,0.26359423744059757,8.55564236149478e-11,0.40408262286838553,2.4611542973058875e-11,0.11624021221539323,5.430096087778855e-12,0.02564632060185464,0.6523275749139387,1.0114327903656533,10.0,3.142143913983475,4.20077694326879,3.869031009708793,2.0,1.5275026442907942e-11,0.34273171860164947,1.5764353986713995e-11,0.35371095131686603,7.970045151929793e-12,0.17882700776088634,5.8245487933254865e-12,0.13068767019663344,2.5400132725544685e-12,0.056991267244435984,1.977950398800057,2.250111931732365,7.0,1.2438392129540532,1.3675682139923742,1.6072446389153452,2.0,1.2835067520357657e-11,0.3437662872408443,1.2513017020851211e-11,0.33514069143904635,8.04351231868717e-12,0.215432319447123,4.085052926925098e-12,0.1094114600989846,1.7449724604737815e-12,0.04673623283423735,1.5556657993523824,2.089949143026543,9.0,1.6311375025266284,1.3385273061881116,2.5543576945089495,5.427999999999997,2.0,9.586445236543907e-11,0.4858717031745556,3.22346176757814e-11,0.16337535139311918,2.4905282034367068e-11,0.1262279343541438,4.526981260851702e-11,0.2294418881218463,3.935185101748002e-12,0.019944776614430948,1.2942884016049487,1.8254206950928569,7.0,5.451304008141223,2.245307898595272,2.0,2.1869066670593524e-11,0.4093167316798089,1.7770222295212992e-11,0.33259989649585026,7.262025715924955e-12,0.13592114726204063,6.298013355110097e-12,0.1178780183635285,2.1741093280329445e-12,0.04069214922928755,2.4470062473401226,2.923242975787444,7.0,2.49149227155045,0.933272017197158,2.0,2.0525394688848032e-11,0.48879287633474755,1.3473280086944119e-11,0.32085343191667054,3.372514961678595e-12,0.08031325650933778,4.497609757644809e-12,0.10710632576848228,2.1298271155481936e-12,0.050719819895603084,3.995024555869751,4.319966453938867,7.0,2.5695805071137796,2.3335307496267927,4.993000000000009,2.0,6.766363713380511e-11,0.38964278783548373,4.972664417734035e-11,0.2863521543875425,3.089020560516448e-11,0.17788204031961877,2.8497491604016118e-11,0.16410353544769163,6.011941063998501e-12,0.0346199166303561,1.6097867658422655,1.9766767668674377,9.0,7.393951636299852,7.967624724004812,2.0,2.4557616037423077e-11,0.37784520233615465,2.4684789750964967e-11,0.37980190601015335,6.9878005668312806e-12,0.10751478950707297,8.389099224207428e-12,0.1290752689087711,2.523962253564355e-12,0.038833860214019064,3.532554988494562,3.2023624044871086,7.0,1.4969985748783572,0.8392887935929904,2.0,1.9507098764648254e-11,0.4760039274064607,1.2674115453927556e-11,0.30926837482391856,3.3857566932025985e-12,0.08261779481671726,5.093525641244677e-12,0.12429004634824772,2.146318912563223e-12,0.0523735612441946,3.7433627405574343,3.795275702501248,7.0,3.609027963914087,1.0732726435793167
sub-007,A,F,79,20,433.198,1,5,13.570999999999994,5.0,3.7034655598682257e-10,0.4304415262092526,3.1931264879889055e-10,0.37112650749695103,1.4850218785665425e-10,0.17259917056905424,5.522454706749989e-11,0.06418566053789672,7.808920117309821e-12,0.009076049011403724,2.150221847957659,3.385216991979319,10.0,2.7343304658158334,3.9855248791999025,3.009240659085627,6.0,2.6013481536043987e-10,0.3850641907588516,2.560449305579219e-10,0.3790101445920731,1.2680066893032772e-10,0.187696509987271,7.196279275573981e-11,0.10652282171012299,1.2570346927837448e-11,0.018607238176170125,2.0192711341184575,2.596954900763553,7.0,1.7156306138401527,1.0844470139790525,1.758279637136304,6.0,2.5208779976418655e-10,0.38731771956107874,2.601336944123728e-10,0.3996797520349998,1.0984547464650979e-10,0.1687709551354287,6.775574045787186e-11,0.10410261387446773,1.0980055368003867e-11,0.0168701936776308,2.3681785276043525,2.8841103022606642,7.0,1.1763622285330266,0.7046774001526547,2.238862604403389,4.518000000000008,2.0,2.723395109903178e-10,0.4265658825209067,2.3514700557626774e-10,0.36831119212575547,1.1856708387521213e-10,0.18571184396728369,3.916210369301309e-11,0.06133967584225886,1.100303391715566e-11,0.01723407248625719,1.9832401868275014,3.217454704425419,8.0,0.386831341828807,1.83420789999096,1.2602723055285578,2.0,1.5921528151495367e-10,0.3545826960276055,1.6621225811483747e-10,0.3701654139879782,1.0113887566455114e-10,0.22524279620087295,5.814119212928956e-11,0.12948418304637563,8.64864606744351e-12,0.01926109234241214,1.643406227553055,2.0431152757355577,8.0,2.1940612714197667,0.7808326671689143,1.7351488438903118,2.0,2.0876228402807486e-10,0.4491935721225816,1.4881514865501434e-10,0.3202053882554244,8.306967944934711e-11,0.17874093599163682,4.279536623843406e-11,0.09208274148002286,9.83487394866453e-12,0.021161687231692813,1.791449655776708,2.8409589868984764,7.5,1.942876532494491,1.1754597446011017,2.162400197275434,5.204000000000008,2.0,3.969337714381836e-10,0.423700037292052,4.46563614443739e-10,0.4766765483509689,1.1174102822775695e-10,0.11927601336518194,5.1639489286144054e-11,0.05512167296072257,1.1104534969361519e-11,0.011853342343691465,3.9964158333457207,5.162778271957394,8.0,5.273551275653981,3.528986815459378,2.0,3.298532841369733e-10,0.41002812297859353,3.2482534157040325e-10,0.40377807802782445,1.2231306263613527e-10,0.1520427350592389,8.406580272969731e-11,0.10449901503976822,9.521224061120765e-12,0.01183547297536933,2.6556880726363175,3.1722173903169595,7.5,6.430129151218977,2.0311426312087786,2.0,2.6366092721238547e-10,0.36169001075456303,3.023512356361349e-10,0.4147653686312,1.1431481643421017e-10,0.15681704385492704,1.0605567471932817e-10,0.14548715479149055,1.1821564583091019e-11,0.01621682008934807,2.6448998044810965,2.5684571463525203,7.5,7.493090736719063,4.8492775630530796,4.861999999999995,2.0,2.753282465448616e-10,0.463514803637135,2.058348573256544e-10,0.3465227584610823,7.318181364266223e-11,0.12320150368175528,5.7840183200699833e-11,0.09737388551682782,1.0617609349917682e-11,0.017874733793871795,2.8126503987824165,3.6723841451275594,7.5,1.4634354286588098,4.735073956766135,2.0,2.6499312662387987e-10,0.4504875555700402,2.0108965908714184e-10,0.34185184395803825,8.785030542203861e-11,0.14934526736547166,5.798929871289698e-11,0.0985816415663957,9.07514409990616e-12,0.015427718952934481,2.2890035284578008,3.1958588236415304,7.5,1.0607534349709642,4.46719380974919,2.0,2.7979850822208703e-10,0.4423761477107825,2.5125328602224933e-10,0.39724465107574897,6.357909573523339e-11,0.10052189207514636,5.929067287085553e-11,0.09374167012702747,9.870659241430195e-12,0.01560603106262392,3.951822263540204,4.3220704349728845,7.5,0.6105603693016235,3.493925402525938
sub-008,A,M,62,16,391.298,0,9,5.968999999999998,2.0,8.797644759145069e-12,0.08742188319720952,1.287268221462215e-11,0.12791538551629958,1.8251436125394665e-11,0.18136387190185163,5.836647960980558e-11,0.5799856328339157,6.1461655140342816e-12,0.06107422820409907,0.7052969490281025,0.2828362892128546,12.0,4.5719702246199025,2.328985915816317,6.913553451561389,2.0,1.0228891165252499e-12,0.0880812796070951,9.253857933361073e-13,0.07968524006214621,1.95445131813627e-12,0.16829837198386777,6.5351789364615e-12,0.5627461607376036,1.701380062741741e-12,0.14650633250783346,0.473476000527114,0.2294887823655477,10.0,1.6854214933891882,2.2126419483340025,14.11934826648696,2.0,2.5006377519479466e-12,0.16636371693817956,1.86293397529627e-12,0.12393823147686273,2.267421495423441e-12,0.15084818564797114,7.259200746864401e-12,0.48294384794759737,1.5649041639720696e-12,0.10411075061456851,0.8216090299295531,0.45803975598766833,10.0,6.78055810673836,2.919895087460878,10.267003517497011,14.630000000000003,7.0,1.5147864649096202e-11,0.06765725588794791,1.3345277975939065e-11,0.0596060836183783,8.328512435544126e-11,0.37198926057950055,1.1128373907149917e-10,0.4970438134313058,7.289081978124343e-12,0.032556356688308044,0.16023603349602467,0.14644245807466666,10.0,9.298636766336166,12.57772278557649,4.800814089418,7.0,2.503833307081741e-12,0.159678776432045,1.0670643766595438e-12,0.06805066996964276,5.766914448466958e-12,0.3677776153528191,5.649451674413975e-12,0.36028657671856,1.2765437090004186e-12,0.081409947275119,0.18503211486745844,0.31278759329419303,10.0,6.958740922322702,4.931206159157339,2.3687091963116402,7.0,3.5154021337154372e-12,0.14822625209988816,1.8270368973759154e-12,0.07703665795412573,8.130054738639606e-12,0.3428021880392456,9.855424795702161e-12,0.4155520833046999,1.6528514931111318e-12,0.0696921640206864,0.22472627259107872,0.29704178978883566,10.0,7.693281044498704,8.868101718444379,4.705476544343816,5.658000000000001,2.0,1.3907063351400307e-11,0.11035319445009693,9.286071658283732e-12,0.07368541046308937,2.3221581985496086e-11,0.18426433298919942,8.15202920696422e-11,0.6468673087251098,7.92148946715228e-12,0.0628573873157075,0.39988970880983465,0.22143135416380552,13.0,8.444232679236638,15.966142521152362,2.0,2.367095332971017e-12,0.19415564149840822,8.080553021220446e-13,0.06627890873866069,1.9897394850389653e-12,0.1632038814624214,6.300914304912574e-12,0.5168182463362478,1.5282750517133415e-12,0.12535330492117952,0.4061111055984399,0.3829795231518914,11.5,6.424531440042579,6.028607496445799,2.0,3.384799411298184e-12,0.1598570121672718,1.5491349170389057e-12,0.07316240910915771,2.292824745935045e-12,0.10828532765780234,1.2304280244931368e-11,0.5811054771098337,3.924238394363712e-12,0.18533358953595358,0.6756447128309179,0.33800773039752147,13.0,8.67028208495848,23.390808172329063,5.100999999999999,2.0,1.0178144764818953e-11,0.08120431419222089,7.824806604877034e-12,0.062428671306789224,2.8042303387944472e-11,0.22372996922379,7.690488624093929e-11,0.6135704187282037,5.6120686665508185e-12,0.044774779470826004,0.2790358016111101,0.17154295825698967,10.0,24.270079242258653,19.95344203988132,2.0,2.0507246541905235e-12,0.1539344929556608,9.11210102785565e-13,0.0683985852814251,3.455591512216147e-12,0.2593886635184804,6.449435370724657e-12,0.4841169493983997,1.0768691462492484e-12,0.08083352666031425,0.2636914981311509,0.2990334899622897,10.0,3.537839011513107,1.6482000511544512,2.0,2.758642515590566e-12,0.14135441247608269,8.669495571863232e-13,0.04442298870183187,5.77915994747908e-12,0.29612744469949254,9.043575061601114e-12,0.4633979329657042,1.7825386901416221e-12,0.09133829694744398,0.1500130754409201,0.2445967003090795,10.0,9.369384198288078,3.7911245526633177
sub-009,A,F,77,23,429.298,3,8,12.588999999999999,6.0,6.477548045328026e-12,0.22605682834765323,1.1070449291109747e-11,0.38634227606181576,5.843924527879078e-12,0.20394430649236536,5.346969598077789e-12,0.18660131583039163,1.9240725565889033e-12,0.06714728113316865,1.8943518586348889,1.5680603478980144,10.0,8.985772196004046,2.5333578372403167,2.5329996989349546,6.0,6.513856357712061e-12,0.415506968812653,4.196848158524276e-12,0.26770925871750245,2.658424546605417e-12,0.16957603369153013,2.2501234275868257e-12,0.14353125299485875,7.358614471289186e-13,0.0469392541947338,1.5786974897908221,2.182051509438269,10.0,4.779518337277877,3.6195184566181973,1.5750517296777615,6.0,2.2635999081966137e-11,0.34322218546015926,2.107364981629478e-11,0.319532799033076,1.2523590438539743e-11,0.18989106973184297,9.871548588637065e-12,0.1496790341879566,3.088079030589144e-12,0.046823523446637046,1.6827163040595234,1.9517471557206527,10.0,5.001897418893901,4.7324471437944196,2.1322365342203784,4.205999999999996,2.0,6.316454226691907e-12,0.15690952562670657,4.17626209843471e-12,0.1037441705805537,1.786289265770643e-11,0.4437391474155313,1.0590277944033064e-11,0.26307726278315574,3.70513223191045e-12,0.09204064812763921,0.23379539800531593,0.36877142698765325,10.0,8.281343583128788,3.6295837223760237,4.270560227578549,2.0,1.0340890692746468e-11,0.47331175918385543,2.4738751350273564e-12,0.11323146399587455,3.4332399572252684e-12,0.15714244470202496,4.551432060249036e-12,0.20832309123558854,2.1881048550899746e-12,0.10015150425754167,0.7205657530057215,1.6049207531291143,10.0,2.9958152964664806,9.343576368005246,5.34977784587981,2.0,4.8470548630100393e-11,0.43425551425904635,1.5466126978457386e-11,0.1385635424901072,1.8581089697694888e-11,0.1664709991987819,1.8791419825299435e-11,0.168355380958603,1.3431413951754795e-11,0.12033421815290328,0.832358447759717,1.7107942823379099,10.0,5.880029862511773,4.310584853413087,1.16828516823556,5.551000000000002,2.0,4.448537921524913e-12,0.13120778294970767,3.4141267822413974e-12,0.10069825495689087,1.2401380025135918e-11,0.36577356590389604,1.3365422255008202e-11,0.3942075920677273,3.1189820949533554e-12,0.09199308468486267,0.27530216599454455,0.3051470888114539,12.0,7.079936126530893,12.483499607261273,2.0,2.2186728521668678e-12,0.17855019593529503,1.994761100441252e-12,0.16053064559745328,3.5218703400831962e-12,0.2834264811355181,5.098523883477669e-12,0.4103094503034248,1.1373831012110285e-12,0.09153218572823141,0.5663925436829484,0.4887750888575555,12.5,2.7015479611788265,7.414285042248491,2.0,8.197070767308522e-12,0.1569658952884909,5.2664415528390535e-12,0.10084720954499217,1.3690137599053446e-11,0.2621527574738303,2.3930903268597736e-11,0.45825341310931433,6.880784340089235e-12,0.13176029643864653,0.38468872315813557,0.3578718719535564,12.5,6.901518981160701,10.011015324385335,5.824000000000012,2.0,4.9510751802750366e-12,0.24049368641909222,2.5289263560853114e-12,0.12284015085862075,2.7569963588221058e-12,0.1339184305701272,7.67616322470706e-12,0.3728622014909329,3.965281728171617e-12,0.19260972329757395,0.9172759144178796,0.7169449941290105,13.0,5.156251243546311,21.067537199730268,2.0,3.370687676736919e-12,0.2917078424263918,1.5303408864031981e-12,0.13243957345277685,1.276099091634633e-12,0.11043684507233303,4.488288467489592e-12,0.3884278433966677,1.3256471138001882e-12,0.1147248563117491,1.1992335833754817,0.8502253730983907,7.0,7.518293441604716,19.903428941549922,2.0,9.235350267902232e-12,0.21839523089242213,6.420754524789026e-12,0.15183638154131224,5.917425478150064e-12,0.13993378335425422,1.8332749236661828e-11,0.43352822430015714,5.302036311189618e-12,0.1253812157408604,1.0850587892483803,0.645607917337131,13.0,9.854736962117117,31.777424211787757
sub-010,A,M,69,20,312.998,4,14,9.35099999999999,4.0,8.498367288371565e-13,0.4766667091977083,1.8955653798609253e-13,0.1063207650396277,2.2413411467149792e-13,0.12571505470891053,3.9355468455703946e-13,0.22074171427473394,1.8237758943979346e-13,0.10229414949931519,0.8457281849481771,1.6827134766267409,11.5,0.6899446064617614,3.0532696431923383,1.1788623528456434,4.0,7.637633580480947e-14,0.4766667091977213,1.7035782648547085e-14,0.10632076503962413,2.0143330861784125e-14,0.12571505470890781,3.5369458303375105e-14,0.2207417142747267,1.6390597795631307e-14,0.10229414949931415,0.845728184948167,1.6827134766268166,11.5,0.6899446064617945,3.0532696431921877,1.1788623528456401,4.0,2.9386355604761283e-13,0.47666670919770326,6.554642372410631e-14,0.10632076503962876,7.750294348783344e-14,0.1257150547089122,1.360865860215035e-13,0.2207417142747367,6.306402766270591e-14,0.10229414949931538,0.8457281849481744,1.682713476626708,11.5,0.6899446064617465,3.0532696431924062,1.1788623528456403,5.534999999999997,2.0,5.165803455014733e-13,0.305688599018814,2.0967689283266046e-13,0.12407718600755625,3.12997449332823e-13,0.18521756124912422,4.85203907459334e-13,0.28712145942315004,2.0941722670045304e-13,0.12392352747823288,0.6698996853795521,0.9098672060053178,10.0,10.547242367296656,3.8074044360347736,1.1476181018700973,2.0,4.642599289886174e-14,0.30568859901882917,1.8844034664645505e-14,0.1240771860075602,2.8129636535009945e-14,0.18521756124911845,4.3606136699486276e-14,0.2871214594231399,1.8820698008275946e-14,0.12392352747823299,0.6698996853795943,0.9098672060053892,10.0,10.54724236729683,3.8074044360344828,1.1476181018701495,2.0,1.786274141399887e-13,0.3056885990188098,7.250380603475502e-14,0.12407718600755417,1.0823084055290742e-13,0.18521756124912658,1.6777781050873157e-13,0.2871214594231529,7.241401653707208e-14,0.12392352747823242,0.6698996853795324,0.9098672060052946,10.0,10.547242367296683,3.8074044360349095,1.1476181018700564,5.607999999999997,2.0,4.321484475217747e-13,0.23449780243097834,8.190709911376113e-14,0.04444545585161574,5.315273266487804e-13,0.2884240143541681,7.286594369870559e-13,0.3953943087703652,1.516513611313135e-13,0.08229096072170394,0.15409762585524267,0.40792012856285287,10.5,3.7744213131252398,5.762290535135766,2.0,3.8837948308745793e-14,0.2344978024309969,7.361136432958372e-15,0.04444545585161034,4.7769304634674034e-14,0.28842401435416193,6.548591742182387e-14,0.39539430877035786,1.3629177099546608e-14,0.08229096072170342,0.15409762585522724,0.4079201285628801,10.5,3.774421313125167,5.762290535136007,2.0,1.4943185581419677e-13,0.2344978024309706,2.832251254196861e-14,0.04444545585161808,1.837959046077266e-13,0.28842401435417026,2.519618722453505e-13,0.3953943087703682,5.243925891799031e-14,0.08229096072170401,0.15409762585524966,0.4079201285628419,10.5,3.7744213131252837,5.762290535135656,4.893000000000001,2.0,5.181854472946755e-13,0.35898372421312,1.439121386469296e-13,0.09969812112761066,3.740677390508705e-13,0.2591431904804148,3.552077971715683e-13,0.24607757428138483,9.638072618018777e-14,0.06676974856619883,0.3847221335153914,0.9078839931628483,11.0,1.5587851925450154,1.4601729823073943,2.0,4.65702462470582e-14,0.35898372421312347,1.2933639432982238e-14,0.09969812112760658,3.3618131909390516e-14,0.25914319048041107,3.192315544467245e-14,0.24607757428138738,8.661906997031662e-15,0.06676974856620092,0.38472213351538126,0.9078839931628491,11.0,1.558785192545024,1.4601729823074783,2.0,1.7918243948164322e-13,0.35898372421312,4.976312671149498e-14,0.09969812112761192,1.293482292187999e-13,0.25914319048041606,1.2282668290355885e-13,0.24607757428138322,3.332732272999812e-14,0.06676974856619791,0.3847221335153944,0.9078839931628513,11.0,1.5587851925450171,1.4601729823073908
sub-011,A,M,71,22,294.298,1,3,18.974999999999987,6.0,6.911679969721391e-10,0.7756401163186293,1.230900575123534e-10,0.138133691005368,5.6740039665397125e-11,0.06367460756109965,3.269313537190152e-11,0.03668877528151028,1.025285482196194e-11,0.01150592264332682,2.1693685488806556,9.104653325177164,10.0,2.929973348731738,2.2225855037292956,1.8495987505923903,9.0,6.871034038494408e-10,0.799627597240569,1.3683166113908052e-10,0.1592400384135686,3.39538036086083e-11,0.03951428306805311,2.8168776446039716e-11,0.032781865001048786,8.240443195747714e-12,0.009589947824297193,4.029936166102746,13.263052890973327,7.0,1.68553232851711,1.1780236892494356,1.0156218376736779,5.0,3.554881437081945e-10,0.5122965796553401,2.5953737967086114e-10,0.37402122757498496,5.545361186132514e-11,0.07991460809284033,4.313498850126574e-11,0.062162149325604855,1.2079134039213157e-11,0.01740732894475054,4.680261049900513,6.2383026142688305,10.0,3.720350028388488,5.260629538787468,5.768312054748544,9.469000000000001,4.0,6.630512978861471e-10,0.7707581258401609,1.4801341135162285e-10,0.17205688292337043,6.631459167144509e-11,0.07708681146615465,3.593233449524545e-11,0.04176922491655042,1.137181134414171e-11,0.013219061672847483,2.2319885808081823,7.932411659158456,7.5,2.6371055534043832,5.697657060751077,4.071661168173767,4.0,6.063861845188927e-10,0.7898589153333797,1.4854771526672033e-10,0.19349342094413735,3.967734160962205e-11,0.05168241428843375,3.5016961524788625e-11,0.04561195481421543,9.667637223825098e-12,0.01259274971362608,3.743892842626745,10.106980962485542,7.5,0.8339492118495119,2.2580024014667646,4.317689654663807,1.0,4.414929901054141e-10,0.7021251754484861,1.0560460142909232e-10,0.167947512119875,6.008928582700214e-11,0.09556255999395247,3.274537398776372e-11,0.05207636807731717,8.323669224282905e-12,0.013237486994027652,1.7574614172171956,5.893247119407094,7.5,13.238440387266042,0.7162331939517037,7.373785955174457,9.479,2.0,6.517655099586305e-10,0.7418058473814939,1.2851507970089536e-10,0.14626922741719486,7.39430059824579e-11,0.08415811111918707,4.697353042681666e-11,0.05346284669923214,1.2915227752453838e-11,0.014699445307626229,1.7380288776924222,6.4530511113753395,7.0,9.001865761052175,1.7327133420573055,4.0,7.620895806592702e-10,0.8189442063420745,1.0196702214553276e-10,0.10957412900436077,4.413585380800608e-11,0.047428547358906475,3.984540589942176e-11,0.04281801659386437,1.6320026506128417e-11,0.01753755922365579,2.3102990731548125,10.288683520763863,9.5,3.1955928423583497,6.821400279509986,4.0,6.49451159416361e-10,0.7507959032827362,1.3239862453420478e-10,0.1530589998328455,5.240071301450789e-11,0.06057767407135338,7.035673275583967e-11,0.08133567236820917,2.0827912167621538e-11,0.024078040207728305,2.5266569273121977,6.369062007148931,8.0,12.012120519827654,5.355928170880644,9.426999999999992,3.0,6.419170125005205e-10,0.7581558743873367,1.0975568530259217e-10,0.12963033529120035,5.387449790773967e-11,0.0636301364086187,5.1402349615789105e-11,0.06071032946566527,2.07743507091388e-11,0.024536187264087416,2.037247483782574,7.139962066541915,10.5,5.109531949636068,8.634406125231845,3.0,6.538145747735258e-10,0.778986508244847,1.1131094200747119e-10,0.13262127427165407,4.182420075936121e-11,0.04983138854154757,4.571445790375026e-11,0.05446643025827882,1.4104960231255865e-11,0.016805336166273766,2.6614003372809765,8.740429982204178,7.5,4.310358621822477,6.282328288248935,2.0,6.075591055856245e-10,0.7259635805771931,1.4804203229863115e-10,0.17689328141966648,4.3423142496039387e-11,0.05188568439930284,3.762294159690704e-11,0.04495510830540585,1.7995966058617473e-11,0.021503119343865028,3.4092887752684877,9.323104827837287,7.5,1.6909510272417012,7.592955850667504
sub-012,A,M,63,18,352.698,2,7,11.460999999999991,5.0,1.3288460079697341e-11,0.14208821765684665,2.007172327683365e-11,0.2146189527305779,4.800466484896515e-11,0.5132947856031103,1.3012841492338244e-11,0.1391411377396796,3.7667492358155556e-12,0.04027635121506957,0.41812026685290654,0.5467313457539502,9.0,2.5287670741740604,2.0708469174859996,1.9421332183781936,5.0,1.1347585212563124e-11,0.14890475615469198,1.8609030806629966e-11,0.24419056060214378,3.4557519154001214e-11,0.4534690743930841,1.1848495850240521e-11,0.15547778248244903,4.4607095998211376e-12,0.058534116536343675,0.5384944076483377,0.6455330417070914,10.0,3.4816684409258976,3.7202538364505284,1.380904837124507,5.0,1.0668604587464509e-11,0.12198915129219708,2.6026887372391722e-11,0.29760198489934236,4.229052252667043e-11,0.4835669846451913,1.0303471227447972e-11,0.11781406838123962,3.941905568273635e-12,0.04507334682857242,0.6154307352428177,0.6977125968301803,10.0,3.9975989480462037,3.6421872725504962,2.078667664723568,5.491999999999997,2.0,1.2024956405769193e-11,0.1328481870145428,1.638047218755588e-11,0.18096664629194903,4.9124133166011765e-11,0.54270899698519,1.6805585678968774e-11,0.18566317530244342,3.2745838440547243e-12,0.036176640665497334,0.33345061035884654,0.4308440729151946,9.5,2.908642602439188,1.910167347906969,1.3646395951666035,2.0,6.2833997241944056e-12,0.12571528800421422,5.801629457268264e-12,0.11607625650582389,2.2533523474909425e-11,0.4508400734860386,1.594438143565564e-11,0.3190076379375158,3.9119244190178535e-12,0.07826793242102707,0.2574665903327657,0.31407711021564544,9.5,3.6854311086653726,1.0333952271477889,2.069235916706373,2.0,9.659156934551538e-12,0.15630205533189476,7.557829209840045e-12,0.12229889703104567,3.0448171291718264e-11,0.4927046724926327,1.5882287462268286e-11,0.25700319298516217,3.3660417342902996e-12,0.05446844325725167,0.2482194788458686,0.3716126843425683,9.5,4.746386110762433,0.9336048217098167,2.493337672242703,5.542000000000002,2.0,1.1552386937751948e-11,0.14959894693934075,2.347898101408779e-11,0.3040437317276887,2.6476900458256837e-11,0.34286563011745447,1.9000200270562724e-11,0.24604525172404618,5.760776224844891e-12,0.07459982611677402,0.8867722659268394,0.7703078558312713,8.5,4.925222356629652,1.794066065796215,2.0,8.128478548255674e-12,0.1220926930265823,1.2227021999674331e-11,0.18365430071238356,1.434394459079132e-11,0.21545124506597946,2.1594521838394844e-11,0.3243575424624519,1.5879719427374015e-11,0.23851913957633386,0.8524169849013477,0.5663986967290011,8.0,1.4727443157899276,1.3019201431386376,2.0,1.460167700521063e-11,0.2376522852254124,1.2448872776168326e-11,0.20261392322820732,1.5456791218717876e-11,0.2515698542071266,1.7984563557167344e-11,0.29271107877658725,7.213800298142958e-12,0.1174095362746113,0.8053982615158172,0.8088951528029984,10.0,1.6320258789479307,2.6925114631618072,6.3300000000000125,3.0,9.495440230192324e-12,0.15302747294726593,1.1780494392155969e-11,0.1898531551142787,2.971892770384071e-11,0.4789469782307421,1.2909710943538724e-11,0.2080514851631457,3.415265636798568e-12,0.055040046293075795,0.39639702042929104,0.4990995560130611,10.0,2.0593819747779603,1.2373487668722285,3.0,5.875958488285531e-12,0.1344459242049774,7.445059009819821e-12,0.17034801068308367,1.5397313182984455e-11,0.35230099145302785,1.2923758570655028e-11,0.2957043806040721,4.695032617329098e-12,0.10742553758127421,0.483529751024831,0.4703571112697561,9.0,1.9595184385533095,2.5276177458984668,3.0,9.296223658103613e-12,0.18351689175032948,1.009126277706882e-11,0.1992117710151189,2.0016280762714573e-11,0.39514170108990626,1.1264785747458581e-11,0.22237830571179762,3.762398569851842e-12,0.07427356703742931,0.5041527392974208,0.6197834216703345,9.0,2.5707491635379123,3.087611512094438
sub-013,A,F,64,20,471.998,3,2,11.663000000000011,5.0,2.4969137945090596e-11,0.15109025348568708,9.356196325651919e-11,0.566150933049152,2.6610675636473487e-11,0.1610233295271095,2.5712060716793794e-11,0.15558573867799808,2.7668359581728054e-12,0.016742345978982345,3.5159559469538615,2.2653842184652513,10.0,11.691519802079778,3.7836444365144075,3.389286887930528,5.0,1.9366084172412446e-11,0.1950769351577444,5.094973046610088e-11,0.5132228682863353,2.2469034465854378e-11,0.22633333308530085,1.3122985993268314e-11,0.1321894434049592,2.0952151971202653e-12,0.02110535901379567,2.2675531760622776,1.9756061536116163,7.5,3.080499759677412,2.2463531352355193,1.618687560490468,5.0,2.347161995258886e-11,0.27775894542337376,3.774446777593392e-11,0.44666126948999,1.8317674300570935e-11,0.21676807594075911,1.0475429838583293e-11,0.12396435996743001,2.137775031346028e-12,0.025298046724448582,2.0605491263024303,2.126067666503461,7.5,1.652573615268055,1.2424662304461214,1.366263275328039,5.847999999999999,2.0,1.3386091980669682e-11,0.14517607979200686,1.5739094900691878e-11,0.17069508415573437,5.0994196712980234e-11,0.5530469670777316,1.4259187498118804e-11,0.15464505585240415,4.337934122705777e-12,0.04704616337911172,0.30864482461169146,0.4463398677858552,10.0,3.848674129254953,6.2950210279363095,4.077749191534557,2.0,8.964598552588976e-12,0.15064031163212596,2.0121978297101875e-11,0.33812792213153775,2.3450069475651136e-11,0.3940528683893935,9.15117797920797e-12,0.1537755756158,3.3864481585049585e-12,0.05690557172533943,0.8580775557187619,0.8921921435664448,10.0,11.169213673727436,2.8675596351364474,4.156679713443404,2.0,9.611730192487408e-12,0.17725390884774547,2.154923462457972e-11,0.39739838649127146,1.808668608236148e-11,0.3335440906057131,8.211335780959855e-12,0.15142865383113965,2.267219392911716e-12,0.04181073454632768,1.1914418443738564,1.1849166822896398,7.5,11.41222819870627,1.9013538719017749,1.4849262029839756,5.880000000000003,2.0,1.4341385266314385e-11,0.1471695320425138,3.959615046605819e-11,0.4063308269433533,2.1538789655471653e-11,0.22102841081909833,2.5254215155225244e-11,0.2591556504116291,5.436730872621384e-12,0.05579106365994734,1.8383646945546588,1.1526837387464042,7.5,7.2647038564460535,9.510256031843815,2.0,8.080365896177205e-12,0.14111196903104234,2.3876192690811563e-11,0.4169633661216959,1.2520672150257148e-11,0.21865553162026935,1.526508725040719e-11,0.26658279427107506,3.2129724586422756e-12,0.05610994302820094,1.9069417683236118,1.1501056395897788,7.5,2.5029694673170537,8.70247566839603,2.0,2.0058114513120348e-11,0.2960141439484593,3.022321418131533e-11,0.4460289060270814,1.1905884287257593e-11,0.17570495686105786,1.0091955714038834e-11,0.14893531640288946,2.1731202627478966e-12,0.03207052855609101,2.5385106601163647,2.285739358567586,7.5,2.376850642109942,3.2575581562652305,5.687000000000012,2.0,1.1395619675741418e-11,0.14741552486510584,3.1556984993987744e-11,0.40822611129712927,1.8822885514742596e-11,0.24349580159633097,1.7133071091065724e-11,0.2216360969660301,4.00944584396072e-12,0.051866820789386495,1.676522176648817,1.1945894011561524,8.0,5.93109683591994,1.9174611220559494,2.0,1.1574987959154316e-11,0.1541811190272348,2.6596253572757317e-11,0.35426733507197644,2.7829327734455668e-11,0.37069212572965166,1.117369070286588e-11,0.14883576054777506,3.675844050353745e-12,0.048962966618459516,0.955691557716945,0.9786740375813068,7.5,2.375416195218864,3.500200532000294,2.0,2.9390722417335526e-11,0.32635818003300837,3.056850697153276e-11,0.33943644391916855,2.5027844312475347e-11,0.2779122474087666,9.506448120016901e-12,0.10556076380065357,3.410051797944631e-12,0.03786563265757214,1.2213799394738774,1.7362229009346808,7.5,3.1982391196571096,1.5974281042463652
sub-014,A,M,77,14,526.098,1,10,6.171000000000001,3.0,9.507284483727153e-12,0.14067303098417297,1.0010253354030553e-11,0.14811513031310003,3.526058985939617e-11,0.5217277402712676,1.265740100872322e-11,0.1872832318552006,2.296689292255964e-12,0.03398259981843766,0.2838935308214375,0.4073112725338207,10.0,5.28271180050956,11.199953874454797,3.8002222104645114,3.0,1.3806613222923344e-12,0.2971602409442469,9.551878436524416e-13,0.20558542865204965,1.2476493367948363e-12,0.26853202269787513,1.0031985903381766e-12,0.21591879920621182,2.788504990297389e-13,0.06001709480897275,0.765589990298302,1.0377640967153352,10.0,2.496839147113055,3.905288553039348,2.2034460898843076,3.0,2.8928976358468894e-12,0.26640831854511277,1.5728520365852532e-12,0.1448446917701829,4.298999732867491e-12,0.3958969291092238,2.0545522419409243e-12,0.1892046926777407,4.846312963323479e-13,0.04462992646901675,0.36586465092337644,0.7028745007735304,10.0,1.7195407877765267,8.931979516615883,1.659409518181103,13.066000000000006,6.0,1.2510541064428387e-11,0.0900042066256243,2.2772490373629158e-11,0.16383143769823896,8.910216755878264e-11,0.6410250250929568,1.7530242800130676e-11,0.12611729477204786,9.29052151036487e-12,0.06683851748476657,0.25557728838196503,0.33088468430281776,9.0,1.3816218533850786,2.647409414090804,1.895801007263658,6.0,9.85208475122459e-13,0.1350931591516307,1.073140581041222e-12,0.14715053206241993,2.8804410090036796e-12,0.3949700855018022,1.7086064830762687e-12,0.23428650217106572,1.080892758563383e-12,0.1482135214481363,0.37256120770632006,0.4485351393107399,10.0,2.488443216348598,2.919659372046196,1.2255876788556885,6.0,2.6700893423784697e-12,0.11924461409353519,2.5969356998865854e-12,0.1159776155965071,9.848590816583891e-12,0.439832253044594,4.550698968025785e-12,0.20323153000367528,4.216509203418522e-12,0.18830681236141675,0.2636860184620164,0.36578366857333366,9.0,2.0054259230625666,2.7004979021249977,1.6936386282106535,5.867000000000004,2.0,1.2955443691044618e-11,0.11702235762210071,1.270605488096316e-11,0.11476970868036852,6.37890998357576e-11,0.576186430305886,2.3601852533359042e-11,0.21318794582172473,2.1438452649545475e-12,0.019364665021497973,0.19918849636816255,0.29364022105652643,9.0,4.17949957322195,0.7710071705636314,2.0,1.4023874401757546e-12,0.22864024367739136,8.450049682136009e-13,0.1377665945273661,2.2408854790560644e-12,0.3653459716669276,1.8120205468284608e-12,0.29542536356670224,1.9006842148356224e-13,0.030988077159285237,0.37708529780359196,0.5545138214496038,8.5,2.143633328835819,1.1279008732572091,2.0,2.7275796194032275e-12,0.1950679055310634,1.4405213121264998e-12,0.10302154819988574,7.223204606405203e-12,0.5165808483721086,2.8283563806100086e-12,0.20227514215761952,3.6713773424268023e-13,0.02625653467663356,0.19942967015625063,0.41467200337481464,9.0,3.6877429083787736,0.8038591384379119,5.932000000000002,2.0,1.0276927618351345e-11,0.13561569094852777,7.584702757604272e-12,0.10008873695626154,4.28785784001373e-11,0.5658313702863365,1.6783589542244463e-11,0.2214784590195556,1.8074387370097393e-12,0.02385119972325275,0.17688792494062688,0.29937950617559417,9.0,7.650386590901774,1.3354174545295683,2.0,1.6451140687557064e-12,0.2556477751385799,1.033480918456689e-12,0.1606010807818716,2.8343435912521166e-12,0.4404519095930822,1.3722512278326683e-12,0.21324537914379763,1.718175301501621e-13,0.026700135964381862,0.36462795888487615,0.6367608724900128,9.0,6.965361442592875,2.8216611776479588,2.0,2.96728269311268e-12,0.27807394258341944,9.862440212932558e-13,0.09242421154778971,4.7958264964480034e-12,0.44943287166696716,1.972066013671711e-12,0.1848088733605659,3.4546580872484896e-13,0.03237475137871545,0.20564630977032025,0.5841592059115022,9.0,2.685209331627412,2.2537207914854034
sub-015,A,M,61,18,347.798,3,10,5.341000000000001,2.0,1.3458682089106008e-11,0.2352177096964005,2.5186936803054838e-11,0.44019269865048627,1.3125538130662959e-11,0.22939534474377293,7.724696487489632e-12,0.13500470579937993,3.017268468157337e-12,0.052732873391340966,1.9189260320089192,1.8534860446373715,9.5,3.4030205847055677,2.57956334358719,1.4257366287708484,2.0,5.793941554281431e-13,0.25369857440046323,6.497960097818694e-13,0.2845253439102301,7.292869294489272e-13,0.31933193077062416,4.0259488643728965e-13,0.17628370564867388,1.0742627178583629e-13,0.04703860359979661,0.8910018588607865,1.0859704148949574,11.5,1.1543151025376372,1.0075728820777694,0.4801435978251638,2.0,1.6382542548698023e-12,0.28427982709597915,2.543945479282551e-12,0.44144086843804103,5.978987402167793e-13,0.10375102032207932,8.14487843531206e-13,0.1413348768315756,3.6331759408153295e-13,0.06304507528023094,4.254809900352351,2.961087128889487,9.5,11.187474572014562,2.1345636911957606,2.8765178675152843,0.0,,,,,,,,,,,,,,,,,,,,,,,,,,,,,,,,,,,,,,,,,,,,,,,,,,,,0.0,,,,,,,,,,,,,,,,,,,,,,,,,,,,,,,,,,,,,,,,,,,,,,,,,5.245000000000001,2.0,2.0036902861626835e-11,0.2598364378260353,3.533164629778833e-11,0.45817705360684524,1.7205171137381373e-11,0.22311484022244352,9.94533750212812e-12,0.128970085216096,3.215704639143263e-12,0.04170091776687893,2.0535480882851482,2.039319037980847,7.5,3.42936461526707,6.070095079726689,2.0,1.7057221507357482e-12,0.3992538236907732,1.7533056318260859e-12,0.41039156189839415,7.544525860049949e-13,0.1765926998286083,3.725309178429825e-13,0.08719731600348203,1.1814752814042928e-13,0.02765447605246428,2.32394409449937,3.069279870336447,8.5,1.5558904123518353,4.735336945204922,2.0,1.249389730676939e-12,0.2657219627293771,1.0633408416716611e-12,0.22615282370394543,6.6099466866809e-13,0.140581274521101,1.6381666851425284e-12,0.3484075914551495,4.208004846437701e-13,0.08949643810217016,1.6086980607790713,1.0059018122044772,9.5,5.979352431027085,10.123818765889128
sub-016,A,F,68,14,425.698,0,7,11.299,5.0,4.349509887059033e-10,0.6259639795807692,2.4084290177812467e-10,0.3466114232763649,4.951281543728887e-11,0.07125685375169913,2.965888085738528e-11,0.042683869156471724,1.0257594039897859e-11,0.014762317026206355,4.864253822995938,8.535801582029366,10.0,2.0817301861863773,2.62975619300323,4.536450466983619,5.0,8.895004965958208e-11,0.5315371739154295,6.264533095430894e-11,0.3743485506965438,1.3985511789739334e-11,0.08357296528702009,1.0104622280227881e-11,0.06038200530376686,4.1171923283489375e-12,0.024603030386741703,4.479302001680737,6.292840885550843,10.0,2.5767861206824314,2.4044362957551026,3.760985253583971,5.0,2.501624124032998e-10,0.5488298246214446,1.9989222151160925e-10,0.4385423526318711,2.155063847486123e-11,0.04727981722358156,2.090948607263384e-11,0.045873196792120464,8.086886998694007e-12,0.017741773156837882,9.275466327588534,10.599465703674198,7.5,2.8346198163736953,2.8087204327023607,1.3760350526549747,5.174999999999997,2.0,1.7221290930741752e-10,0.3798595655001499,1.9195165565416524e-10,0.4233984130868233,6.883882602187675e-11,0.15184161656273829,3.340482946160314e-11,0.07368288507477545,1.2851845562631728e-11,0.028348028559122922,2.7884214003470023,3.561732639933076,10.5,3.893456821896994,11.861695635045404,1.304766930386575,2.0,6.06929642390801e-11,0.5272965981310507,2.5785477324650298e-11,0.22402258062259256,1.8248528261695908e-11,0.1585420483894367,1.1292573789621232e-11,0.09810916006598715,4.50326092826524e-12,0.03912404341658052,1.4130168172945006,2.9273938871171734,9.5,1.0218664970522855,6.064051413834396,1.5411922359243053,2.0,1.972971411917339e-10,0.5554545976728895,1.2679795281808248e-10,0.35697681904001577,2.102383689006135e-11,0.05918882955309006,2.000079512485571e-11,0.05630863955812894,8.74128679726358e-12,0.024609519995015556,6.031151853067504,7.900012214417217,7.0,1.3184689853235747,6.567929951900454,1.1958582248908762,5.365000000000002,2.0,1.2819150255715895e-10,0.49982985176429306,4.9869029766981626e-11,0.19444369758397478,3.0688469873632776e-11,0.11965702126762555,4.1881744898417194e-11,0.1633005770789816,1.393324008522585e-11,0.054326918613731616,1.6250086749951842,2.4536310507478287,9.0,4.364498944471995,3.1486633000354436,2.0,3.6146592100078575e-11,0.46436056556158967,2.0754012422580996e-11,0.26661835559875696,9.328432083957793e-12,0.11983857250819789,1.166833253998627e-11,0.14989832187850832,4.858355364141604e-12,0.06241331515695152,2.2248125125198586,2.7099701092887365,9.0,2.832592643720371,1.1874333830842487,2.0,8.00799255026242e-11,0.36718014371992624,1.2518520684634344e-10,0.573995566965691,1.2389474304725352e-11,0.05680785699125448,2.7995227697552613e-11,0.12836290324873714,9.785502160860407e-12,0.04486819970478906,10.104158075423566,5.082744756600886,7.0,5.8012293209486945,1.369284796176719,5.311000000000021,2.0,1.5173227803943554e-10,0.41844760975616646,1.1094079742524401e-10,0.3059527748932301,6.968462539755699e-11,0.19217641302915778,4.074468616597596e-11,0.1123657850308329,1.3732712541991618e-11,0.03787210482117335,1.5920412399767796,2.3786535634930286,10.0,1.3041339383950075,0.7202893009331582,2.0,6.854416957866997e-11,0.4330144994151876,7.784160903302192e-11,0.4917492702340034,1.5369937675555476e-11,0.0970966007690078,1.3939742568088938e-11,0.08806162051711501,4.935446882609778e-12,0.03117872861251447,5.064536413626589,4.99445157350137,10.0,1.208159530677784,0.7444784536572372,2.0,1.3966755601740094e-10,0.3631426999289937,2.354309357252989e-10,0.612132323955341,1.4542222149259243e-11,0.03781051208192743,2.512578316469465e-11,0.06532830527313656,8.812967071224718e-12,0.02291415950767501,16.18947457334032,9.455945384043615,7.0,2.2123195719941124,0.5346515253347087
sub-017,A,F,61,6,444.898,2,4,12.045000000000009,6.0,2.242917728222073e-11,0.1842505626776866,5.361075276798256e-11,0.4404000752584502,3.463215918820992e-11,0.28449526867973934,1.472655495606245e-11,0.12097528156368148,2.6206553892209808e-12,0.021528084778706137,1.5480049186836051,1.5405573538229427,10.0,5.57204594194321,9.604359920444232,5.536649147383805,6.0,1.6403681905499855e-11,0.2972759080535685,2.439252063137918e-11,0.44205372685125155,8.980890586768858e-12,0.16275628969715158,7.637904261955399e-12,0.13841800506615123,1.200589100286269e-12,0.02175768934333903,2.7160469661344706,2.4548231630653263,7.0,1.8314929390634533,2.0226673698517597,1.8173783313179372,6.0,5.4450022258795736e-11,0.5990554262599332,2.701762035535944e-11,0.2972460139976233,8.428160232628913e-12,0.09272604328327777,5.295727737003808e-12,0.058263234893993085,1.4259716265192826e-12,0.015688442449095376,3.205636771209332,5.936192629553752,7.0,0.6204389433780368,2.551767904880155,1.0926945076500414,6.134999999999998,3.0,1.6961009338172992e-11,0.14621386814060752,2.544777596704161e-11,0.21937478398426155,6.255284143673137e-11,0.5392422542369621,1.4134881957486075e-11,0.12185098926061577,4.187253592805768e-12,0.03609658673507554,0.40682046382785964,0.5530061844085515,10.0,7.110553874351254,5.346133370087394,2.603751413556324,3.0,1.4219319710121692e-11,0.3120216432977982,1.643775829259861e-11,0.36070195052564386,1.0315305899645774e-11,0.22635391590751433,7.033007946304317e-12,0.15432881048242253,1.5061944488880451e-12,0.03305117802038979,1.5935308610831482,1.7671502991558514,7.5,1.8309703068036278,3.4574047945179283,2.2554477259758503,3.0,2.3828043189731423e-11,0.4472032899469637,1.9383314720505852e-11,0.3637848917792452,7.0063855166906996e-12,0.13149542447745388,4.494043267243613e-12,0.08434393534847366,1.5334772172500978e-12,0.02878020872937188,2.7665212932303933,3.7573692878827263,7.5,2.215087857272356,2.9278571168900096,1.1992867075866795,6.027999999999992,3.0,3.127455104458325e-11,0.28547745961992255,3.7895590425898314e-11,0.3459150179377633,2.1982247552864515e-11,0.2006563157112027,2.1662759575122656e-11,0.19773999514964347,4.605853417325991e-12,0.04204272448501536,1.723917917618034,1.5848351511925065,11.0,11.14236436571592,6.794054701501275,3.0,2.165688263296177e-11,0.32100897518622334,3.3108269109880273e-11,0.4907470625978491,8.431676592782744e-12,0.12497846102888995,8.409785414631772e-12,0.12465397921020163,1.4358301997043616e-12,0.021282582020692855,3.9266531093258408,3.2518050819300295,7.0,3.1121469037562766,4.296124706028125,3.0,4.466774220996547e-11,0.5420434850979521,2.669937718400244e-11,0.32399720117334796,8.146718217470859e-12,0.09886050461094692,5.838900160108915e-12,0.070855110093707,1.6125114134469772e-12,0.019567841647255262,3.2773168865402638,5.102893377126316,7.0,2.107076444317068,1.198713416537617,5.484000000000009,2.0,4.0790331884559966e-11,0.3650493617185641,3.557608671018799e-11,0.3183849492265174,1.605397369879219e-11,0.1436735760909322,2.2542982094528032e-11,0.2017463659803035,2.9467462243147164e-12,0.026371637067749747,2.2160299610347893,1.9785606669001679,9.0,29.198441761845995,8.40032452272362,2.0,1.5473306975288324e-11,0.25337357748112804,3.308642853643212e-11,0.5417863665303053,8.994031366774084e-12,0.14727620327163876,7.018859057040659e-12,0.11493298956444124,1.1386702808248368e-12,0.018645591603966328,3.678709489346525,3.0325402988770396,7.5,1.939387553731947,5.408889069706496,2.0,2.5336927900425494e-11,0.39485458689482655,2.5491054238887426e-11,0.3972565154925701,7.861814638401826e-12,0.12251973023287174,7.880890321194252e-12,0.12281700861162159,2.096773555888109e-12,0.03267644204837841,3.2423881013899516,3.228668914888757,7.0,2.309919063803604,3.2164998528384974
sub-018,A,F,73,23,365.598,3,6,14.954,7.0,5.426191419449523e-11,0.31648203543665965,5.553565090307726e-11,0.3239110911956864,3.3363752957350584e-11,0.19459373305373326,2.6362505948199574e-11,0.15375903459269513,1.0698221383759328e-11,0.06239726204549621,1.6645504771021822,1.8383466018054813,10.0,3.6434988589306605,9.064579751103308,5.024083792913936,7.0,2.7614165356995584e-11,0.35209034663881805,3.2654870319957977e-11,0.4163611125580142,9.129572309835265e-12,0.11640526656076282,1.1319235868939375e-11,0.14432424914018901,3.483760628248792e-12,0.044419176583805224,3.576823668374801,2.9473128776038564,8.0,2.2688679156563603,1.0154810683686308,2.0699540506063516,7.0,4.9084454319993843e-11,0.4160248060544964,4.536977509898583e-11,0.3845403223440392,1.1985222835748855e-11,0.10158307909987914,1.2541720882726201e-11,0.10629978615653987,7.729197916385008e-12,0.06551031500030526,3.7854761418085103,3.851039514060266,7.5,1.8002152554977502,1.0210532710425115,2.325596769152736,5.715000000000003,2.0,2.3555098172303904e-11,0.12248966585664114,2.2883167761910377e-11,0.11899553771308738,8.85303124857855e-11,0.4603694841449792,4.617669436342222e-11,0.24012499636237378,2.4437772293011292e-11,0.12707968952433607,0.2584783349271982,0.3447353409477631,10.0,25.32043279619475,35.68909525156083,26.870411677479755,2.0,1.4052124226418062e-11,0.28427719635886517,1.7704664475457644e-11,0.35816879344799496,9.173350378878017e-12,0.18557865593177347,8.408612648636605e-12,0.17010786344517118,3.705084720959556e-12,0.07495458193902785,1.930010709742789,1.8062140531281072,10.0,3.494998706904302,3.1499962573970985,0.4861953679923245,2.0,1.85345899325073e-11,0.22163648000977443,2.519721323763729e-11,0.30130807686502464,2.187372631166907e-11,0.26156584645623693,1.3294265173728343e-11,0.1589727179371748,9.14190822156602e-12,0.10931886630233177,1.1519396777034385,1.2435115377090293,10.0,7.011737496475918,5.2480986363470645,0.8911710351152214,5.112999999999985,2.0,3.5857648705751745e-11,0.19275897054071572,5.3645167440180446e-11,0.2883788431056502,1.1879725822428964e-11,0.06386151358190001,8.249100581947382e-11,0.44344461877890456,1.5288996546387373e-11,0.0821886359327699,4.515690702128679,0.9484171054809419,7.0,27.869710053133257,23.836116970045993,2.0,1.9642221325084306e-11,0.2519388742512124,3.752638761938716e-11,0.4813282416011295,5.630800565578938e-12,0.0722228678796826,1.474795246380404e-11,0.18916305237311226,4.293422775956275e-12,0.05506913311670959,6.6644853040588625,2.8053045670676346,7.0,0.9503792742335329,1.0317835152697796,2.0,2.68093274982072e-11,0.31180192502087484,2.3855066302874945e-11,0.2774428263907183,6.8654733253251875e-12,0.07984787381030022,2.1427058552574797e-11,0.24920424075070866,9.238583193693328e-12,0.10744797774027393,3.474642631685563,1.7907338240257455,7.0,2.141049863179166,1.2840290457416588,5.939000000000007,2.0,3.973303458246316e-11,0.2479545894126089,5.1260697719289895e-11,0.31989314155230164,3.368078765057387e-11,0.21018545300532623,4.454623902922341e-11,0.27799146288318277,1.0768449447443581e-11,0.06720066789285195,1.5219566196343537,1.1632007013920276,10.5,29.782492172897637,5.486808175111222,2.0,2.8880556525773264e-11,0.40571687497177156,2.9681435727242566e-11,0.41696770410867,8.226231345246968e-12,0.11556290029279731,1.1494709864649503e-11,0.1614788053281091,3.4241956997075083e-12,0.04810343517228716,3.6081450279649863,2.969533331585002,7.5,1.2958567046168366,2.3366223599798164,2.0,3.757660368790888e-11,0.3219941701978531,4.9280049345623376e-11,0.4222810748981846,1.888584346968341e-11,0.16183291994704654,1.5402240046173516e-11,0.13198189873800628,7.568375831956836e-12,0.06485346350076279,2.609364491701438,2.5331440001120034,7.5,2.631740036842457,5.595377942985008
sub-019,A,F,62,14,343.998,3,7,13.742999999999997,6.0,2.2904107723276073e-10,0.5910790407691799,9.966214222491203e-11,0.2571949282592559,4.330850615607267e-11,0.11176488770118331,1.9569751894783717e-11,0.05050303778611937,1.4349125908151518e-11,0.03703033394768389,2.301214035546629,5.227613322109134,7.0,1.5382322246832578,5.695864909973569,0.74519417899077,6.0,1.214878581751895e-10,0.6053273564730166,5.975517920457522e-11,0.297737117163729,2.1174623318768424e-11,0.10550501877626826,8.625653400566459e-12,0.04297831939129284,3.3484691407719243e-12,0.016684136206369337,2.822018522124565,6.0819246440812895,7.5,1.0990397639034901,0.9137412513529335,0.8018744173684015,5.0,2.6616205226716187e-10,0.5909363182668365,1.480958938065378e-10,0.32880435618458426,4.726680487378626e-11,0.10494235151266273,1.541229879100313e-11,0.034218578591518764,7.595841147514636e-12,0.016864381543566252,3.133190284428775,6.609187462047471,7.0,0.702451594172386,0.611730105542522,0.8443740974189363,9.485999999999997,4.0,2.057641891843868e-10,0.5667709940334262,8.609206892786088e-11,0.23713789886398967,5.831216453158007e-11,0.16061902504418935,2.19165912407611e-11,0.0603685619571989,1.3096898674675606e-11,0.03607499589711989,1.4763998150203472,3.6378011263246464,10.0,7.166533645111165,2.8173125163779593,4.417564682741509,4.0,1.3182940764111634e-10,0.626571088761897,5.89217707565839e-11,0.28004888071132544,1.8551147592427278e-11,0.08817162234706508,7.93983430557889e-12,0.03773718409612281,3.057702274134679e-12,0.014532932198481284,3.1761792882633433,7.200608083615694,7.5,2.0831253216641414,2.893399027434998,3.2277236372065317,4.0,3.910362410318681e-10,0.6695313621424038,1.4483734837426002e-10,0.24799017832776585,5.055651109302496e-11,0.08656274325867909,1.4502534211192039e-11,0.02483120607776325,7.32507196182839e-12,0.01254197154578929,2.8648604352415954,8.23672691322745,7.5,3.828721745251274,1.6584655184047463,1.246792784000448,9.482,4.0,2.588622792523901e-10,0.7021683022139862,6.679646435995443e-11,0.1811865371385244,2.3895723463610415e-11,0.06481755326838845,2.390374411942231e-11,0.06483930943267142,1.3283349620269586e-11,0.03603131007544575,2.795331326196312,6.813020313388238,7.5,5.331730441174986,1.5172053723376229,4.0,1.8912616920327643e-10,0.7238863193008163,5.734319124518432e-11,0.21948285539915727,1.4823084352752074e-11,0.05673581830585363,8.260830316249931e-12,0.03161858603275281,3.1460227626495936e-12,0.012041500378740537,3.8685060329254557,10.677104121313945,7.5,2.0700317526180863,2.6392847834106994,4.0,5.443044979683274e-10,0.7418185762990531,1.5794452972996218e-10,0.21525853013494994,4.5847895839936004e-11,0.06248491597118432,2.0012171210913653e-11,0.027274072530623666,7.190716332472176e-12,0.009800042021029286,3.4449679060818297,10.662743892381597,7.5,3.0382532742276522,2.880222367724545,9.443000000000005,4.0,2.93537662790005e-10,0.6213341827163279,1.3244197633195318e-10,0.28034129024328863,3.6742574618716216e-11,0.0777733846983232,2.058269368516302e-11,0.043567598915306024,9.88393820095453e-12,0.02092143340564162,3.6045916135797644,7.430922727894705,7.0,1.3216258704650936,1.2639526015926805,4.0,1.2670966738445126e-10,0.6035119713617435,6.38518143453888e-11,0.30412308031469415,2.0125012641972843e-11,0.09585445454912035,8.149348091365444e-12,0.03881494785248363,2.980869567977338e-12,0.014197736498541145,3.172758968221421,6.739727328482058,7.0,2.9455362100717406,2.4215400424203817,3.0,4.275929057015536e-10,0.6526117600497662,1.8252114330307047e-10,0.27857207869686046,4.6939672031396396e-11,0.07164146451473058,1.717336321644833e-11,0.02621076880654042,7.047848648266774e-12,0.010756747480090461,3.8884196545086236,9.51622469044053,7.0,1.390613635150396,1.485124647204471
sub-020,A,M,71,4,415.898,1,10,12.057000000000006,6.0,4.235250873251531e-12,0.06577775322148939,2.217633710542372e-11,0.3444210681095319,2.8277712199684262e-11,0.43918162829186047,1.034076964035814e-11,0.16060266885714444,1.850105033599765e-12,0.028734012689201376,0.784233779197715,0.6839105713184671,10.0,13.87442318096027,12.293536714999426,4.919476308813014,6.0,3.937225264513419e-12,0.16196417613355416,5.888831315921483e-12,0.24224667078848716,9.83733610422652e-12,0.40467484851081353,5.290530910760794e-12,0.21763460881793634,8.860831070046208e-13,0.03645047229209005,0.5986205262816425,0.6495335112808791,10.0,2.5500072411582413,3.7021548207562898,4.31894911669066,6.0,1.0160005872910629e-11,0.1726547864752219,1.2708820840238697e-11,0.21596825592135793,2.0257844944780967e-11,0.3442531369706106,1.6991801555162242e-11,0.28875139503196295,2.177302055965486e-12,0.03700013821518481,0.6273530513675332,0.6139340601040119,10.0,3.0124697092890735,3.428247630193849,7.214244188362951,5.660000000000004,2.0,7.440102152933205e-12,0.11273683834911849,1.1120067894562362e-11,0.16849786076744397,3.0363598770564786e-11,0.4600872482570854,2.0351695587025106e-11,0.3083809561163583,2.7796421009380794e-12,0.042118784898446227,0.3662302343865256,0.36596790539416263,10.0,8.438903355318446,49.1125220847714,16.51570288459847,2.0,7.0694465425503144e-12,0.24975611102738246,5.411469429487225e-12,0.19118152340744973,7.621780733048881e-12,0.26926949705782754,8.949072580177655e-12,0.31616132203195696,1.318117478670428e-12,0.046567704185677676,0.7100006703187481,0.7531848684023721,9.5,1.3586218299910398,15.951210460767223,5.5964422448375775,2.0,2.41731213446607e-11,0.22000052066203993,1.6745996865666124e-11,0.15240597095108602,3.150202862181667e-11,0.2867011917863448,4.048099266585892e-11,0.36841909393601263,5.050892219473813e-12,0.04596836718968129,0.5315847136926514,0.5684551367578217,10.0,4.169009763394017,37.24882332770162,10.018813684477232,6.159999999999997,3.0,7.142523441524077e-12,0.13805887144206377,7.599402655525066e-12,0.14688995602816554,1.5413351831871328e-11,0.29792691287178447,2.0935880854525518e-11,0.404672677252642,4.33429556651548e-12,0.08377822758419722,0.4930402379975016,0.4055636118714024,9.0,16.352485261076477,18.519351818542585,3.0,4.712035409539256e-12,0.1834187138332617,5.380753266153889e-12,0.20944894461830257,6.2114795579059425e-12,0.2417854477931663,9.490941453180214e-12,0.3694404059198952,1.9913852303469033e-12,0.07751582616661565,0.8662595144992937,0.642753666365682,8.5,11.423284848839204,17.383369761546746,3.0,1.3089107818367105e-11,0.18426548471944046,1.3423659659339338e-11,0.1889752294931847,1.892094266068163e-11,0.26636473005645894,2.4646084862155436e-11,0.3469619806469046,8.468610735351204e-12,0.11921917702137311,0.7094604058620274,0.6085512137317359,10.0,10.129428177610198,33.322194310043656,6.75800000000001,3.0,6.751076726718346e-12,0.09782825096377501,1.0681192963933913e-11,0.154778632826495,3.61077157615193e-11,0.5232283415276215,1.6142106841970537e-11,0.23391144007749703,3.743722254667706e-12,0.05424939088884117,0.2958146960743795,0.33363308853584384,10.5,17.72506107327281,42.818494369892186,3.0,4.821057550370181e-12,0.13919659856077896,7.526409189852328e-12,0.21730720856538813,1.47670568230913e-11,0.4263637301675065,8.542709912594034e-12,0.2466504807089958,1.1072660529037565e-12,0.031969680232128296,0.5096756435638045,0.529712153717933,10.5,19.841114945871396,9.073729311292613,3.0,1.4510127932732173e-11,0.15753562083240488,1.3969356471576387e-11,0.15166449631465004,2.9529871173490784e-11,0.32060410562767944,3.7446497153616485e-11,0.40655445661415873,2.6474109513490375e-12,0.028742787779180386,0.4730584969201219,0.4252169103170393,10.5,47.15813641532595,6.661159323084968
sub-021,A,M,79,22,383.798,2,1,11.340000000000003,2.0,7.885961292256214e-10,0.6901703725786377,2.675855955427238e-10,0.23418787301650645,7.259645149312092e-11,0.06353558953439813,5.523074071166183e-11,0.04833731676085344,1.2530711986080453e-11,0.010966736761187446,3.6859321638893006,8.262574703794733,7.0,1.0683071298581932,1.4390748364900403,1.1313821394135808,2.0,8.32721063854394e-10,0.787648433554532,1.7847945029425037e-10,0.16881890653185314,5.202493039738202e-11,0.049208980908457746,3.3418814941468506e-11,0.031609957262350524,1.0979856419260438e-11,0.010385550557895284,3.430652360915638,11.834693225799644,7.0,0.5833257137786405,0.8700320358969693,0.4778538529261466,2.0,8.668653798344953e-10,0.74432847237601,2.3082729864314073e-10,0.19819839917304433,6.952805591179138e-11,0.05969982519543933,3.725746952556429e-11,0.03199089042159424,1.4071165651500792e-11,0.012082117336293918,3.319915904681499,10.27941449912688,7.0,1.1861715299101683,0.7967887633000619,1.4510718832091485,5.539999999999999,,,,,,,,,,,,,,,,,,,,,,,,,,,,,,,,,,,,,,,,,,,,,,,,,,,,6.211000000000006,,,,,,,,,,,,,,,,,,,,,,,,,,,,,,,,,,,,,,,,,,,,,,,,,5.236000000000004,,,,,,,,,,,,,,,,,,,,,,,,,,,,,,,,,,,,,,,,,,,,,,,,
sub-022,A,F,68,20,266.798,2,6,6.2490000000000006,3.0,3.9610146347243474e-11,0.42664941091068803,2.2144549029540106e-11,0.23852370338423734,1.790276521138996e-11,0.19283453699340952,1.434605587681921e-11,0.1545244553019098,2.7185351391996868e-12,0.029281927047468938,1.2369345611174898,1.914944276811482,10.0,2.7845375255170377,8.232201000495262,6.340353838128966,3.0,4.0941106674406455e-11,0.5090419434099767,2.1132855501086336e-11,0.26275571687953553,8.345977885676698e-12,0.10376985742882698,1.1883926358878425e-11,0.14775899970594097,2.5771426941300606e-12,0.03204294734623971,2.532100586721465,3.068425901827983,7.0,1.2120474689958816,2.1736405903420963,2.7162521870358285,3.0,8.119973954646379e-11,0.6347635193738932,2.8116565678609924e-11,0.21979590430396762,9.681997296817452e-12,0.07568717231142907,1.2084791155903528e-11,0.09447055628337776,4.1120947758569074e-12,0.03214551877261045,2.9040047024028874,5.022160502111579,7.0,0.43619567958389177,2.6869092804452737,2.1635343302974723,15.101999999999986,7.0,1.418816772799297e-11,0.16823356364800005,2.734223946761554e-11,0.3242055261778786,2.9091099534217594e-11,0.34494230959957856,1.3955114826667234e-11,0.16547018215574583,3.4736634698083418e-12,0.041188319425259606,0.9398833287636651,0.9647865163573199,10.0,19.183551943126357,3.614042196064384,3.5239689666788263,7.0,1.1919527217954788e-11,0.19242463339004467,2.52785854930117e-11,0.40808854723571036,1.2736146329360347e-11,0.20560784361794843,1.2532093452504072e-11,0.20231368611461165,3.1681043582777263e-12,0.05114475671188543,1.9847907553274222,1.472129164203373,10.0,8.335197246738938,2.7061904802796777,3.6596267406247636,7.0,3.233306139761128e-11,0.31235439742366666,3.655480914785835e-11,0.3531387035673641,2.1339835894302683e-11,0.20615405080006718,1.4381074058186703e-11,0.1389287474671945,5.029131892355183e-12,0.048584062068332365,1.7129845481903525,1.9285026791617006,10.0,5.735872054482478,3.4144793792493395,2.8185896881870085,6.511999999999993,3.0,3.203705855352049e-11,0.38808584100589766,2.396568154532628e-11,0.2903119730002625,8.853988926382894e-12,0.10725415796247072,1.8421020613259512e-11,0.22314586917962265,3.2096250385233326e-12,0.038880287037214176,2.7067666048140113,2.0532619802552414,7.0,23.428993277035858,1.6025878975644596,3.0,2.941444363063524e-11,0.4429710589032447,1.7601067146991605e-11,0.26506581085931635,8.915336330834305e-12,0.1342617941219564,1.000995703579311e-11,0.15074639260227607,3.1792798885024836e-12,0.047878824309733184,1.9742460064144862,2.484268532425147,7.0,2.6972844256353734,0.8365093913365407,3.0,6.117546846944562e-11,0.5549367176598905,2.2845169902866896e-11,0.20723378042640364,1.5673605447395985e-11,0.14217887297779,1.0676962555310433e-11,0.09685317829614688,4.743782899114876e-12,0.04303194363996972,1.457556781018907,3.188570294336081,9.0,3.1246118999701014,2.0495886787772606,6.323999999999998,3.0,2.6748411974619432e-11,0.3013567882677293,3.876677380314611e-11,0.43675977683844813,1.2065368119406444e-11,0.13593257757440796,1.2676951929208297e-11,0.1428228906462011,3.237301523494825e-12,0.036472549873253095,3.213061832799946,2.6478998593922713,7.0,2.357520637919064,1.891787739868907,3.0,1.7428198498783148e-11,0.2240511360666336,3.6156838874423875e-11,0.4648203213291671,1.2282938128192693e-11,0.15790537628142637,1.2651286491258488e-11,0.1626407405945502,3.0264053714527454e-12,0.03890646309310129,2.943663681854268,2.149055693169835,7.0,1.7265325130936318,2.1593600523980556,3.0,4.3407762425204597e-11,0.3659749930172031,4.5089753541481524e-11,0.38015602084823036,1.5272337425665063e-11,0.1287625362478655,1.4848347809415194e-11,0.12518783927716162,4.885188053755999e-12,0.04118748730579491,2.952380652990844,2.9380976985084293,7.0,1.0553090077202105,1.8855634055529944
sub-023,A,M,60,16,83.798,3,13,3.3910000000000005,1.0,1.8052916238272524e-11,0.35603200154107595,2.1130663485147527e-11,0.4167300349269162,5.859090845481807e-12,0.1155505190073099,7.927489598281258e-12,0.15634260701262825,3.9750698425719894e-12,0.07839465123735044,3.606474800001143,2.842153635069556,8.5,4.547057195236504,2.2303538849710813,3.048097244392874,1.0,4.0153304442528495e-12,0.18302575354040956,1.1916721515124398e-11,0.5431849172360446,2.104495881534055e-12,0.09592658683714647,4.150322823356143e-12,0.18917894124204845,1.2858136931121404e-12,0.05860962711830225,5.662506455673271,2.547164468079804,8.5,25.351798550254326,3.0577214109322104,19.55816886802865,1.0,6.870602783419193e-12,0.4924659777768076,3.589474932398174e-12,0.2572837257532598,1.6400373319666397e-12,0.11755338122974421,1.951261812652042e-12,0.13986109905600186,9.397569609769195e-13,0.06735920344237188,2.188654405868846,2.9126166589299824,10.0,3.406976301863723,11.401230043710544,2.753849337219909,9.385999999999996,4.0,1.8148142267021482e-11,0.3026772834073425,2.9883833869682717e-11,0.49840680772646434,7.343790795996139e-12,0.12248078152237055,5.576706994539819e-12,0.09300910796436396,4.942453247587347e-12,0.0824309342706656,4.0692654107161506,3.7175019813777452,7.5,3.41380838448123,3.3585853705904847,6.733532992904927,4.0,5.790079377553037e-12,0.2834921277925024,9.533691495164577e-12,0.46678574013327195,3.5135589275279867e-12,0.1720298171301068,2.1412908691815047e-12,0.10484124053295177,1.1367528125530021e-12,0.05565734985501246,2.7134001995726136,2.709845782576645,10.0,9.064193536608407,8.990951117549834,1.9255936612105455,4.0,3.471019352495801e-12,0.3126401984650432,3.8786228179331354e-12,0.34935368674846,1.3279974190467928e-12,0.11961482621908162,1.9534344537259012e-12,0.1759489283348955,1.6238626445698857e-12,0.14626387464917287,2.9206553885602617,2.239766801624544,7.5,1.282233074893711,6.102024927342335,8.343336829535296,5.753999999999998,2.0,3.76988212146423e-11,0.5880139585516078,2.008859385523954e-11,0.3133353567555835,2.0751898380947486e-12,0.0323681365127199,6.2200714588888794e-12,0.09701865265735544,3.927977175894542e-12,0.061267311122211426,9.680364411230476,6.966316430670464,7.0,8.630553785131612,4.8349966057673255,2.0,1.398252940651091e-11,0.5919545166226975,8.601276822773563e-12,0.3641375974215416,7.890032432166283e-13,0.03340268558523882,2.6897396085158317e-12,0.11387092159867081,1.9232815259160306e-12,0.08142269205404655,10.90144672626143,6.491944702965739,7.0,6.838925024910546,19.09374013612609,2.0,4.725742133363873e-12,0.4684710075005411,2.4611936135851156e-12,0.2439823882200256,4.967590038797677e-13,0.04924458094941957,1.884877936285062e-12,0.18685121636090202,1.0780222345417876e-12,0.10686621234753906,4.9545022724556524,3.0176453957972247,7.0,10.9226982995065,4.42673939446705,8.954,4.0,1.736398232238014e-11,0.3433252974829882,2.1901154304140738e-11,0.4330354740685581,3.29646079714995e-12,0.0651785035719491,7.628822628801977e-12,0.15083911915198106,3.825044638910848e-12,0.075629804509025,6.643838847735126,3.593969611191087,7.5,5.160684096014598,6.103904765311892,4.0,3.297068481607381e-12,0.24292573859324568,5.8101270398735026e-12,0.4280861651359335,1.1418184981820374e-12,0.08412840180834691,3.1998889446727204e-12,0.23576561713453306,9.32185756545533e-13,0.06868280555232133,5.088485647346036,2.0976069072707313,8.5,10.201956211186461,2.9116359733420634,4.0,5.8266770245387825e-12,0.40476693336820774,5.085685374592488e-12,0.3532918101483908,8.724281794242921e-13,0.06060574102226503,2.4907983224887072e-12,0.1730304930900533,1.2748552544136291e-12,0.08856149905755194,5.829345606360959,3.2446112068052306,7.5,6.035389869372222,3.8697105831889247
sub-024,A,F,69,20,81.098,2,11,5.452000000000001,2.0,1.1153087648842455e-10,0.511704931156684,7.220072576024139e-11,0.33125775182481776,2.086687078756728e-11,0.09573744075180599,1.6954767629567367e-11,0.07778866692189748,1.2914872729860083e-11,0.059253583126070715,3.460064831726442,4.857843550358424,8.0,4.3851953370853245,3.2428081627628402,1.2647338590306842,2.0,1.4124123221535953e-10,0.5528000883842967,7.040081310488024e-11,0.27553976339829744,2.422140924675231e-11,0.09479949277121091,2.2545940275906327e-11,0.08824192186474523,1.5743531141252006e-11,0.061618163972790733,2.906553140144801,4.525423131317285,8.0,3.370827061290435,2.303349132093978,1.4902179535534927,2.0,1.2310039589743156e-10,0.5300571245548598,7.634613308961336e-11,0.32873827481498324,2.0221799728568457e-11,0.08707290451267251,1.5900464485810445e-11,0.06846569763640542,1.265897742249935e-11,0.05450820140307037,3.7754371081894824,5.521429326892882,8.0,4.981017471409002,3.7906345658566045,0.9079162045575448,5.168000000000003,2.0,7.274652069023933e-11,0.3922349076499115,5.71972094002109e-11,0.30839608456950607,1.7387219915391607e-11,0.09374846429895824,2.4318747582896875e-11,0.13112189589046425,2.0689008785302288e-11,0.11155105939465312,3.289612121922866,3.11571072163193,10.0,3.278623314719773,0.3357297275231276,0.7899297993587783,2.0,9.492282489964895e-11,0.4097170157685482,7.618873067608899e-11,0.3288547238327741,2.1847291754079254e-11,0.09429983978636593,2.648019999581399e-11,0.1142969410224469,2.163073032292418e-11,0.09336509196994532,3.487330673920409,3.540667007120557,10.0,3.5848296809961933,0.4970074802082481,0.5198881619586151,2.0,7.059429510323244e-11,0.3958662820870024,5.715664107631684e-11,0.3205129673208785,1.4666636776047202e-11,0.08224498824960225,2.4386402999145823e-11,0.13674978515799568,1.9125972788371716e-11,0.1072512690715033,3.8970516519276,3.2712161950757617,7.5,2.9300497866375097,0.621374818080151,0.5504253466204156,4.684000000000005,2.0,1.1617828602154719e-10,0.5067412598203308,4.371603589599227e-11,0.19067865315363094,2.057878716725099e-11,0.08975963488369208,4.235704348118645e-11,0.18475106072695963,2.370879454186856e-11,0.10341196127424035,2.1243251869362747,2.5405928589505202,7.5,5.424221540680354,18.849315047681404,2.0,1.4024264011533157e-10,0.5688568401991084,5.004262397224048e-11,0.20298454824232026,1.5735025961848343e-11,0.06382493328524731,3.5112050789168545e-11,0.14242266295337283,1.9615855446434625e-11,0.07956648233293916,3.1803331048563543,3.74230489236073,7.5,1.5950855027411581,8.64285198878432,2.0,1.1749058843464986e-10,0.5224929357126611,4.585187940870121e-11,0.20390810361393868,1.8066572164878167e-11,0.08034393609273928,3.8466683213977726e-11,0.17106536368042202,2.131656569065045e-11,0.09479699723535506,2.5379401798111054,2.8893165049264633,7.5,4.4292361901765105,17.621091897794944,5.040999999999983,2.0,2.330162304000222e-10,0.73052545138755,3.0395772634019136e-11,0.09529329989426373,1.8872776642246995e-11,0.059167739740040796,3.0437940208474595e-11,0.09542549878148335,1.3839931340857274e-11,0.04338934705361836,1.6105617742530658,5.341881437892475,7.5,3.317427907483652,1.0911410497679714,2.0,2.8845878282483e-10,0.7293685462200213,3.1777694808391766e-11,0.0803499579303679,2.4927676161038896e-11,0.06302967357822253,4.085971853708359e-11,0.10331387110667177,1.8670848153098475e-11,0.04720927281451455,1.2747957171418656,4.867748283735592,7.0,3.663854129439014,0.6737729078876319,2.0,2.1316502189177046e-10,0.7133847122546408,3.048115849260651e-11,0.10200919591525014,1.6762848118333232e-11,0.05609907045414316,2.991718477469923e-11,0.10012178387692454,1.447714564755332e-11,0.04844966725963154,1.818375867718434,5.219494616524659,7.0,3.063127288802075,1.528808228827341
sub-025,A,F,79,20,271.398,3,10,4.9289999999999985,2.0,2.711988734253445e-10,0.9159678729730009,1.4770636718153216e-11,0.049887481191576856,4.715456442821087e-12,0.015926344211811973,9.157523583464622e-12,0.03092932242860229,1.944327680374137e-12,0.006566921415494315,3.1323874787647235,20.61341612268305,7.0,0.31970430193826255,1.5339465948981865,2.4221106256658866,2.0,4.169824251429597e-11,0.6935002088232476,9.306428218624103e-12,0.15477894328044317,4.0596229615804475e-12,0.06751721899632741,6.600810297409644e-12,0.10978072560460574,1.8002976172867774e-12,0.02994147230795957,2.2924365899736237,4.784483847305842,7.0,0.5357075175820455,0.5611121226070382,1.9402367022806524,2.0,2.736992905141533e-10,0.8721907095703859,2.0248417641278396e-11,0.06452512798644204,9.620535713099048e-12,0.030657521450977943,1.6420333869754896e-11,0.052326268812536714,4.222797583643057e-12,0.013456683844269202,2.104707912856529,11.287937494567204,8.0,0.38762124229829825,0.40783197469203825,3.1789618318854314,5.139000000000003,2.0,2.1311212937022966e-10,0.8335663937778397,2.9724212948827445e-11,0.11626323226583955,1.1371630154890254e-11,0.04447897342867693,7.218418853941237e-12,0.02823411032792347,2.0488725793671027e-12,0.008013956466674556,2.6138919876887527,13.062705870419919,8.5,1.765243274888262,1.281630904162064,1.0394443862829692,2.0,5.148924813897729e-11,0.7545676919781151,6.194663852537446e-12,0.09078192777592738,4.930909755336958e-12,0.07226178916798773,5.652260271251085e-12,0.08283307955528131,1.9698226090405353e-12,0.028867473374210136,1.2562922786880588,5.450532481911917,8.5,1.2532414389672333,2.1392310623034794,0.6884488317546056,2.0,2.7600459078093414e-10,0.8519100475599192,2.2641026540879828e-11,0.06988332310948907,1.2367063390419649e-11,0.038171921457172804,1.4532154394719061e-11,0.044854646462671795,3.9325641719080166e-12,0.012138171039994228,1.83075204081343,11.1023904006164,7.0,1.9521821584708496,1.4419243424163781,1.1286232387138269,5.364999999999995,2.0,1.9433245989231563e-10,0.8409686161840044,1.9343692452008522e-11,0.08370932103812592,1.0168338008195753e-11,0.04400321566650295,1.0037156163908903e-11,0.04343552968074684,1.9953013210221144e-12,0.008634614061592678,1.9023455393022308,10.575151022008738,9.5,0.7517776729285801,1.7180818527895119,2.0,1.0255400139783284e-10,0.8280375035095852,6.7257842636663155e-12,0.05430506401428426,6.691432462526199e-12,0.05402770204625362,8.587776038061307e-12,0.06933908510961319,1.9497589845595856e-12,0.01574266766790652,1.0051336991492472,7.152188914582662,9.0,0.5318031436343386,1.2309334825118095,2.0,4.1889657447685155e-10,0.892686228438371,2.0471585769985046e-11,0.04362581077198674,1.2269166026179693e-11,0.026146109119352057,1.76382212755721e-11,0.03758779179924278,4.731082719112523e-12,0.010082136370365322,1.6685393062823666,14.690957649152493,8.5,0.63052940735661,2.115946581590151,5.290000000000006,2.0,1.0847061210951246e-10,0.7984920718607611,1.2138218695934962e-11,0.08935389232828123,9.901900244592611e-12,0.07289152967700413,8.330567693341133e-12,0.0613243728219815,1.3319922743992087e-12,0.009805285046365837,1.2258474026299744,6.615057885527033,8.5,2.893517421117863,0.7597978535352076,2.0,4.5590942116521923e-11,0.734361238553023,8.075721353726019e-12,0.13008059189419893,4.7898563917773415e-12,0.0771531516801449,4.697988896131233e-12,0.07567338563992983,1.441654107654961e-12,0.023221606023335166,1.6860049014391039,5.65635946221018,7.0,0.671930702674001,1.624787655789386,2.0,1.221836553542676e-10,0.7341537170558723,1.599273913196283e-11,0.0960941039584418,1.2550477249411765e-11,0.07541090088330692,1.6186430018689476e-11,0.09725791661438105,3.3479162665123765e-12,0.020116317230200062,1.2742733853178692,4.808325168645063,8.5,1.91192076298873,0.41878684902567703
sub-026,A,F,61,18,87.098,2,3,3.792,1.0,1.5886140871285768e-10,0.49153560020048936,6.097588219413029e-11,0.18866644262371035,4.620636549246943e-11,0.14296784712816102,6.064003242182224e-11,0.18762728452517544,1.9764850591107773e-11,0.0611547371818493,1.3196424679640286,2.0575077419393537,9.0,0.2284119647704206,0.7907138630254271,0.6010749219849636,1.0,5.609542230174862e-11,0.32286549057116054,3.772806722918003e-11,0.21714946486589198,2.087386489582832e-11,0.12014261330371791,5.6769248757975755e-11,0.32674379829080524,1.7538877981931878e-11,0.10094760341126166,1.8074308431841988,1.208394217023158,7.5,0.11862327889971896,1.5736194817235918,1.1563620494772084,1.0,4.912955714850947e-10,0.7020542802719095,7.31308890077081e-11,0.10450298481778408,4.2092092131248256e-11,0.060148992096581394,8.2984486058577e-11,0.11858363277625456,3.1426819762009075e-11,0.044908471823914414,1.7374020939533512,4.512647121159554,9.0,0.39852344894077213,1.253612464157852,2.1696845774499396,5.009999999999998,2.0,8.759383056946092e-11,0.16942180912213503,4.938224202006113e-11,0.09551390465691975,2.473982327831379e-10,0.47851151044822127,1.2646969909825313e-10,0.2446145474065887,2.2976991937431302e-11,0.044441526496975976,0.19960628442866918,0.3663755591452478,10.0,11.27639802303101,2.842393784363246,3.761558438018019,2.0,1.2446095497569944e-10,0.30405107833706696,5.0160847407205825e-11,0.12254011507014223,1.405425748225772e-10,0.3433375666723416,9.324647525472464e-11,0.22779586865507517,1.4352524444911716e-11,0.03506240599862468,0.35690855579193376,0.7469203639997978,10.0,5.940735841339937,3.23501051182201,1.0715422474670766,1.0,1.0909183570040292e-10,0.14032679559677505,7.691609638869097e-11,0.09893856187074704,4.082015215252512e-10,0.5250769785438208,1.7650630810535593e-10,0.22704324718728885,2.682096409572168e-11,0.034500289798999856,0.18842677533707566,0.31812115840248895,10.0,13.714429614643462,2.65652504497633,13.472270600374959,4.851000000000006,2.0,1.8153583090803556e-10,0.4227666488950152,7.099350312290225e-11,0.16533201880014445,5.49115451240316e-11,0.12787982296175263,1.2031629779680014e-10,0.2801965748171005,2.5827537268840827e-11,0.060148023262087735,1.292870250919829,1.4411484489084938,9.0,6.302364309519894,1.3643870029493386,2.0,1.1462358548415192e-10,0.3662612200902087,9.801168373899074e-11,0.3131805615546874,5.375149300116809e-11,0.17175424521160274,6.638795111065818e-11,0.2121320134104571,1.998831359114766e-11,0.06386943919540583,1.8234225370607067,1.7699038878956432,7.5,1.9129754640814516,1.1841341799421852,1.0,1.6743542796418739e-10,0.30744395527446844,2.540438272388613e-10,0.4664737923689895,1.3660553648259872e-10,0.25083428853291356,6.816854102012577e-11,0.12517067702660875,3.069845259497901e-11,0.056368319425353704,1.8596891003112619,2.0582647000201524,7.5,0.9826401706939047,6.233185437397046,4.5390000000000015,2.0,8.945562532687848e-11,0.27128448769016716,6.398679261206216e-11,0.19404731887201465,7.944789847236319e-11,0.24093490327052133,9.165441515115168e-11,0.2779525710984118,2.3792014483725198e-11,0.0721520243891816,0.8053931424544937,0.8967875108724,10.0,1.892658515580193,1.4231858605269094,2.0,1.0704966199966634e-10,0.3574465524107484,6.453506033644448e-11,0.21548722710543086,6.105998117777873e-11,0.20388368682873773,6.679318597155255e-11,0.22302727168009032,1.4721839976710686e-11,0.049157286875267006,1.056912548802593,1.3420451457076656,9.0,1.5822966572750004,0.5721578769003748,1.0,5.5124622462781586e-11,0.1585126049962116,8.58401313971555e-11,0.24683602776902563,1.0191389105174854e-10,0.29305663484262157,1.2340351617312815e-10,0.3548507353043851,1.6026466054116302e-11,0.04608461282136721,0.8422809737837278,0.6256274452832136,9.5,1.4372428917708364,2.393995583924459
sub-027,A,F,67,16,97.698,2,6,4.676,2.0,4.403630400863319e-11,0.2987798190469137,2.4125383628049506e-11,0.16368716487679946,2.2517413114170217e-11,0.15277732241873487,4.5860138820894705e-11,0.311154268888847,1.857286756534295e-11,0.12601416343359687,1.0714100907473867,0.996843053132595,10.5,2.106035165513644,3.606896837216165,1.3187576619519648,2.0,5.10148348737329e-11,0.41373491376471855,2.518614167933462e-11,0.204261881500882,1.542484083235025e-11,0.12509685089450073,2.225975213960297e-11,0.18052859829297627,1.578657878753944e-11,0.1280305783497803,1.6328299236976345,2.0220724318232692,10.5,2.7340566690837673,3.671059843796865,0.656356083592315,2.0,9.980825697103225e-11,0.5549595485441603,2.7957758912477704e-11,0.15545232163385247,1.5693983989318874e-11,0.08726258261477789,2.575942251068935e-11,0.14322900650834394,1.8679270727803928e-11,0.10386154377232389,1.7814315938837073,3.0821596262175603,13.0,2.243273697819563,2.2555617850481613,0.2931487630652927,6.050000000000001,3.0,1.2815706649502427e-10,0.49883955219475923,2.490460265788453e-11,0.0969388671043736,3.678332140257153e-11,0.14317568339009296,6.185880435131113e-11,0.24077968625404922,2.164908697574686e-11,0.0842670728018439,0.6770623670798647,1.5516866448600855,11.0,1.6076078842882073,2.1374571535462406,2.3846481868525795,3.0,1.1168866817081694e-10,0.5429646302847831,1.7362160969193725e-11,0.08440461746007594,2.6771226676076168e-11,0.13014596227626857,4.2664419748636953e-11,0.20740932159477843,1.7273843120303007e-11,0.08397526801079111,0.6485381181546396,1.8585674042789595,9.5,0.9101510021499091,0.9912422459908966,2.04559580506312,3.0,2.1922545460664023e-10,0.6803416616508946,2.1243480452622554e-11,0.0659267639167106,2.8496502947095954e-11,0.08843570743668397,4.40549624264148e-11,0.1367196450564319,2.1082491494426412e-11,0.06542715270357326,0.7454767517284941,3.3144600708100977,12.5,0.8439212839626874,0.7862552303652635,1.4346283016422094,10.502000000000002,5.0,6.827581589773421e-11,0.331702048155937,2.3950349642990932e-11,0.11635715994269866,5.34055589960589e-11,0.25945839048542724,5.829195640957312e-11,0.2831978069809294,1.1368140987085489e-11,0.05522944837143792,0.44846173494332986,0.825677860477055,11.0,3.107529342601838,1.8746939922568344,5.0,5.357669197300619e-11,0.3893810194974488,2.1891608209763842e-11,0.15910233366874055,2.22710836406969e-11,0.1618602592652928,3.7881647278557346e-11,0.2753136465573347,9.048785159602635e-12,0.06576414222129809,0.9829610701906023,1.2546113705805737,7.5,1.4494520171523015,1.60668537475901,5.0,6.238324094911278e-11,0.4105387542292125,2.5317852712868433e-11,0.16661461563015376,2.4296569350514627e-11,0.15989363748094595,3.835627015618347e-11,0.2524193217156448,9.99456400704049e-12,0.06577336788035032,1.0420340562332178,1.3997943964312305,7.5,0.5391706142271602,1.7601548036104622,5.316999999999993,2.0,1.6678680190317344e-10,0.5871073083114803,1.992147381721579e-11,0.07012570981013967,3.8349700577752735e-11,0.13499503092472948,4.89036545315742e-11,0.17214607301658894,1.5724180427427297e-11,0.05535078999542378,0.5194688228875651,2.139840645513826,11.0,6.199769404699451,3.4244675946060776,2.0,1.2969634067139175e-10,0.6026741733051717,1.408875279492896e-11,0.06546774874009731,2.8655725525207433e-11,0.13315769436487815,3.351362986257317e-11,0.1557314498414141,1.1836319965281703e-11,0.05500112272346582,0.49165576989267223,2.3127969168968043,11.0,7.355860449826496,3.412518839136249,2.0,1.493561263133886e-10,0.6225762855136706,1.5379139453011114e-11,0.06410642637424982,3.361316104043298e-11,0.14011314742467093,3.1817534756395147e-11,0.1326282563145379,1.307475649879434e-11,0.05450083324961954,0.45753326902256175,2.5177061585578553,11.0,6.344810090767597,2.58282122783655
sub-028,A,M,49,20,425.698,3,8,5.676,2.0,3.8921677474695765e-11,0.13927207385227744,1.0083736771391898e-10,0.3608228173734939,9.265036580171121e-11,0.3315275554802461,5.7222945967821096e-11,0.20475886122987705,1.2742467982485257e-11,0.04559592641069331,1.0883644855728845,0.9325145587196286,7.5,0.48631354155295614,1.847976194184948,5.532877701190234,2.0,1.4205327493260586e-11,0.20527427851149826,1.95206449144251e-11,0.2820833453356733,2.486301629411118e-11,0.35928335575611736,1.2693825252904659e-11,0.18343229479061762,4.24916584041662e-12,0.061402628878569926,0.7851277851210907,0.8979981015034385,7.5,0.6645475639810186,2.6282060274075905,4.311290903857114,2.0,1.3712800519693319e-11,0.23676761689436318,1.8569423320421564e-11,0.32062291727825376,1.679607832909111e-11,0.2900040318853044,1.2723749572884563e-11,0.21969048991897128,3.596858728821033e-12,0.06210399314900051,1.105580895527201,1.0935776437217757,7.5,0.5550650315414222,2.055554974326549,3.6538716384540066,5.246999999999996,2.0,5.94046921894586e-11,0.14307935779666345,1.481352816528295e-10,0.35679169750290857,1.8664446617854571e-10,0.44954311474180497,4.6659632945414246e-11,0.11238220535788883,1.2915578923992181e-11,0.03110785814903765,0.7936762588563542,0.8895684843154736,10.0,2.9439723444924994,1.1274611445312406,1.0566390335885523,2.0,2.702706673009531e-11,0.22710964582650464,4.159092949412684e-11,0.3494904334730579,4.644174413043196e-11,0.39025204497248667,1.2057120596626213e-11,0.10131652153498705,4.181356791722119e-12,0.0351361274061172,0.8955505498957668,1.1729799637031837,8.0,2.573376735171543,0.43406091716264666,0.7342147478059668,2.0,3.5365350300534505e-11,0.33336383839623,3.242629797889906e-11,0.3056594962969257,3.224115123969343e-11,0.3039142505373438,1.0229445443082434e-11,0.09642565869110714,4.522159779071336e-12,0.0426271627166516,1.0057425598059195,1.596201927318972,8.0,1.5294827868178993,0.5488088683688404,0.6202700507939344,5.552,2.0,3.3630690567845237e-11,0.1286140013786997,7.417095338903111e-11,0.2836523110398777,1.1021810790040155e-10,0.42150760635921625,4.311980003506377e-11,0.16490324544395088,1.5012949462632518e-11,0.057414090233743345,0.6729470755935639,0.7030332251712106,7.5,1.158560710598766,6.502084117235288,2.0,1.7101895242055155e-11,0.22340610216449114,1.6322197347067718e-11,0.2132207241628382,3.1921344051722827e-11,0.41699606678154755,1.2300125164809145e-11,0.16067944402138434,5.035408413813451e-12,0.06577873098941757,0.5113255043591058,0.7558340593674225,10.0,1.7521942862034126,4.904180538600134,2.0,4.039147101486816e-11,0.43618898968977005,1.9400582340145882e-11,0.20950760637626775,2.721687455573086e-11,0.2939160351601818,7.515135431055208e-12,0.08115622552709512,5.016994485329779e-12,0.05417870904056964,0.7128144820750861,1.721525859797984,10.0,1.6265582755030588,12.190840927084775,5.927000000000007,2.0,4.969002076235336e-11,0.12738164839747942,1.0915369054650164e-10,0.27981829786265583,2.0622216227175603e-10,0.5286558259233187,4.5666578669655986e-11,0.11706745093616762,8.24383511405575e-12,0.021133283702329246,0.5293014550136507,0.6306106049646785,9.5,2.919553514239428,3.669367707799823,2.0,1.755233605407691e-11,0.15726974406962113,2.3396349500764807e-11,0.20963237524694253,6.339007492388859e-11,0.567978007549512,1.0832779437953439e-11,0.09706220553895319,3.1473885459665017e-12,0.028200747159056176,0.3690853738358318,0.5516991485562355,9.5,2.1183380558865137,2.00247351891682,2.0,7.467784193527467e-11,0.4865524826191728,2.194426686702816e-11,0.14297463942067698,4.7080249733835544e-11,0.306744434449277,1.1285186406675342e-11,0.07352697025909086,3.3745112488184596e-12,0.02198613113595337,0.46610345083316956,1.6554679480110723,9.5,2.895834857801211,2.077854505956695
sub-029,A,F,53,16,109.498,2,6,4.665999999999997,2.0,5.0216830406642546e-11,0.16753916293321544,4.42130864916552e-11,0.14750878224536315,8.659617071071157e-11,0.28891210051710736,1.249182795529287e-10,0.4167667258542602,2.3983970260992083e-11,0.08001807897477779,0.5105663002046144,0.4464466459884724,13.0,2.0259536505924483,0.9019820392046681,3.186935713563554,2.0,2.6697002827947067e-11,0.2150899822368972,2.0658420846536237e-11,0.16643888460289435,2.8996213833208538e-11,0.23361405617387393,4.392598978305094e-11,0.3538989160342793,1.2313827123403322e-11,0.09920892147744935,0.7124523555167308,0.6493964982693481,12.0,2.3574748186940817,0.837471747052695,2.4221421004829553,2.0,9.999855857114204e-11,0.4475337617265949,3.251731762653739e-11,0.14552807247026092,3.023692635554363e-11,0.13532240452565472,4.714267809672986e-11,0.21098244182675638,2.196599202241056e-11,0.09830664741884292,1.0754174298068386,1.712542693073769,9.5,2.36189567601806,0.8354017243363223,2.0219680282291064,4.850999999999999,2.0,6.08751156280853e-11,0.28635375224287113,3.3941921438183554e-11,0.15966124190279937,5.5082507280167914e-11,0.2591055882174668,6.128899283176837e-11,0.2883006116290035,2.4371387610729866e-11,0.11464188967352314,0.6162014605752,0.8147788502774781,11.0,0.4464284903634314,5.442959515787411,5.138844533422875,2.0,2.8215053957614317e-11,0.2979951904578407,1.1854075912600601e-11,0.12519762019890887,2.0688874826554503e-11,0.2185069432636599,2.91681315136636e-11,0.3080611831815354,1.3001561362347312e-11,0.13731686497010634,0.5729686129371184,0.8036810232204494,10.5,0.9035440817461102,3.3504435840308973,5.212154263626708,2.0,3.439132747307505e-11,0.2498043909676628,1.7527857250858477e-11,0.12731511189693934,2.210994987332939e-11,0.16059753921265998,5.79854488763894e-11,0.4211823388583449,1.8113943453459052e-11,0.13157219987965268,0.7927587964367951,0.6482168206212446,13.0,1.3701846891742788,4.776901115881139,1.2349860463698084,5.195999999999998,2.0,1.5952301414056648e-10,0.41281194025745654,3.5233860034842724e-11,0.0911778040435378,9.126845185272388e-11,0.23618351807481341,9.301635744472932e-11,0.24070672936636292,2.922561121963657e-11,0.07562972238072971,0.3860464302790864,1.0568254373102077,11.5,8.91242768076545,10.221702779208742,2.0,6.746420168555029e-11,0.44335626070083445,1.2584237440138996e-11,0.08270016269126712,2.7409101590156125e-11,0.18012511060045155,4.016415047966647e-11,0.2639477993660825,1.1614824269002851e-11,0.07632944477137933,0.4591262285174125,1.1846172364617917,11.5,8.237734950416804,9.26877914764616,2.0,8.351995930805658e-11,0.4086752307246352,1.3729617896627615e-11,0.0671810044946241,3.48635283054456e-11,0.17059228227770987,6.001506431528101e-11,0.2936623827310147,1.781428731717745e-11,0.0871678822626074,0.39381033888308664,1.0249896685697635,11.5,5.344315419625166,1.3280374549453375,5.135999999999996,2.0,5.229701246805202e-11,0.25022532837923284,3.606797363161557e-11,0.17257430434401808,6.111785380249314e-11,0.29243037634138946,4.9368356405645425e-11,0.23621259819941234,2.447920007940444e-11,0.1171255410062256,0.5901380920241718,0.799782940633061,9.5,2.9055920409092817,6.36660983629825,2.0,1.999210537440665e-11,0.24155537204131122,1.2983849666036542e-11,0.15687785642741464,2.0409277999692558e-11,0.24659587612125625,2.3066904068397216e-11,0.278706743973847,1.162183252126489e-11,0.14042123257662498,0.6361738845554521,0.7584832308595599,9.5,2.7648218516120684,4.8624835529744095,2.0,2.760411946918803e-11,0.2397650827004466,1.6924248746602918e-11,0.14700138886522285,2.2613436350093747e-11,0.19641678636674142,3.539815972881994e-11,0.30746290256777326,1.7341125522388094e-11,0.1506223156161593,0.7484156094008576,0.7675770229665569,10.0,0.7225937326546032,5.475288526894683
sub-030,A,F,56,20,94.898,1,10,5.7170000000000005,2.0,8.360825109213548e-12,0.5562222245954678,3.782614314144195e-12,0.2516467120310153,1.2203718839545062e-12,0.08118791569732857,1.5514820549809015e-12,0.10321574590651844,1.0214727415966658e-12,0.06795571409195195,3.099558719664182,4.380980993544595,7.0,0.43565242570497176,0.9463578159401541,1.0401503815033717,2.0,4.0462363931122135e-12,0.4032495536383958,3.4276420818392393e-12,0.34160019466156855,1.1602918447018548e-12,0.1156351540070086,1.5696068654224455e-12,0.15642765433744876,5.910401555783486e-13,0.058903300688276754,2.954120635675067,2.737786001815117,7.5,0.5429188441476492,1.1301120956780257,2.10490137907048,2.0,8.768711890682612e-11,0.7341965259199156,1.8285914701652422e-11,0.15310635375632115,4.698722245891557e-12,0.039341987651137784,6.708878078289122e-12,0.056172845445338376,5.7634664889703154e-12,0.04825699744969555,3.891678150935855,9.289686752423085,7.5,0.42286397840346696,1.0132154995946416,1.2238678500099738,5.131999999999998,2.0,1.0870628230852022e-11,0.6050311434253378,2.9360552622854597e-12,0.16341326690383193,2.3907568663830427e-12,0.13306336393828977,1.5845805054141625e-12,0.08819366596672651,9.919574773313485e-13,0.05520979597441898,1.2280860942281406,3.4730847225918935,10.5,1.0759085016078576,0.6909762119111754,1.348035019425494,2.0,7.913403827033428e-12,0.5841030217807237,2.403907057892436e-12,0.1774368409960648,1.7798664483021663e-12,0.1313752455381964,1.5907244469878586e-12,0.1174143234207216,7.170851537491034e-13,0.052929385929741564,1.3506109181312724,3.060979871316629,7.5,1.1985310153694257,0.38715831590195454,0.37882545550219776,2.0,4.7928557594136586e-11,0.6019942682525965,1.1772625320452433e-11,0.14786701960053888,1.0269445142901495e-11,0.12898671323498098,8.909269114742738e-12,0.11190257355149665,4.903004111064464e-12,0.061582916746086486,1.1463740403336178,3.112887658295101,7.5,1.5240456585488558,0.32493007825166037,0.3785971646186288,4.679000000000002,2.0,8.65954551972341e-12,0.5276406556877759,2.770525866697554e-12,0.16881279526444856,1.939341605848716e-12,0.11816734194444015,2.120557789933322e-12,0.1292091484657935,1.4249834951368312e-12,0.08682663818854452,1.4285909498059193,2.8153582816106324,7.0,1.6136455525227795,0.7638413084396832,2.0,6.451761955804411e-12,0.4490488381862568,5.596633798376705e-12,0.3895310958666103,1.141600074517375e-12,0.07945646331141736,1.460121783169745e-12,0.10162588062520521,1.017115399312722e-12,0.07079221017319484,4.902446945566948,4.630931518902603,7.0,1.5175205558543359,0.28488193189146216,2.0,8.474521254842861e-11,0.6177076107795642,4.0939040700121875e-11,0.2984045500390751,5.923302883174002e-12,0.04317493769690193,7.574541061954033e-12,0.05521080803777023,5.987911243896874e-12,0.043645867852581254,6.911522423817823,9.311431793069103,7.0,2.215991305789175,0.7009256958543136,4.131999999999991,2.0,1.0714174992553729e-11,0.545569278030949,4.865516606567794e-12,0.24775368930763458,2.0737232976280528e-12,0.10559466530173178,1.7710267667060219e-12,0.09018125942098244,8.999678922135173e-13,0.04582665800653819,2.3462708897243063,4.0521988005532386,10.5,1.4309185683448324,1.4737497035074172,2.0,1.085389408904689e-11,0.6327382316630326,3.3128262025211717e-12,0.19312440088258448,1.4323292121573192e-12,0.08349901384925994,1.2342991002903882e-12,0.07195465734727775,6.272900078137045e-13,0.03656847644058659,2.312894392156898,5.31259651952183,7.0,1.526673149346066,1.339529660382487,2.0,7.355654999659474e-11,0.7075278177562915,1.629241441219051e-11,0.1567139352725482,7.429852959794905e-12,0.07146647920731973,5.066912392304423e-12,0.048737759830435545,3.573038530844216e-12,0.03436844379738293,2.192831338702596,7.189777664641158,7.0,1.5578295301563998,0.759132303556427
sub-031,A,F,67,22,80.798,2,4,5.624999999999999,2.0,1.5275672428115136e-11,0.12156112231246842,1.0825974326236884e-11,0.08615120515422757,5.976954038558387e-11,0.4756355206988744,4.8860804426847025e-11,0.38882571298698854,6.4029337392623796e-12,0.0509534238247046,0.18112861930000818,0.2402795167355957,12.5,1.995956710745921,1.2392269938829839,2.3260712646084984,2.0,1.0129027199451573e-11,0.11177876475099102,1.2434787286106406e-11,0.1372239540296189,3.3657442248625916e-11,0.3714263221084965,3.6762109381147637e-11,0.4056878410286026,3.447651468398054e-12,0.03804651866769008,0.36945134434908117,0.32041974087233394,12.0,1.245930355089094,0.1755458632107823,1.2688229571395733,2.0,2.4601875281132748e-11,0.14656442494212032,2.946348347168711e-11,0.17552720930713783,6.793110967161028e-11,0.4046961425064687,5.241757800821101e-11,0.3122750639876608,6.2570093912336056e-12,0.03727581628652885,0.43372592637038093,0.4492392878986493,12.0,0.6591542882500628,0.9416267033777287,0.953119618691195,5.577999999999996,2.0,4.047592623129287e-11,0.17823173521085436,2.337771519312303e-11,0.10294145513374658,1.1503022823368997e-10,0.5065242253539977,6.104854782206405e-11,0.2688212382899619,5.901758972960163e-12,0.02598781153360455,0.2032310598013417,0.36264246523497595,10.0,4.254101995205296,0.7958852543306972,2.442173055329227,2.0,1.885018116354213e-11,0.1147452486726495,1.4375913511167515e-11,0.08750938552918654,7.025370342327611e-11,0.42764993076403907,7.17415173266386e-11,0.43670658517169747,4.625948535347002e-12,0.02815917844131356,0.20462855067658337,0.23399445769536298,13.0,1.650312316868479,1.1923914720358142,1.568424757608064,2.0,5.657203748634642e-11,0.2799304509698094,2.9553426217296105e-11,0.14623662672053028,7.172997553395435e-11,0.3549351462570068,5.136075458141526e-11,0.25414391687050786,4.5450017150976875e-12,0.02248963332941503,0.41200942837777205,0.6996908997364746,8.5,1.2810380228100124,1.1496077659425719,0.49965207897691405,5.635000000000005,2.0,3.2829670523256336e-11,0.11975622687724552,5.1809497402523354e-11,0.18899092882876825,1.2252299678242043e-10,0.4469399651745325,7.69300346759428e-11,0.2806257431002923,5.322780400258328e-12,0.01941646343296489,0.4228552905421341,0.4243563876012008,11.0,3.787595660256876,2.7921001149829734,2.0,2.0587067152651054e-11,0.13176141366592867,1.8373087360467777e-11,0.11759149305106817,7.153797794238545e-11,0.4578575974226093,5.143119839771293e-11,0.32917012205611096,4.037001932624947e-12,0.02583763280464416,0.25682983904388396,0.3168286205753378,11.5,2.118703491969702,1.3276891323957776,2.0,4.5042372015465414e-11,0.23458427942356821,2.9098375773696103e-11,0.15154667056444057,5.1649917415306966e-11,0.26899690484764976,7.718045881821651e-11,0.40196200837813767,4.642764953543762e-12,0.024179891564904875,0.5633770048405249,0.5754911997988023,8.0,5.1280011796695835,1.0887518468260948,5.568999999999988,2.0,1.9295824262612216e-11,0.08095103839365544,3.464881149073901e-11,0.1453608423826736,1.2095931827312366e-10,0.5074560321618745,7.63572639387198e-11,0.32033872824570364,4.1649077429215184e-12,0.01747287921027271,0.2864501221187664,0.273391294074996,10.5,2.9103993088230444,0.761941305123835,2.0,9.723125497805969e-12,0.07970074374270684,1.0067320468260887e-11,0.08252211997033511,7.261725588346317e-11,0.5952457678112307,3.678838482953639e-11,0.3015554651298686,3.2052464286490813e-12,0.026273498609025624,0.1386353745508783,0.1808905449215596,11.5,1.2852249444625128,0.6723044492092402,2.0,4.8755210253296555e-11,0.18658714944320748,1.8763272869352743e-11,0.07180741464817873,1.430072714255408e-10,0.5472916430124213,5.4791334475428397e-11,0.20968751566953356,4.658938510545796e-12,0.017829849396560564,0.1312050267256666,0.341349641040713,11.0,2.3198908847259134,0.929569585644402
sub-032,A,F,59,20,77.798,2,10,4.890999999999999,2.0,6.4859380819456105e-12,0.12462534933953691,7.533070927426757e-12,0.14474569199841175,2.7741818978779414e-11,0.5330507072166607,1.0804661777524173e-11,0.20760832612135682,2.4623661229007153e-12,0.04731362439653276,0.2715420691479906,0.3636910227421944,9.5,5.471955858178894,2.9705704022765493,1.130195841995842,2.0,1.9977264855151727e-12,0.18517946103501964,2.1931049493659116e-12,0.2032900877379538,4.33323063699447e-12,0.40166925738692494,2.4403100804838247e-12,0.2262047926674935,5.661359672165469e-13,0.052478031423137714,0.5061131366150983,0.6187061700341085,10.5,1.9626113830281364,2.0119147951656453,2.185239760569947,2.0,5.738058265222547e-12,0.19226689635116992,7.032478283087979e-12,0.23563942899312626,1.1200145929365192e-11,0.3752867602566451,6.089941467589782e-12,0.20405755585131963,1.3156091016851264e-12,0.04408252183938734,0.6278916656478394,0.7386045110772311,10.5,2.9477917540552783,1.610318294359091,6.096763219908051,5.620999999999999,2.0,8.834215595349447e-12,0.08471422091474971,4.758731352841102e-11,0.456330519385044,5.609653221287193e-11,0.5379282372205485,1.684713776516747e-11,0.1615527870036282,2.7315478249460103e-12,0.026193717301114503,0.8483111460050576,0.773494521741871,8.0,1.7251133714558868,6.288823733952555,2.8018990886681436,2.0,1.944628613197157e-12,0.1324071360811033,4.628866031330995e-12,0.3151732368598554,6.345432425644657e-12,0.43205192445175417,2.8287354450752353e-12,0.19260477629079484,6.184288114708931e-13,0.042107982594309194,0.7294799977104366,0.7165221671502215,9.5,1.3674523450713933,0.9691082859086508,2.7650683483643412,2.0,8.818704326363282e-12,0.15859875504067417,1.5545775953694702e-11,0.2795808342305525,2.1442495319442048e-11,0.3856295592610505,1.1719482154447691e-11,0.21076738834074318,2.6093100205721518e-12,0.04692677126511153,0.7249984538692774,0.7347113210978293,11.0,0.9096058087828727,6.1646241058099545,9.515411149995744,4.180999999999997,2.0,1.9122560005060247e-11,0.19204069011172883,2.528311341226728e-11,0.2539088148542912,4.7324583346934374e-11,0.4752630214150385,1.6876276090398113e-11,0.1694821041773958,2.2798740483342024e-12,0.022895919034588583,0.5342490440310467,0.6916678967619216,8.5,1.5494912646272851,5.87372759522953,2.0,2.6420834013569546e-12,0.18871550245851154,3.6704472951436235e-12,0.26216822118286015,4.3065536070160394e-12,0.3076032449979223,3.737361734603349e-12,0.26694770394176404,6.26957082007327e-13,0.04478152381191618,0.8522934183761,0.7847584700250896,10.5,0.511143426284536,3.186476978111028,2.0,7.53323531007061e-12,0.1946492393787904,6.491631901612164e-12,0.16773552928669297,1.348100698268928e-11,0.34833211060495006,1.3189458962263102e-11,0.3407988797841255,2.748534126403603e-12,0.07101863344105401,0.4815390949613743,0.5258575999620697,8.5,3.203904452577968,12.801080284668846,4.783000000000001,2.0,2.9475752150034254e-11,0.1758278916152671,7.424289603158078e-11,0.44287154438666837,9.479371999777538e-11,0.5654607163453659,1.486140118395493e-11,0.08865079416202085,2.9939803486396364e-12,0.017859603702707817,0.7832047949307519,0.9458623278499066,8.0,2.9767689782806297,4.416033064408247,2.0,8.38207087968154e-12,0.23544139172095477,1.0591714046610811e-11,0.29750737396999666,1.5161093329895144e-11,0.4258552528175967,4.742521248430254e-12,0.13321120985784854,7.869144853496169e-13,0.022103397150362882,0.6986114929934321,0.9532833773295827,8.0,5.0319625550393585,2.282781564092713,2.0,2.6489737718297407e-11,0.18362782981749273,6.441139078085824e-11,0.44650211453190897,6.820911388704706e-11,0.47282806987557036,1.5510387973220394e-11,0.10751857619120514,2.2049493987189156e-12,0.015284789802371955,0.9443223509327834,1.0857820039454453,8.0,5.518927096498037,3.4583336597055143
sub-033,A,F,72,20,100.398,0,4,3.8100000000000023,1.0,1.1399200185103439e-10,0.554234322133687,4.388012844322863e-11,0.21334718969716251,2.8804719027667757e-11,0.14004986021223986,1.8783902911345522e-11,0.09132819432980337,1.0311843006574112e-11,0.05013665192200274,1.52336595962212,3.3174343753131255,10.0,2.154197087438872,8.394991745078398,1.9414693710991002,1.0,1.1387342690693822e-10,0.5464370846968478,5.693565116295918e-11,0.2732134448033239,1.7903304872581065e-11,0.08591143681841716,1.4794637090626525e-11,0.07099407280995106,1.016355972934063e-11,0.04877121993686827,3.1801754797884385,5.22384797985437,11.0,8.555610941220083,2.9018807435653984,0.9204166753592611,1.0,8.978658594528368e-11,0.501644302098547,4.604300089412163e-11,0.2572456543133287,2.2508375439752976e-11,0.12575595975692697,1.4889409852361723e-11,0.08318823502877123,8.719861943797274e-12,0.04871851416488384,2.0455941397175725,3.6320222114341325,10.0,5.213654395658097,3.7146962741345853,0.7603119737794894,2.7689999999999984,1.0,3.359708739166798e-10,0.6954578788290138,3.388414793897319e-11,0.07014000165208031,8.758368064697824e-11,0.1812977418330941,2.702090261929018e-11,0.05593312122739916,1.0657623598262005e-11,0.02206122279172176,0.3868774147041083,3.2272271432316484,9.5,16.46606688255102,3.0880333732070424,11.198272045720286,1.0,2.788446629528257e-10,0.715581625803822,3.9425784386341163e-11,0.10117592566059569,5.192905545371433e-11,0.13326228852482033,2.2123073263442246e-11,0.05677305983191545,1.067636290067734e-11,0.027398082650162775,0.7592239843738802,4.297924352111558,9.5,8.644396711752531,0.27143377888722764,11.187459172503068,1.0,1.8622568597709228e-10,0.6632100786318418,2.9991880623875274e-11,0.10681081614769256,4.754502289632747e-11,0.16932324994901546,1.99800532767369e-11,0.0711554511678001,7.359490772004597e-12,0.026209534028468463,0.6308100994981736,3.2020336570492662,10.0,7.929042678219765,0.1427436448308185,7.711636765285305,3.6439999999999912,1.0,1.905577588766775e-10,0.5881456692563549,5.798787691087259e-11,0.17897627929478377,5.5010133584282856e-11,0.16978564411931354,3.12604632589114e-11,0.09648363935983706,1.0101005153309187e-11,0.031176177087072307,1.0541308143167374,2.88100053647835,9.0,5.099095433670212,2.991075390949398,1.0,1.4790310514086834e-10,0.5988430058919014,4.493784337835887e-11,0.18194826390808463,3.093388581947158e-11,0.12524781782238967,2.933425487888253e-11,0.11877109240227311,8.905711962904162e-12,0.036058224175844936,1.4527060596464862,3.199716239537046,10.5,3.2360404348649334,1.3972455639348496,1.0,9.834501562271494e-11,0.5421639639774787,3.3200807231977465e-11,0.18303196295373286,1.933411735917674e-11,0.10658660879846293,3.1333066245320013e-11,0.17273533682990191,6.913223658391354e-12,0.0381117509490805,1.7172134944251303,2.59627264624627,10.5,3.672779476187991,0.6808153712451864,4.724999999999994,2.0,2.938649654438173e-10,0.7290462657577462,2.7600737557002996e-11,0.06847435732157629,4.8641947074629255e-11,0.12067525579439733,2.7003935160111254e-11,0.06699375701186573,1.644506119244705e-11,0.04079836612848398,0.5674266598468266,4.249612715246866,8.5,2.168861836176111,6.9240771132244125,2.0,2.4087076948442555e-10,0.7325413768636766,3.143831669462529e-11,0.09561088648096093,3.064235316568789e-11,0.09319018503732322,2.6646669876744366e-11,0.08103842687978918,9.012776863602772e-12,0.02740985129561583,1.025975926999911,4.7532506528756775,10.0,1.5540987712868286,1.1600945010909505,2.0,1.9723186372787737e-10,0.7347946429922039,2.513036564823986e-11,0.0936241117725237,2.303419681244186e-11,0.08581475682226739,2.106243702401351e-11,0.07846889240452012,7.411621899310286e-12,0.027612273009856185,1.091002471363176,5.0426123272993895,7.5,2.466660468368148,0.5740477466792945
sub-034,A,F,75,18,89.498,2,10,3.506999999999998,1.0,1.5969547394176986e-10,0.9222092316279417,6.469486782548896e-12,0.03735998452239805,4.544319004777902e-12,0.026242527945385525,3.4444143552073523e-12,0.0198907998925647,1.9264169958651047e-12,0.011124670560166014,1.4236427450948912,20.799913232380742,7.5,0.3609494733983498,1.1246299466306382,9.226221159761444,1.0,4.1804708784829835e-11,0.8149373345330482,4.459507038824273e-12,0.08693323994328626,2.1165470815582593e-12,0.0412597835793251,2.4927126511275874e-12,0.04859272227256571,1.8801004663982364e-12,0.03665051395590426,2.1069727565620995,10.03723341854195,7.5,1.338173353891316,1.282441965327044,6.1791308311660265,1.0,2.357241707672441e-10,0.8229782239044606,2.7253741248769707e-11,0.0951503424305649,4.650948162329576e-12,0.016237745351473275,1.304454414270225e-11,0.04554210853839265,9.823753021607339e-12,0.034297436650149116,5.859824770680479,14.861293909366644,7.5,3.6245522705853985,0.5865172237546649,0.9554020877342914,3.228999999999999,1.0,2.5624935271245735e-11,0.5484262488161262,1.2348285739917593e-11,0.26427867840321173,4.927909229106507e-12,0.10546737950428647,2.52595925685327e-12,0.05406071645585325,2.4429228191910186e-12,0.052283566131760016,2.505785956239396,5.094431312101935,7.0,0.9068085754081491,0.7858513440941364,0.6221654021168065,1.0,6.8680329894600185e-12,0.4035077166692205,5.886848070283911e-12,0.3458615628178027,1.7140181014772982e-12,0.10070125340373381,1.5740896893171708e-12,0.0924802395887839,1.5541502028508304e-12,0.09130876346629917,3.43453086359478,3.8790945647989563,7.0,1.3364059943291757,0.22258883940902707,0.25012174948221877,1.0,3.068996725222813e-11,0.3600520104472105,3.270567865845741e-11,0.3837001602914087,6.931673663255518e-12,0.08132178889952821,1.0590984567909171e-11,0.12425250424515287,7.287468530858873e-12,0.08549594315438772,4.718294635223337,3.6179240086948723,7.0,0.8663930540293512,1.6113769182361113,4.652259046871223,4.387999999999991,2.0,4.0551540306930325e-11,0.7602661095901103,6.103626434784083e-12,0.11443166619176734,3.7585218289757974e-12,0.0704653077810854,2.7350055257584955e-12,0.051276276931470945,1.663590856335733e-12,0.031189240623737693,1.6239433246679664,7.184872595893373,7.0,1.3533677451647617,3.338755630287343,2.0,1.7464394345295312e-11,0.6717366503893382,3.4021427086016474e-12,0.13085732617107468,2.8432361443935133e-12,0.1093599861603732,2.1501040433802955e-12,0.08269990126957533,1.195565345810473e-12,0.0459852798120448,1.1965740922751789,4.178873513362592,8.5,1.814988307229089,5.854866220122744,2.0,1.1410848693976257e-10,0.649549475885511,3.4712550000478324e-11,0.1975972100249041,1.024825216530122e-11,0.05833700017622731,1.3756887609900552e-11,0.07830950507251881,7.070668721630244e-12,0.0402489708300093,3.3871678253594224,6.199548860531056,7.5,1.0011918741217989,7.7286164567446125,5.8160000000000025,2.0,2.8936755354007136e-11,0.6963233052685616,8.111135400964592e-12,0.19518334183581432,2.7179726977723916e-12,0.06540428287100603,2.384580921972572e-12,0.05738166732775584,1.3092165436876026e-12,0.03150449937665837,2.984259336972867,7.260656823205212,9.5,0.9145562078108304,0.9621610076062119,2.0,8.449051815480754e-12,0.5048023738654212,3.908150681967465e-12,0.23349883333254068,2.3204332764252022e-12,0.1386380687344747,2.0101545971338552e-12,0.12009996324207901,8.253199769306505e-13,0.04931008741002034,1.6842331652768994,2.8534699810380606,9.5,1.9728212802082277,1.053761367707996,2.0,2.0010582089360248e-11,0.28632763494117514,2.7268381536701893e-11,0.390178114720054,9.685907304193493e-12,0.13859381592621337,1.0592425050711458e-11,0.15156500693073208,5.9967156053354775e-12,0.08580586956555841,2.8152635246567046,2.3315015652471165,7.5,2.4349727209719605,1.5496894155092844
sub-035,A,F,57,22,481.598,2,7,10.465000000000007,5.0,6.953186687132936e-11,0.5823078785749488,2.2668335473684758e-11,0.18984029818922454,1.254802704680213e-11,0.10508584536419671,1.3542427873686356e-11,0.11341364471737202,3.889970985870926e-12,0.03257730382376104,1.8065258696953312,3.5338671796255468,10.0,8.491087273577211,4.039579700717291,3.641332803437291,5.0,1.0282463199777683e-11,0.48065518478687286,5.509578490280771e-12,0.2575460194597089,2.434637061431116e-12,0.11380745098863505,3.519487310369195e-12,0.16451892806746293,5.836323559098709e-13,0.02728197635402402,2.2629978724804913,2.6522861639995465,7.0,0.890302207367097,1.7267657774451939,0.9725805942263436,5.0,4.9573658089113726e-11,0.6896087534227022,8.319632590996916e-12,0.11573266289324263,4.10512077609017e-12,0.05710547355533652,7.540744336115646e-12,0.10489771184850202,4.238910042554096e-12,0.058966587962138516,2.0266474593034416,4.971145563023374,10.0,2.1121501663933415,2.3714753671711897,2.4314779658502386,5.354000000000006,2.0,6.45502318540932e-11,0.5207474356028511,1.4189278363973186e-11,0.11446946213602963,2.6154413067465532e-11,0.21099604359851304,1.7609821216027004e-11,0.14206407903226215,4.570456808176262e-12,0.036871341806659345,0.5425194718524871,1.7991748629260538,10.0,21.47832918515988,7.730479815189896,5.803530438734509,2.0,7.217427495666894e-12,0.39557827082497443,3.1515628450428552e-12,0.17273326006901504,4.345523859694716e-12,0.23817278597931638,3.4441532964797947e-12,0.18876978068648034,7.874336727260072e-13,0.04315826530066593,0.7252434796812416,1.3311193946581903,10.0,8.843025514512439,2.7997864524771874,3.429533044803069,2.0,2.847638565631126e-11,0.43619312059646226,6.985426773617038e-12,0.10700076687600217,1.7200422008237014e-11,0.2634711385742922,1.0317710629523656e-11,0.1580437367024406,5.437097783527541e-12,0.08328390680645807,0.4061194992932049,1.2886707429147002,10.0,11.114849224823804,3.262728360675798,1.8482747667883634,5.3060000000000045,2.0,2.5087504778260406e-11,0.3012479829441923,1.3662536080102131e-11,0.1640582223067309,1.182902053349875e-11,0.14204157039204068,3.131260246393815e-11,0.3759982675187675,4.352158300915665e-12,0.052260235571167026,1.1550014679077636,0.8982054490779062,8.5,4.920645610456494,3.395975637434941,2.0,5.805104168153801e-12,0.29301813536442245,5.416996646309261e-12,0.2734280403243259,3.3577560833011353e-12,0.1694859210167024,5.501455635671673e-12,0.27769118786843067,1.0871457454459703e-12,0.054874711972869375,1.6132787825920964,1.266715501383708,7.5,8.978638495268445,8.378070286101313,2.0,6.538600492327098e-11,0.7041235391563421,8.193584229798975e-12,0.08823440938212675,6.257594322375717e-12,0.06738627732412013,1.1757594408817709e-11,0.126614234908778,3.1853204274752276e-12,0.034301821855805305,1.30938245716898,4.084308538253968,10.0,6.780654230877016,5.556366329384064,5.682000000000002,2.0,9.57370092386041e-12,0.1574595973650452,1.3484243160007617e-11,0.2217766687755497,1.9403720036959387e-11,0.31913488510895466,1.63694251348564e-11,0.26922953947807293,4.844769992005513e-12,0.07968240687007325,0.6949308243122143,0.6445601574343663,9.0,11.887044295672759,2.520160930402657,2.0,4.068404922115002e-12,0.16844753434517598,6.865389236993479e-12,0.28425338957909435,8.458092858460686e-12,0.35019741509150865,5.842622550167044e-12,0.2419069344192832,5.775854809780308e-13,0.02391424944342638,0.811694710838506,0.7645627401627781,8.5,5.591403487463637,3.9920051328331825,2.0,2.1176363161990937e-11,0.4837960954121398,8.808695921504348e-12,0.201243842481212,6.504092996139964e-12,0.14859278581781377,6.806711833517097e-12,0.15550642867524261,1.96802620549447e-12,0.04496161057513137,1.3543311768039163,2.2526856540400355,7.5,4.333265904824655,3.951471710692133
sub-036,A,F,58,9,81.398,2,9,2.924999999999999,1.0,1.3308095049486554e-10,0.5834651681075743,1.9188207611283787e-11,0.08412662171384684,2.5167903479062333e-11,0.11034332847579761,4.456740941005822e-11,0.1953963428038633,1.3728551712732003e-11,0.06018991976805687,0.7624078671172125,2.183530148466645,12.5,0.17157217369363936,3.381768897582652,6.53394798291506,1.0,7.05016360332694e-11,0.5580167617117039,1.1544397624247123e-11,0.09137330338199147,1.3644100017499787e-11,0.10799233800252511,2.759550521125346e-11,0.2184169804019229,7.02544595422294e-12,0.05560603727133504,0.8461091321113443,1.989496097317441,12.5,0.23305716310628116,1.6304337035821628,1.2069263773193157,1.0,7.204316657384061e-11,0.5481538133460717,1.0562535471029694e-11,0.0803670128951609,1.7654109774541206e-11,0.1343245730908609,2.439350536541952e-11,0.18560251614186848,1.1198571543563404e-11,0.08520641148305706,0.5983046217522567,1.9645752028957393,10.0,0.3949015450896933,7.081388486873259,1.3868621144250353,3.1210000000000058,1.0,1.9160383892813896e-10,0.6334958585461854,2.5356416170562984e-11,0.08383540080138831,3.938558255686569e-11,0.1302197470352409,4.9556868426860154e-11,0.16384886172718321,1.10521087045965e-11,0.036541361236452206,0.6437994444782652,2.439332992278344,10.0,3.816461476386206,3.0595541491485303,2.203471164389671,1.0,9.404615616391088e-11,0.5946844368448524,1.236760828250945e-11,0.07820441011733972,1.8290109583242075e-11,0.1156543123185593,3.205235422162099e-11,0.2026774617626622,6.096087719070688e-12,0.03854754558872146,0.6761910433735733,2.1137973075553123,10.0,1.8419403150488511,4.993794725607225,1.0538183008503763,1.0,1.550020009966026e-10,0.724324043401947,2.0061231059205743e-11,0.09374609297297472,1.4304040288678054e-11,0.06684275191458161,2.3160988461706746e-11,0.10823125317031858,8.522403716881288e-12,0.0398251756753162,1.4024870354346406,4.672710468799794,10.5,2.240000834527584,0.7591840815135611,0.2054933514202168,3.548000000000002,1.0,3.0601640263563606e-10,0.6377950974027803,8.48935803520361e-11,0.17693401034442588,2.700405231159754e-11,0.05628146735275516,8.389740645469176e-11,0.174857798669448,1.9119338643731608e-11,0.039848257634329524,3.143734850327501,3.5248407670765194,10.5,14.69792226185424,5.5643778608844325,1.0,1.0864632857888273e-10,0.5770853206501613,3.8789234832887254e-11,0.20603271471855325,1.1913346503532915e-11,0.06327887446298895,3.527546911112069e-11,0.1873690134710421,1.1256267708043187e-11,0.05978873786704959,3.255947841472106,3.124375161600509,12.5,8.963200378157524,4.0637566449526386,1.0,1.062941407995105e-10,0.5101714980705017,5.564387815652884e-11,0.26706947780982027,2.255576588530804e-11,0.10825910803061038,2.6051372360149453e-11,0.125036691240004,1.9150967390349238e-11,0.09191736862958667,2.4669469633382355,3.3315686708047045,10.0,3.3906042673163452,1.8545483115661034,3.2489999999999952,1.0,9.29792101197499e-11,0.4607960204396581,2.784261175886141e-11,0.13798530532369593,2.3619728368246342e-11,0.11705710149544224,4.5163621173857175e-11,0.22382656164485007,2.087265250951993e-11,0.10344285781756325,1.1787862808910277,1.7565562404700006,10.0,2.8739756830851233,1.7673819504722164,1.0,3.8556889550601764e-11,0.416022460403141,1.4047625077579533e-11,0.15157155091376637,1.0492395589915299e-11,0.11321121282646365,2.467825283377063e-11,0.26627426594881565,1.0203514906086393e-11,0.11009423803284814,1.338838681519149,1.4956936248225212,12.5,1.7050518853061114,2.109793912415189,1.0,6.480022678511473e-11,0.4747266683176342,3.112622776841716e-11,0.22803084400918808,1.1501027439567719e-11,0.0842565637419938,2.9849000212859896e-11,0.2186738708593278,1.2592893092572432e-11,0.09225557500194287,2.706386706054766,2.3198643386614557,12.5,0.18893372500312539,5.151501399049005
sub-037,C,M,57,30,550.198,0,2,6.290999999999999,3.0,6.49903007070974e-10,0.7364468200603158,1.604760379124911e-10,0.18184570086721635,9.452915186492563e-11,0.10711705060063005,3.551897918944204e-11,0.040248835582009396,1.4864332215040248e-11,0.016843729099550134,1.6976354356992236,6.231377863051947,8.5,1.1337378782176315,1.2227357197394386,0.7826867749991145,3.0,6.451378299194444e-10,0.8192780094430319,1.4707870375895334e-10,0.18677923082288134,2.5092675513297905e-11,0.0318658684899963,2.5487428326701376e-11,0.03236717578308686,9.846331244486055e-12,0.012504122821795373,5.861419747009789,15.662611848018873,7.0,0.9572854662186536,1.0686699988310648,1.0917007727550794,3.0,6.54808126130149e-10,0.7818347077309815,1.4889423135173845e-10,0.17777830360733476,6.16365755013962e-11,0.0735934880305602,3.041497044204331e-11,0.03631518696436426,1.2347044095456133e-11,0.014742253839705401,2.415679815767274,8.731003366045773,9.0,1.0893287596243977,1.2425621950802517,2.4663544671812354,6.198999999999998,3.0,7.408486609713899e-10,0.7163261330775437,1.293698071376748e-10,0.12508759017315274,1.5895278577548953e-10,0.153691354759507,4.121501678320257e-11,0.0398507754044219,1.6985557453187845e-11,0.01642332547737219,0.8138882656665183,4.347444778757083,9.5,2.3181677501355566,3.70497531226679,5.567207688573783,3.0,7.448952646919417e-10,0.8710670160985355,6.982085392546825e-11,0.08164724058953637,2.243600932855935e-11,0.026236262499358752,2.730977704000189e-11,0.031935558090020556,1.200745561393162e-11,0.01404130087588698,3.1119996833212027,16.377590507490723,7.0,1.6650967699979409,3.898241191415578,4.479884780267705,3.0,6.911647282107887e-10,0.8267087704324572,8.515520902785946e-11,0.10185496348110909,4.22659992562297e-11,0.05055476769867867,3.234886935588432e-11,0.038692793365357206,1.3288732032852173e-11,0.015894780030116334,2.014744961112169,10.404359770092922,10.0,4.614343978504527,1.6355013504409008,4.943479702982176,6.1270000000000024,3.0,4.71690230105542e-10,0.6097261510607651,1.524400961302522e-10,0.19705032487112278,1.6137664828238855e-10,0.20860207896672212,5.299782291815842e-11,0.06850716109862687,1.9201139663879415e-11,0.02482018120370612,0.9446230154904536,2.91140228937018,8.0,1.5820397944988887,6.40772497986254,3.0,4.5994545051348844e-10,0.7737968929622273,8.803398256272858e-11,0.14810543751673128,3.5160982547094946e-11,0.059153664892361575,3.5524576264313954e-11,0.059765362841260855,1.4023265048477684e-11,0.023592273630673965,2.503740685995195,7.7523534126431946,8.0,2.9305909934799326,7.573877191807799,3.0,5.10944912069624e-10,0.7909043271878788,8.604105848043246e-11,0.13318509267927986,3.607507404144898e-11,0.05584150363183812,3.2235595523706916e-11,0.049898279417065414,1.7486718926114866e-11,0.02706812679856539,2.3850556309759567,8.73927856878406,8.0,1.4648860088968327,7.703656243350194,5.382999999999996,,,,,,,,,,,,,,,,,2.0,3.1112807776191915e-10,0.7024575498174335,7.958366413676441e-11,0.17968209785869582,3.3933738368497317e-11,0.07661478475986655,3.094237112138764e-11,0.06986094716949406,1.103152512800736e-11,0.024906714199222194,2.345266627347095,6.022428671676138,8.5,8.730482400084371,6.273515530322038,2.0,3.477994835791003e-10,0.7180953937318532,8.228206431470671e-11,0.16988631139729948,3.2277787732224026e-11,0.06664337293385625,3.1201697523838176e-11,0.06442158866342018,1.491376888042836e-11,0.030792192748559356,2.5491853716034476,6.775126580799342,7.0,3.387337337944584,5.563327796926382
sub-038,C,M,62,30,361.398,2,3,5.912000000000001,2.0,3.3626305209325005e-11,0.2768514314938296,4.9167436865098445e-11,0.40480436950326,1.9592928553106615e-11,0.1613121121490225,1.832611168853787e-11,0.15088218057571592,6.156299486352475e-12,0.050685923264289064,2.5094480762194458,2.183434537024369,11.5,6.948425086196395,0.9043675388413314,0.6841758468551417,2.0,2.3668726157602398e-11,0.33605457684698,2.2413269260593223e-11,0.31822928141431783,1.9013993121738913e-11,0.2699654966705918,7.94883587214582e-12,0.11285958769614879,4.060683663149201e-12,0.057654616519813684,1.178777604319625,1.709093486764582,10.5,0.8127626865358579,3.3246257094328158,0.5832958190956751,2.0,3.5762441212452734e-11,0.4140734417785887,1.4692744243562805e-11,0.17011912419407627,2.5865616725082695e-11,0.29948360844425326,9.754573829915939e-12,0.11294279198787459,3.940322543032888e-12,0.04562280598851458,0.5680415201279463,1.4164771347337748,10.5,0.7578898110502924,2.454870296329829,1.230382899162045,5.220000000000006,2.0,1.189894087665445e-10,0.389035099954987,2.2328801900930683e-11,0.07300387294508562,1.2563419743196713e-10,0.41076019338497705,3.533508145453823e-11,0.11552781956043241,1.0293298382714765e-11,0.03365387227902465,0.177728694554061,0.8779203811126869,10.5,11.104064189917068,2.308208670157508,0.6993435697686261,2.0,5.847013944265344e-11,0.4994465738317717,1.1978644157601006e-11,0.10232048085897792,2.7865934895161606e-11,0.2380282626768451,1.4056875598298643e-11,0.120072543408853,6.8279061257558e-12,0.05832334852387934,0.4298669397839177,1.6804403800943666,10.5,1.6692086890236815,2.089489070200688,0.2693384268329312,2.0,4.4560914369122515e-11,0.3661148183238062,1.5557744199876145e-11,0.1278232453688779,3.6752908683915846e-11,0.3019638325690905,2.3786817447022747e-11,0.19543374437919475,6.9147429861402405e-12,0.05681189239421792,0.4233064744256465,0.9930447726005692,10.5,5.044245896078975,4.823773101056551,0.5982689574432323,5.839999999999996,2.0,1.1222664987195118e-10,0.47716508655203815,2.5547930358460297e-11,0.108624648553881,5.335076378696595e-11,0.2268366902965661,4.857905990177495e-11,0.20654836751427014,4.83673248732906e-12,0.020564811286612635,0.47886719036442127,1.3516611257086868,11.0,2.4380313380286056,0.8054565777053728,2.0,4.935718079757772e-11,0.49781225155682496,1.7011990967119413e-11,0.17158146778151684,2.1667929719651163e-11,0.21854086286962235,1.3040281999966435e-11,0.13152315505949266,3.4248580823850985e-12,0.03454282205150559,0.7851230453129462,1.9122037257593507,10.0,1.3132092716451986,0.1684785628707865,2.0,4.718090996564797e-11,0.4272983534399332,1.299082323464427e-11,0.1176526137803262,3.331962421836184e-11,0.30176231395514597,1.8631830851996187e-11,0.16874093039803412,4.325628414978063e-12,0.03917546102139342,0.3898850464071339,1.1582299883381797,11.0,1.0568888770929976,1.7784833092187515,4.817999999999998,2.0,6.766360644471196e-11,0.3474487415250481,1.7194324979536766e-11,0.08829187342229877,8.064041116513516e-11,0.4140838901083781,3.1495223218856626e-11,0.1617261663459179,5.374603225138962e-12,0.027598279561064365,0.21322218886416994,0.7567436693109113,11.0,3.2335553525034717,6.196219031036098,2.0,6.996755647379074e-11,0.5620188685059174,1.3580845885267749e-11,0.10908901242893293,2.949870535294788e-11,0.23695023580055286,1.4346301349460555e-11,0.11523758235989032,3.1504772225021853e-12,0.02530640961439901,0.4603878618663033,1.9055397328624226,11.0,8.381416801728097,0.756533168408868,2.0,2.815716536536632e-10,0.8312313460197784,1.2761049586399548e-11,0.03767206068752665,2.7385016948719288e-11,0.08084366520451493,1.7420708052001017e-11,0.051427899132537584,3.4242109753635307e-12,0.010108657818262225,0.4659865506125364,6.5690869467089525,10.5,5.24880806313683,1.7901020144108717
sub-039,C,M,70,30,380.098,0,7,10.707999999999998,5.0,3.426562030376034e-11,0.22756026399709278,1.769848556714654e-11,0.11753682006353829,4.924536363245622e-11,0.3270417359876243,5.110817003457542e-11,0.3394127572294374,5.572208808649445e-12,0.03700540939584394,0.35939394618424486,0.5178104245269666,10.0,3.0163034433024563,6.248906847663321,1.0663525905541933,5.0,1.5360375164781886e-11,0.34931715003167413,6.919272216492628e-12,0.15735425893114055,9.870830668953403e-12,0.22447696756975713,1.29167882521661e-11,0.29374644899002644,2.408393566306272e-12,0.05477035343938964,0.7009817561003985,0.9777084415180297,9.5,1.148623367095916,1.3628042757227172,2.1773062348935563,5.0,1.543067044423917e-11,0.38097153156547536,5.715502880163289e-12,0.14111142440577573,7.973450367912463e-12,0.1968584326586394,1.1514176762451795e-11,0.28427627767428176,2.0888804436469396e-12,0.05157287136350234,0.7168167626858472,1.0851076523038543,9.5,1.9534073824285996,0.9767662591221208,1.395419673378569,11.815000000000026,5.0,3.082201712856511e-11,0.08536692941046556,3.9117950027440336e-11,0.10834395635903275,2.0755923474692733e-10,0.5748713482061475,8.602851647125454e-11,0.2382709172555233,9.494468072239008e-12,0.026296578265203208,0.18846643983408418,0.23822508556914912,10.0,11.826353228852268,6.7918946379295,7.9046746745335295,5.0,1.1991805008373821e-11,0.22526110826495827,9.38481918783212e-12,0.17628995548552437,1.9469933265985046e-11,0.3657346614857374,1.349607731524342e-11,0.2535182427614841,1.7907150245348446e-12,0.033637842737749134,0.48201599150973323,0.6484443770814731,10.0,3.19784254472314,1.4940204855148975,1.293567385741115,5.0,7.886274169190412e-12,0.18624637907417407,5.5440043462106435e-12,0.13093010880690895,1.690275678677857e-11,0.39918435250547535,1.2409360261717598e-11,0.29306594797339014,1.9219355876052277e-12,0.045389436928746224,0.3279940909134535,0.45818179878242826,10.0,5.224271363225446,4.490551163057569,4.067586865467135,4.075999999999993,2.0,2.6114072633911642e-11,0.17266988774790698,1.3511881803313952e-11,0.08934244562111916,1.9778123853038e-11,0.13077571137385344,9.091656667298412e-11,0.6011530097937762,7.1632018656411876e-12,0.04736408906398107,0.6831730807084855,0.3579752041305931,12.0,11.044918010905699,0.4191054775494595,2.0,2.2703083046297592e-11,0.4830130684715233,1.2960916879960009e-11,0.27574634773732953,4.0265925905949455e-12,0.0856666400198513,9.43413950097606e-12,0.20071338590720503,2.045579069894319e-12,0.04352014311606498,3.2188299631388784,2.6494844176112897,12.5,1.2077971250384352,1.5950807369784339,2.0,1.7105423612530078e-11,0.521248072819213,4.34521401273264e-12,0.1324103092345995,3.3479641654398183e-12,0.10202143534317114,7.685778746748288e-12,0.2342062640835617,2.1733272400907967e-12,0.0662271020679661,1.2978675392010397,1.9440943835629783,12.5,4.237442048758931,2.277284678800212,5.212999999999994,2.0,2.468064425556878e-11,0.20146024589425363,9.640267089780517e-12,0.07869043280566933,4.107670116716978e-11,0.3352960413825344,4.475784685166341e-11,0.36534406229687194,7.188043638265688e-12,0.058673713046890584,0.2346894179877673,0.3998496192677435,12.0,8.2879530363904,6.994568729514717,2.0,9.546577154300822e-12,0.20970588677764987,7.484276848601532e-12,0.16440415114838786,1.526176486752267e-11,0.3352491561746795,1.4922497276862807e-11,0.32779659911634246,1.2961782935503626e-12,0.028472636221084115,0.49039392976943424,0.5642295949271774,12.0,6.122997934361193,1.8208515007591821,2.0,1.0443886917287252e-11,0.33274306090049716,4.295394544624327e-12,0.13685160897211623,8.690097475093546e-12,0.27686719094976364,8.838189490527545e-12,0.2815854142415984,1.5396908360495884e-12,0.04905467147289436,0.49428611784105314,0.8408854493779285,12.0,4.160301925523335,2.9083057906837277
sub-040,C,M,61,30,189.998,2,5,5.334,2.0,2.280815960394522e-11,0.09625074342987876,2.2585411397881284e-11,0.095310742973743,1.3362610381633107e-10,0.5639039737224261,6.654212200305781e-11,0.28080865898045343,8.476794070228297e-12,0.035772186153078846,0.16901945617545586,0.22677710618659813,10.5,0.4366181389503173,5.484156475293173,6.782024255261498,2.0,1.350730199600794e-11,0.19901784244868584,7.665019963654313e-12,0.11293711623116426,1.7818150753342437e-11,0.2625342885206602,2.5906648925894697e-11,0.381710972023202,4.175064162548305e-12,0.06151578323789368,0.4301804418293218,0.4842177005951156,10.0,0.7717396490080748,6.379323458524076,4.177898928703726,2.0,4.844878778468127e-12,0.14086019478478648,4.6473268475223965e-12,0.1351165622305939,8.827390485622898e-12,0.2566478956650726,1.584162060919556e-11,0.4605798961648168,2.762839926701566e-12,0.0803269159104572,0.5264666670282074,0.3847825755765415,8.0,1.8317968999454615,1.1132838427583525,3.977194834786902,5.291,2.0,3.3771162190597867e-11,0.10803738121361406,2.9824659182834194e-11,0.09541211686813227,1.4048013839644934e-10,0.4494102447295662,9.391104096463408e-11,0.30043096756937165,2.350682071075423e-11,0.07520070928903004,0.21230516657569024,0.27132344120962704,10.0,7.632109811658717,3.235218528420585,2.7730246000473033,2.0,9.210943136336385e-12,0.12315190969647022,8.344709165061291e-12,0.11157021103353439,1.4740721559080333e-11,0.19708600774477478,2.6285294767199544e-11,0.3514389568583089,1.9304946362646022e-11,0.25811048618560917,0.5660990970907338,0.4279151102992205,10.5,1.974090544979981,1.1065400469878945,2.0339827453056714,2.0,8.567288287984615e-12,0.1283328385681174,5.984046308252489e-12,0.08963742354020393,1.0982650452600088e-11,0.16451351468588746,2.5440382482675047e-11,0.3810816665104105,1.8724409124737004e-11,0.2804804148890774,0.5448635858965898,0.39950914088058725,12.5,2.2147684650761987,1.3138168345589583,2.4521159793389073,5.043999999999997,2.0,2.5412916495420385e-11,0.06515928116262402,4.53647515472903e-11,0.11631622846103301,1.894515450187876e-10,0.4857579605551094,1.3892227376597285e-10,0.3561997890993468,1.4536174983320384e-11,0.03727107484644518,0.23945305667890726,0.21553992429921276,10.5,1.7479561389238853,1.4382039186116495,2.0,1.2958447774219193e-11,0.09484006634608817,1.8137086494417513e-11,0.13274139900285567,4.237800841243598e-11,0.31015544450058047,5.936440037542476e-11,0.43447516001122805,1.2116836844917189e-11,0.08868049864451565,0.42798345589773207,0.3056300183876405,11.5,0.28257947494433294,1.4678711410120473,2.0,7.0260803145059114e-12,0.06793086760444256,1.3704415087310378e-11,0.13249959653469645,4.838211406421328e-11,0.46777703040678004,3.065322904261411e-11,0.2963672987687594,9.331548490723217e-12,0.0902210274708953,0.2832537468106856,0.26229398882720234,9.5,2.0367756208622607,1.1540898830651154,5.263999999999996,2.0,2.0615486398318837e-11,0.0763293388888474,1.962165303992903e-11,0.07264964675130155,1.3791773698496303e-10,0.510643769528845,8.452292504485808e-11,0.31294818201096314,1.73264942370178e-11,0.06415176556207002,0.14227070041084236,0.18088931704785857,10.0,3.895830580057062,2.3579148818936653,2.0,8.66489001095353e-12,0.11125040835245177,6.346749653966735e-12,0.08148729987593699,1.2978175821963895e-11,0.1666296234618347,3.0875636639852996e-11,0.39641901743511804,2.261618075582542e-11,0.2903740660617524,0.48903249124007686,0.342310937686222,12.5,0.8884806002961037,0.5400755025819978,2.0,8.474015644093989e-12,0.13129442117753998,5.2638954867146696e-12,0.08155756846506976,1.6754305191424264e-11,0.2595872954132469,2.3559448125099295e-11,0.3650245922077133,1.2518859143718956e-11,0.1939642825917237,0.31418166414976184,0.3407747976960966,10.0,1.232147044801867,1.0297077939685662
sub-041,C,F,77,30,342.298,0,7,5.774000000000001,2.0,9.32553752908818e-12,0.18454680303521664,1.1549665723043933e-11,0.22856096805838366,1.7737690803602756e-11,0.3510182786591731,1.200559539429964e-11,0.23758354321576067,1.8040683921184544e-12,0.035701433100650194,0.6511369405930814,0.7018458926574264,11.5,3.7865768785111102,3.32102708371466,3.500440502470348,2.0,1.6315633908896471e-12,0.1810778010118062,1.8367348836238466e-12,0.20384860044385317,1.7877186827733874e-12,0.19840857530384653,3.693462690285259e-12,0.40991609998758544,4.621521074988971e-13,0.05129159420109368,1.0274182964706828,0.6327647341795752,11.0,4.076421618860404,1.0897782302866317,0.7145906353231615,2.0,6.7679583353126235e-12,0.2678401651109669,4.300230196794323e-12,0.17018047524244323,6.372336089572184e-12,0.25218351913727444,6.8670435109548195e-12,0.27176143478923676,2.3582794202033024e-12,0.09332828572383213,0.6748279024126339,0.8360050747141028,11.5,1.5289117407392374,1.5988152033685021,0.20584758624654867,5.575999999999993,2.0,9.375931654118408e-12,0.09379443154398392,7.699386113843982e-12,0.0770226970957525,5.628343508338739e-11,0.5630451451371441,2.8116450889302414e-11,0.2812698114152824,2.5346598539662865e-12,0.025356091419000314,0.13679666321781647,0.2023144648973535,10.0,6.589884349836635,1.9216138622822527,1.2205417975607973,2.0,2.248423874793106e-12,0.11652197279240552,2.829828010243095e-12,0.14665257121372388,9.920874432718317e-12,0.5141378695031191,5.144438885796179e-12,0.2666046089454971,6.181801689249638e-13,0.03203647391927265,0.28523977694048114,0.3370823943498931,11.5,1.3669273586309323,0.7295368856968808,2.1858524488509756,2.0,1.8932481711553378e-11,0.29959738675720843,9.058509599804645e-12,0.14334654301345082,2.3424904123652072e-11,0.37068780350130326,1.3307274639389863e-11,0.2105811994202932,1.9263087910532398e-12,0.030482907031401357,0.38670423375002366,0.7620291595531803,10.0,2.8180182039650976,1.8428199232570392,0.3904608863979641,14.083999999999989,7.0,1.2307042303663697e-11,0.13163219582180363,5.970816264758638e-12,0.06386194476188226,5.088850158321654e-11,0.544287168289494,2.5165326342717486e-11,0.2691602972777675,2.6291502835151916e-12,0.028120552154240752,0.11733134360410927,0.24032792387810453,10.0,4.82726298382001,3.580137708646647,7.0,2.1358824946303346e-12,0.13742334476949208,1.441172823079582e-12,0.09272550818520803,7.61776880870692e-12,0.490129617151246,4.368838342910409e-12,0.28109241933923135,6.063862193965751e-13,0.03901507817078061,0.18918568668457847,0.2984210020787469,10.5,2.284152263844426,3.088512520346215,7.0,9.374750614070594e-12,0.21196179340548774,3.982251580743095e-12,0.09003814838330255,1.8100950558083347e-11,0.4092599473394929,1.2038642416891108e-11,0.2721920125556952,2.29717674191407e-12,0.051938843178897055,0.22000234562072432,0.4431712865500304,10.0,2.557266534384514,2.029894080282772,5.11699999999999,2.0,2.1848055257957937e-11,0.21382274545117846,5.3872185996296514e-12,0.05272367987530118,2.618610621214581e-11,0.2562784218937623,3.181361950107044e-11,0.3113538200147264,1.9145122357841556e-11,0.18736965721749282,0.20572812757976658,0.4695759078629842,10.0,12.000101424101835,7.088976500366128,2.0,8.660553598078986e-12,0.20045821467679734,2.0522904857837943e-12,0.04750256229228228,8.616938836860017e-12,0.19944870217063965,1.0342992134879366e-11,0.23940013929755774,1.4527892520355597e-11,0.336264346691746,0.23816932261429885,0.565025479250465,11.0,1.6606772195934723,1.7606018717958891,2.0,2.81170585673326e-11,0.2509946102570394,7.957178018621962e-12,0.07103192500549574,1.3025049868224438e-11,0.11627166858242378,2.4398152410512823e-11,0.21779677773205508,4.1537069370286866e-11,0.37079200560216397,0.6109134398044863,0.9639537610187586,10.0,7.982980588131166,1.8857351191424623
sub-042,C,M,74,30,208.398,1,6,11.791000000000004,5.0,8.396950122730975e-12,0.09784039554957985,1.1017976129645253e-11,0.1283803198690094,3.973421034830459e-11,0.4629789150234878,2.6450919620334385e-11,0.3082033834282158,2.607960111147912e-12,0.03038768185147323,0.27729193642111416,0.29334272307957626,10.0,5.015817053692072,18.665970950116712,3.6051167082659887,5.0,4.8871769144836304e-12,0.2515196894893287,3.197332496630378e-12,0.1645514559465425,3.825429190039409e-12,0.1968765974463986,7.258268407132941e-12,0.3735484611948349,1.2309141524036865e-12,0.06334928135772369,0.8358101373188507,0.7294054479776237,9.5,1.6600107168407179,2.182923137188209,1.7360908259824992,5.0,9.344692028350912e-12,0.2691872803181652,5.8772514882264805e-12,0.1693026735457616,7.672222641307713e-12,0.22100939662251629,1.1073252453084223e-11,0.3189809469460087,2.404063762394459e-12,0.0692525108315018,0.7660428747965422,0.8120329540824134,10.0,2.016686569342314,2.4984374948460353,3.207774445723373,5.625999999999991,2.0,2.295818958018596e-11,0.13692239839408515,8.93464921769121e-12,0.053286152874699275,1.0974504074486216e-10,0.6545182553772348,2.958555617655069e-11,0.1764479422633746,3.0176620022546163e-12,0.017997304075230678,0.08141278327521598,0.228900467683102,10.0,6.394323934701931,1.8036074582747463,1.7865525240248823,2.0,3.904510670071482e-12,0.23820537878984738,2.267762554365873e-12,0.13835107236581454,4.454632119703222e-12,0.2717670461440691,5.8247870847684244e-12,0.3553571064699054,1.0287458809316995e-12,0.06276146307505016,0.509079648650528,0.6004496072844618,11.5,1.1891080387486141,1.3779605208257535,0.21309365050037946,2.0,6.957537465022108e-12,0.20694960776382978,4.294776690476403e-12,0.12774668566222466,1.182019316995916e-11,0.3515876633814109,9.376226223244447e-12,0.27889268997263067,2.114639962966078e-12,0.0628992532340117,0.3633423437944747,0.5308591959218564,10.0,7.99177242890782,2.2265116731568253,2.364650786860007,5.893000000000001,2.0,1.4103470396904563e-11,0.10209105169128148,1.67805801170821e-11,0.12146989527618121,7.523049257772514e-11,0.5445723563328636,3.894523287498241e-11,0.2819135766358236,3.2387058603408305e-12,0.023444079938897994,0.22305556619538383,0.2704957677433727,10.5,0.5303985922053887,2.316914718310394,2.0,5.773161840967195e-12,0.24736638088533666,2.52627019958358e-12,0.10824472509587112,7.542802559059154e-12,0.3231913156369317,8.013800382820211e-12,0.343372462515905,9.427619457685948e-13,0.040395127832086784,0.33492460922889283,0.5334989953499536,10.0,1.2630586070531438,1.6174357787557747,2.0,2.875330704934914e-11,0.41527395845705434,5.3898300292660175e-12,0.07784343024691016,1.879529041767645e-11,0.27145380664222135,1.7404719559893518e-11,0.2513702780367836,2.2867715693996723e-12,0.033027042074909724,0.28676492405762627,0.9431803223195442,10.0,1.4241785879863262,3.8270385341330417,5.569000000000003,2.0,9.186747958285848e-12,0.03520905752743601,1.891048562814606e-11,0.07247617757409137,1.9627653994374754e-10,0.7522479137933121,4.1359930782497335e-11,0.15851574342346933,3.5064910096696377e-12,0.01343894969574542,0.09634613303029371,0.11823620128915176,9.5,4.373527335245336,10.789632813600242,2.0,5.566176710941615e-12,0.14456351046506294,7.297068764963259e-12,0.18951785607065233,1.5358840869278795e-11,0.3988964181414956,1.1481072035993642e-11,0.29818386364969246,1.2679142343580932e-12,0.03292998807010945,0.4751054345226709,0.4792580930237675,9.0,1.1561256737160606,3.316344877103915,2.0,1.199823516870327e-11,0.11430007687477257,1.6377119174416283e-11,0.15601511008101057,6.334668111316827e-11,0.6034662947666969,1.754081177596224e-11,0.16710091994763634,2.1132304986443687e-12,0.020131494761764235,0.25853160554944793,0.3508002699751444,9.5,1.1293117545724822,2.66960470646146
sub-043,C,M,72,30,304.598,2,8,12.973999999999993,6.0,3.072407110898066e-11,0.1588387213993564,2.8932639802298356e-11,0.14957729711678397,6.422397382199972e-11,0.3320280651899136,7.048974579082007e-11,0.3644211424151659,8.362186583148663e-12,0.04323121829326654,0.4504959453690418,0.44284064817405494,10.5,6.533787481113452,8.796304656556625,4.0463387560385575,6.0,9.345493506322563e-12,0.19357839781971525,7.559848684927818e-12,0.15659134482280146,1.1392164942819534e-11,0.23597224007881276,1.770964092963085e-11,0.3668296291470417,5.075498394075729e-12,0.10513161735086714,0.6636007047714649,0.5809035447952752,10.5,3.8684022746946893,3.860746607859208,1.9280836383439433,6.0,7.190618362783219e-12,0.1757765104505455,9.261673822364262e-12,0.22640399243719886,9.448784794653941e-12,0.23097796815343452,1.2158186201612419e-11,0.2972099805753288,4.823300178804806e-12,0.11790681016724693,0.9801973506269773,0.7614344550187254,10.5,9.993301753181271,2.5395357471063167,1.6767551967454752,6.512999999999998,3.0,3.5328457865445707e-11,0.13453625066011232,2.7022274191369225e-11,0.10290501407852688,1.5258034345619458e-10,0.5810496289198738,4.646281831206252e-11,0.17693762333512028,9.253867483861479e-12,0.03524016361331044,0.17710193580162736,0.3132523192603267,10.0,23.718861659610322,9.120273571868893,3.5443329659458853,3.0,9.464590401402179e-12,0.1560740283664205,7.1050322210532524e-12,0.11716418285240447,2.1577425097027715e-11,0.3558184257153798,2.142282945162805e-11,0.35326909562056047,4.396649864611239e-12,0.07250211858982218,0.32928081961141736,0.3853377798893382,10.0,7.7162873943777335,13.852026575934229,1.3761736312842918,3.0,6.028951806139419e-12,0.1277620004280868,6.163941171329164e-12,0.1306226156540365,1.8211979827363245e-11,0.3859375641600682,1.5482152747527597e-11,0.32808867437670547,4.51037879993759e-12,0.0955812945098759,0.3384553041327186,0.3618699175700054,10.0,3.462400711549142,9.42302964148045,0.8696528823831973,12.873999999999981,6.0,3.7488627764615366e-11,0.13288023112432273,3.3729483296276794e-11,0.11955576406410054,1.3157284304450507e-10,0.4663662245311702,7.335030388743308e-11,0.2599936544703617,1.8163102509751683e-11,0.06437998410036849,0.25635596613860245,0.34753570851879456,10.0,5.523483820465314,5.626325943505988,6.0,1.1264737740913692e-11,0.15193263124275685,9.34846669597849e-12,0.12608701381893767,2.699453409635973e-11,0.3640875348154874,2.256786059567872e-11,0.30438297993993824,7.722752864885588e-12,0.10416027342900533,0.3463096144800347,0.4159041257988978,10.5,1.3865429685084243,2.4017064098066276,6.0,8.973557568906151e-12,0.1618304844605265,5.40188810690846e-12,0.09741846114317775,1.9383185250659073e-11,0.3495592729433678,1.7950021709749822e-11,0.3237133864757582,6.319913487341114e-12,0.11397426868346247,0.278689391710002,0.38505788401889707,10.5,1.7298300377104647,1.5772178967257988,5.5390000000000015,2.0,3.970241788682216e-11,0.1772195594855583,3.702422460078097e-11,0.1652649164277375,8.555662059173478e-11,0.3818988217685575,6.016528559909535e-11,0.26855959857632544,8.966110131139501e-12,0.04002199796166438,0.43274529013313673,0.5265278535893275,10.0,3.598191678767094,5.869094589761682,2.0,1.3265192277554375e-11,0.183351988963076,1.3867319863168245e-11,0.19167461920633638,2.543094157497454e-11,0.3515074355058665,1.974055352478493e-11,0.2728546768316183,3.510732135410761e-12,0.048525472249153496,0.5452932138704003,0.6006556143603734,9.5,1.056149267172981,3.141155860634919,2.0,9.113640143426375e-12,0.15223456165172553,1.168054552586085e-11,0.19511223835901015,2.515052727588654e-11,0.42011528158877703,1.3395449192217547e-11,0.22375804879415834,3.3821249908617874e-12,0.0564951333750618,0.46442547298241954,0.5394644934340667,10.0,0.49759787765212987,2.087948751300932
sub-044,C,F,64,30,537.698,4,12,11.271000000000011,5.0,6.116418058186298e-12,0.17744015922954975,6.5234185450677785e-12,0.18924743442096614,7.208257217337946e-12,0.20911492580205818,8.729635213972363e-12,0.25325081569758856,7.41245326073742e-12,0.21503874888121352,0.9049924757647476,0.7930682590392483,10.0,1.0792042887300977,2.28154286008406,3.071578615936317,5.0,3.852367786569991e-13,0.12782299290127327,7.330846470518174e-13,0.24324020661477,6.420296375320802e-13,0.21302781652044409,7.576227060694756e-13,0.2513820256657952,6.847769873149746e-13,0.2272115458281595,1.141823685694241,0.7989994306951793,7.5,0.6601662533723601,2.0819089546219907,2.300818473865399,5.0,2.639210651057343e-13,0.10251003644002744,6.062579524568897e-13,0.2354776977484314,5.211648893977349e-13,0.20242655425030678,6.92193926420246e-13,0.2688562377257676,6.319080587933224e-13,0.24544049982406294,1.1632747423900516,0.7171654470371952,7.5,0.40440527220816896,1.7070160378688533,3.4717705171503273,4.967000000000002,2.0,7.882491690825741e-12,0.14711020106389866,6.500933606335683e-12,0.12132631247098896,2.053229113343506e-11,0.38319221832579153,1.4278974385269643e-11,0.2664871559900403,6.525803356202722e-12,0.12179045427371452,0.3166199799178512,0.41318306251845277,10.0,11.082126205225583,4.1506263110788915,1.153941104747493,2.0,7.581371706001135e-13,0.18885254490716616,8.125249471995333e-13,0.20240058135881844,9.61862160934368e-13,0.23960059470316444,1.247430194972201e-12,0.31073580883531393,5.587845029710791e-13,0.13919364401727233,0.8447415650598354,0.7109344825280653,10.0,3.63666925235887,0.9397821529022603,1.5998233356302658,2.0,5.874742252639879e-13,0.17182414627532464,6.875997096722798e-13,0.20110879424626718,7.147367866333696e-13,0.2090458319591162,1.1912386388140017e-12,0.34841283808224754,5.140025497478299e-13,0.15033519003165505,0.9620320690517221,0.6689876049356627,7.5,2.2472979569165283,1.3575160111268851,2.0582510258720457,5.555,2.0,6.1199687707707664e-12,0.16942464684449426,5.453482559660059e-12,0.15097370449925496,8.428775686723594e-12,0.2333414429947741,1.1624433804853878e-11,0.32180974542890173,7.522070018757614e-12,0.20824028752471274,0.647007674940264,0.5771371079174024,9.5,1.6278437062801276,2.317504135605264,2.0,5.217426598553217e-13,0.16301488734558997,6.186152500732559e-13,0.19328205849396998,8.059761734290977e-13,0.25182168379945613,9.471669149354402e-13,0.29593575495338303,6.526467083692047e-13,0.20391495238433843,0.7675354067122134,0.650464823719773,8.0,1.170990758432428,2.0723116168882743,2.0,3.63301981387998e-13,0.1300128999319275,5.323466057793899e-13,0.1905079782991339,7.419477622765107e-13,0.26551680176099435,8.672894036726515e-13,0.31037213180318374,6.052847187023198e-13,0.21660994322771215,0.7174987685736746,0.5565671773676165,8.0,1.2899998778828985,3.3636070796629065,5.260999999999996,2.0,7.100143504989019e-12,0.1391518218225472,4.699360656761332e-12,0.0921001943594593,1.9094042982247515e-11,0.3742136852685871,1.710267047399099e-11,0.3351858667101988,6.016794473375112e-12,0.11791985780480012,0.24611658521615948,0.3259827491248851,9.5,5.070306821157675,0.7809496421483855,2.0,5.108884274036317e-13,0.1343164600014205,3.639039219987621e-13,0.09567311366184084,1.0365669583476153e-12,0.2725213509087637,1.5777079495940655e-12,0.414791440437447,5.729441054328604e-13,0.15063137055485276,0.3510664883423054,0.3346214075439953,9.5,2.5969854483729438,0.726755495506042,2.0,3.0410801796270553e-13,0.10149028548079637,3.2546371735337656e-13,0.10861734527461961,5.297079688412236e-13,0.17677999198870675,1.5402030346408736e-12,0.5140135624548414,5.339302794678984e-13,0.17818910811053942,0.6144210329048913,0.3041540115768206,8.0,4.741472935814914,0.8323677352431839
sub-045,C,F,70,30,468.198,0,11,5.489,1.0,5.695972490866233e-10,0.8182942727362406,7.945533339177108e-11,0.11414704750961158,2.8480511063566622e-11,0.040915645441211485,2.2549240170475685e-11,0.032394668541048534,1.2093045132839499e-11,0.017373099304836208,2.789814172029147,12.719101441462776,7.5,3.6235779883643007,1.742334080106518,0.43401420450673994,1.0,5.280352325207714e-10,0.8193002012019455,7.59536005847413e-11,0.11784971230805671,3.0031449619231434e-11,0.04659683899872064,1.7577752236394177e-11,0.027273664818169466,5.828052336089016e-12,0.009042814110676539,2.5291353413756754,12.686388546002142,7.5,3.8761720044531427,7.269074699712638,0.6933172711620393,1.0,5.109932130060348e-10,0.8002390415613305,8.594939749642755e-11,0.13460073778808238,2.8538328348250224e-11,0.044692344132751916,1.9483917047224943e-11,0.030512716621047608,6.30978008780441e-12,0.009881407896248785,3.011718011216217,12.430543503047202,7.5,4.357361844659119,9.826320473058319,0.6412637772723656,15.908999999999995,7.0,7.032908860378367e-10,0.8066549537707489,7.712814420406809e-11,0.08846382177346888,6.484016036782064e-11,0.07436984838330238,3.363657991823238e-11,0.03858021532428631,1.3829046490266367e-11,0.01586152910376149,1.18951192851068,7.924907221491706,10.0,2.6521663091953602,3.14814950076691,1.1574236716622823,7.0,6.902938951729285e-10,0.8663874320409438,6.650225721467948e-11,0.0834669410464925,2.6221423501916386e-11,0.03291049208336433,2.2934699118043634e-11,0.02878532638411313,8.314370466653911e-12,0.010435361123738135,2.536180280594575,15.395765818199587,9.5,0.6997768247424454,2.5242901954249755,1.947248235524752,7.0,6.751521848346024e-10,0.8527762117306381,7.057046034251964e-11,0.08913665864196842,2.625842493316952e-11,0.03316668544293806,2.6202150647445705e-11,0.033095606102197785,1.0843002867777938e-11,0.013695660203829962,2.6875359250270705,14.214915427894677,11.5,0.5754910750719512,1.9164122451587855,1.8765594870444358,15.023000000000003,6.0,8.452009729091534e-10,0.8791716144490804,6.756089646857518e-11,0.07027632992122548,3.759793225019714e-11,0.03910908275765307,2.5411261790955976e-11,0.02643260096713626,1.4811258074013776e-11,0.01540655783692798,1.7969311721450039,14.486169570453125,10.0,0.855206823464463,2.099627772877535,7.0,8.285047819347378e-10,0.8959265259358713,6.53706162633149e-11,0.07069032117148612,2.738662314772959e-11,0.029615281249870982,2.0994980166441026e-11,0.022703501600421314,9.613138796481534e-12,0.010395433114047462,2.3869542407872317,18.47552245000205,7.0,1.2586450529594362,4.345304167474841,7.0,8.648206560397899e-10,0.8909417643597666,6.693892693228542e-11,0.06896075532989573,2.7772198920344686e-11,0.028611032511119704,2.4387731449547086e-11,0.025124340329576902,1.2725124693114262e-11,0.013109475319076594,2.410285448562336,17.86351278394179,7.0,1.1958922842804938,3.443668726694332,6.3799999999999955,3.0,1.0117766199697645e-09,0.7948228040823436,1.5161494044573554e-10,0.11910436525945642,6.68513054083792e-11,0.052516475447753445,4.8857281618844035e-11,0.038380884485441885,2.0181281174553224e-11,0.015853837869481465,2.2679428549607947,10.054496302351216,10.0,1.8028257998524795,5.129958758247852,3.0,1.0077209040588477e-09,0.8403814258789812,1.4706979772763718e-10,0.12264777461723425,2.1836616721881258e-11,0.018210485684274077,3.189574130808973e-11,0.02659921854552922,1.2987205169500564e-11,0.01083058409780731,6.735008431057304,21.491532181453167,7.5,1.4475227673460538,5.061299736950871,3.0,9.912835108994403e-10,0.8170923582288747,1.583480082780787e-10,0.13052264673239988,2.5324122817761307e-11,0.020874096064068735,3.961584092379579e-11,0.032654432892032625,2.068642726177132e-11,0.017051349537040256,6.252852642422815,17.702989853100796,7.5,1.7607524034463686,2.9462220971466953
sub-046,C,M,63,30,533.998,0,5,11.03999999999999,5.0,1.2393151667195357e-11,0.13345490205414304,1.4060775505643748e-11,0.15141260821313246,4.417704229640646e-11,0.475717800526432,2.299681185779741e-11,0.24763977367949455,3.385100625950847e-12,0.03645225077616791,0.31828241038190797,0.39381285331807286,10.0,2.0607271002857384,5.906210857996053,1.630084722409973,5.0,1.1116082937925942e-11,0.2184115761377786,6.060602416404166e-12,0.11908023118422709,1.5746289898430533e-11,0.3093870398631877,1.7290672672279985e-11,0.33973145863732734,3.046637632309841e-12,0.059861097736431404,0.38489081907530737,0.5199232622419833,9.0,3.0041160450820983,1.2913929753306563,1.046943319516327,5.0,3.245253736644478e-11,0.2977527831965328,1.373510299788898e-11,0.12601988864331792,2.7177658130445286e-11,0.24935564383545386,3.254713580109241e-11,0.2986207260289935,7.941817265777295e-12,0.07286635765400935,0.5053821389600334,0.7733411423282345,9.0,1.8472802204623135,0.9997433762117459,0.914128220110222,5.586000000000006,2.0,1.590223349720591e-11,0.12914651409335698,2.0683721565375676e-11,0.16797832449858116,6.307750084063059e-11,0.5122701381991129,2.6614145736174616e-11,0.21614096837425062,3.717057043640718e-12,0.030187266458935075,0.3279096554195203,0.407908166021371,10.0,10.404849206163329,1.8471345855536108,2.2237180891567303,2.0,6.74652881831307e-12,0.13233854440258205,8.063315697409933e-12,0.15816836942238696,1.7463625231106543e-11,0.3425629394487231,1.960772837172779e-11,0.3846212328793543,3.146953510093832e-12,0.06173000339047662,0.461720610165603,0.39949565031773476,10.5,2.4109945884815907,1.6071296139340117,1.2542469067496715,2.0,1.559906084877545e-11,0.13403716241442595,1.1244619104034777e-11,0.09662099864519624,3.3300925682392076e-11,0.28614296895905195,5.237689343664685e-11,0.4500559514697984,7.880346041344139e-12,0.06771300095982645,0.33766686281578023,0.3133095616674625,10.0,1.4426538497325083,3.677543109141822,1.4056738394396706,5.482999999999997,2.0,1.2692677493574617e-11,0.1263656171760645,2.1711298858991728e-11,0.21615310728562523,3.2136760177010585e-11,0.319946798921102,3.727798046819766e-11,0.3711317026156017,3.253827712428557e-12,0.03239442168713129,0.6755907795124652,0.4956292573131048,12.0,5.262950714149801,0.7301264116938267,2.0,6.4797547194139795e-12,0.11884796334916431,9.262616179781733e-12,0.1698896201971723,1.584859610147597e-11,0.29068590558845603,2.3110366793613568e-11,0.42387715964679756,3.1307486728324615e-12,0.05742240557492705,0.5844439545606889,0.4040757178672205,9.5,1.359034095890817,1.4019660591994016,2.0,1.9962797190223214e-11,0.1535003967321812,1.7850113295060888e-11,0.1372552877433501,3.773930759543415e-11,0.2901897280774902,5.0511874298025625e-11,0.3884021197305117,8.728261834944945e-12,0.0671144249816137,0.4729846526707465,0.428469168049594,9.0,1.12268089504963,0.43573859807106724,4.624000000000009,2.0,1.8960045279906854e-11,0.2381165027989646,2.1269159668980566e-11,0.26711634086747904,2.106047060375435e-11,0.2644954446802366,2.1052120744743405e-11,0.2643905799925632,2.9125441393389946e-12,0.036578226183984555,1.0099090409304061,0.9552773567405388,9.5,0.8740988439366493,4.950418095380881,2.0,1.4809912345200363e-11,0.2872591797972111,6.888020923036888e-12,0.13360290018319054,1.2378455640552734e-11,0.2400976407948641,1.8365735350739208e-11,0.3562293921972983,2.3864205822554748e-12,0.04628799976200104,0.5564523655496428,0.7057571713102818,10.0,2.3918713625584984,1.1635371965823558,2.0,8.886203351407079e-11,0.48110034356854764,2.414040811706161e-11,0.13069652110948254,1.9341757454474242e-11,0.10471655653810388,5.447551314793695e-11,0.2949312215255066,5.67680705819623e-12,0.030734316086049353,1.248097964928069,1.5308401504002676,10.5,3.600323400429401,1.3325074729919284
sub-047,C,F,70,30,430.398,0,6,6.201999999999998,3.0,6.898526903380739e-12,0.09294846730248682,1.1422126903424852e-11,0.15389795587918212,1.946518813792992e-11,0.2622674997887557,3.0841679955551e-11,0.4155505836321993,9.97463653363718e-12,0.13439494991990414,0.5867976627036892,0.36417798406296925,10.0,9.399726244016692,1.8566336536925632,3.6249517614459212,3.0,3.646462078306763e-12,0.18303557081329638,5.410395585126836e-12,0.2715768937076875,6.3962425677797384e-12,0.32106186333836845,4.949537231880723e-12,0.24844393086891103,1.547874033228358e-12,0.0776961342624437,0.8458709199649522,0.7982578388930692,7.5,1.935400542531727,2.4448955724871575,1.8081878768403543,3.0,9.23988603854801e-12,0.2002072671568945,9.958167790651944e-12,0.21577079532568919,1.1395905363557247e-11,0.24692329105553806,1.4146367425810353e-11,0.30651953397510373,4.967250519395077e-12,0.10762899538185532,0.8738373541164165,0.7516188550453297,7.5,2.524908028209565,1.3929934978515341,3.5468926275434645,10.752000000000002,5.0,6.233460295841031e-12,0.05031212602529152,2.7009002693331194e-11,0.2179977545105987,6.385278565709446e-11,0.5153749677669547,3.1683172509987075e-11,0.25572437980668156,9.251400858876405e-12,0.07467082869410968,0.42298863574059775,0.34795760284347527,10.0,2.8668690363463623,4.077453655290299,1.6726453206006808,5.0,3.6295349813316587e-12,0.1457031108245238,6.8244873396349966e-12,0.2739604495567021,1.0167509907242882e-11,0.40816188036323076,5.919918288937751e-12,0.23764766422192107,1.2026421704898971e-12,0.0482785553384706,0.6712053788876602,0.6498255776798791,8.0,1.2221193193518667,1.5826052167202793,2.709895190715779,5.0,5.619652344392634e-12,0.10069305772780102,1.2819348501168642e-11,0.2296973761996097,2.5493706366950772e-11,0.45679680691714125,1.3798221042061632e-11,0.24723683651278144,3.9575075525668585e-12,0.07091070977841636,0.5028436554751896,0.4692821671387878,8.0,2.2761890403259586,3.4350902176803113,1.3107919096422658,5.175000000000004,2.0,5.8414704898127425e-12,0.030851680822636965,7.073547194684352e-11,0.3735888432798647,1.0066999606188584e-10,0.5316877988742497,4.1417341634387877e-11,0.21874536674535347,1.1829052081702285e-11,0.062475046291079896,0.702647012158018,0.5389427635018915,8.0,10.263090958350817,2.4809440939289815,2.0,3.000879233225389e-12,0.09933536724950301,1.4049901169917858e-11,0.4650810592710674,1.0803329886721718e-11,0.3576127722612793,7.1921004121636076e-12,0.23807353785766786,1.5287443783232455e-12,0.0506046303263371,1.3005157962626388,0.9475061234962193,8.0,3.307284972767885,1.2084836175926739,2.0,6.145987595750701e-12,0.0755045502385668,2.8601570527888736e-11,0.35137537868087876,3.65193005908197e-11,0.4486461001065637,1.958560897402878e-11,0.240612688147128,5.02446529367409e-12,0.06172644937494581,0.7831905339139671,0.6193318622762721,8.0,5.338066183012514,1.3288990062950603,5.302000000000007,2.0,1.0024984962335353e-11,0.05179240340935544,7.86379992575702e-11,0.4062700339356804,9.987525367455862e-11,0.5159887469516397,4.580074736670939e-11,0.23662187953187622,9.923676721867302e-12,0.05126901137647692,0.7873621979856036,0.6086313708926465,8.0,6.70022292642767,3.2863393346716783,2.0,4.165420030014173e-12,0.09221589736446319,1.8776035339239284e-11,0.41567211356328265,2.0288749484261054e-11,0.44916124343108726,8.529191525107485e-12,0.18882298654488508,1.4871963706810488e-12,0.032924206176407886,0.9254407401404776,0.7960823905425904,8.0,3.6243113954799657,4.98390450465968,2.0,8.003785249645302e-12,0.08440385694758966,4.28086107828012e-11,0.45143788194426143,4.0609848046479407e-11,0.42825084610188674,1.889954205482986e-11,0.19930497810913994,4.960699471648072e-12,0.0523130188411193,1.0541435844282212,0.8538550965812802,8.0,5.162161298207567,3.2470110075572474
sub-048,C,M,65,30,371.998,0,4,11.619000000000003,5.0,3.902676366451314e-11,0.13533521931301448,3.299348043982146e-11,0.11441327673508983,1.3939888113828345e-10,0.48340104019418895,5.7420805881035066e-11,0.19912123443907545,2.9220400780967494e-11,0.10132916431659614,0.23668396884112708,0.36591991987704753,10.0,2.314879479133547,14.776520008081018,1.9415741033691607,5.0,3.6365015855479086e-11,0.25183792250529113,1.5623645856946388e-11,0.10819812454389321,3.758502576884956e-11,0.2602868329427326,3.80098061787386e-11,0.26322855628399394,2.3684698303625866e-11,0.16402317105138933,0.41568804430341116,0.6877277238802587,10.0,1.2890036499605277,2.861009776215384,1.5452482129177079,5.0,4.50432642792264e-11,0.19983270621255242,2.4648405173525487e-11,0.1093516997150827,8.287893319874563e-11,0.3676891933596589,6.045270170220233e-11,0.2681960815300561,2.666003900959934e-11,0.11827623570961919,0.29740253912798364,0.4862267112275223,10.0,1.4423678400877458,4.081279766767026,2.6672428366077616,6.4019999999999975,3.0,3.1251882582212944e-11,0.13773559859039297,1.5611266301429387e-11,0.06880312259989137,1.1734041692933903e-10,0.517151327510983,5.447849752443394e-11,0.24010164658380778,1.3358754174103319e-11,0.05887568525677414,0.13304253308414868,0.2727473225670427,10.0,20.92586369767964,6.636275114682503,4.023449384172257,3.0,1.7031831892815047e-11,0.14495857523887057,9.411323669220565e-12,0.08010013713073275,5.18941299454169e-11,0.4416729326292752,3.3982657242585304e-11,0.2892277006793461,9.381775608452162e-12,0.07984865245092762,0.18135622813446436,0.3079197118092696,10.0,12.48465637195388,3.420734142667676,4.142326337818319,3.0,2.1191981061249402e-11,0.11768072289284326,1.304937795084714e-11,0.07246421304922987,9.016402275137735e-11,0.5006878472400491,5.049419323201904e-11,0.2803981913847834,1.1395392834071694e-11,0.06327950475633454,0.14472932276801942,0.24343660818318974,10.0,11.285217692241204,4.5102681547267265,1.6558635802850095,5.148999999999994,2.0,6.030337768160519e-11,0.306973622009585,1.5791146619583237e-11,0.08038464278223241,5.573106067340971e-11,0.2836982970287433,5.987873959786657e-11,0.3048120069289721,1.402016967222164e-11,0.07136950583754186,0.28334552453830253,0.6582013300138398,10.0,3.797953941299245,2.309098208231714,2.0,3.562042493019383e-11,0.28954797163138524,1.3205053801268801e-11,0.10734000368984056,2.6523313966526824e-11,0.2156002286609567,4.248862608558784e-11,0.34537756145795023,1.2192227335076576e-11,0.0991070348390968,0.49786590838286476,0.707493206169713,10.0,4.496304843689222,1.8332130916857574,2.0,6.128905368420452e-11,0.32231602935632814,1.303179402739608e-11,0.06853354479810377,5.04955734780318e-11,0.26555366358519045,5.854099988198048e-11,0.30786415358493424,1.2832782501376501e-11,0.0674869532616561,0.25807794881398044,0.681613933943166,10.5,3.074719264556252,0.8978054101242563,5.293000000000006,2.0,5.40521633033719e-11,0.2610012761223233,2.1546051951297168e-11,0.10403925968927177,7.317947806390528e-11,0.35336119765355156,4.906090722208229e-11,0.23690003526433479,1.5167435081953113e-11,0.07323888018456616,0.29442751603778444,0.618438947797843,10.0,4.110858056670597,1.2166509327877664,2.0,3.4370638262638194e-11,0.2827550796810331,2.1122419081066994e-11,0.1737666680695746,2.5820416295824595e-11,0.21241542887085552,3.334390413716036e-11,0.2743085013183525,1.2485549670663526e-11,0.10271419939930385,0.8180510662209071,0.9379480223483985,10.0,4.69729733733429,0.7562321901840127,2.0,3.97092175305274e-11,0.2537376348038772,1.7902629839370172e-11,0.11439588172995084,3.866559733007139e-11,0.24706901381950044,5.126460676894379e-11,0.32757533085870066,1.6562263613088873e-11,0.10583108551440834,0.46301185228158265,0.6406284512205225,10.0,8.535460589522954,0.7576406063588016
sub-049,C,F,62,30,434.698,1,2,11.706000000000007,5.0,3.265875299084253e-11,0.1153098547483052,1.0937218621146921e-11,0.038616572130250666,1.0858034464113109e-10,0.38336992758420513,1.248581468535339e-10,0.440842759117611,1.1550259915025527e-11,0.0407810669770587,0.10072926787343993,0.18675571167741972,10.0,2.6733076765665755,6.336690208922722,11.772289226025006,5.0,3.597627896533719e-11,0.3524026385384851,4.931815336449713e-12,0.048309185589315046,1.5098715331280872e-11,0.14789820610440071,4.3116593492462546e-11,0.4223449936602599,5.288038013323974e-12,0.05179853509537938,0.32663807669995537,0.7027033804053673,10.0,0.6109332670742931,5.29563294606207,4.350668277563061,5.0,5.1606601035518346e-11,0.38364033946390247,8.681409116576538e-12,0.06453706839201037,2.733740451515654e-11,0.20322460572511789,4.383146018447977e-11,0.32584041434542516,6.224421566401347e-12,0.046271972088554034,0.31756522868743253,0.8471121522949202,11.5,0.5893000859614306,5.07344194953468,6.011466244748122,5.6810000000000045,2.0,3.9694599751694985e-11,0.1846577897703668,1.0259755730250347e-11,0.04772799898683917,7.46879630403706e-11,0.3474456037788053,9.034409808426883e-11,0.42027735700562,7.900731267485322e-12,0.03675390563325105,0.13736826273739328,0.3026948529971859,12.0,2.421715569336344,8.595542167860145,2.6552152737875994,2.0,3.8338888015999707e-11,0.39384552560292524,8.184874926008677e-12,0.08408111278247866,1.2938011458206695e-11,0.13290886060356216,3.643189276361443e-11,0.3742554543628692,4.7137271326135104e-12,0.04842290520575832,0.6326223278166089,0.9423506825732352,11.5,1.4292481326575062,1.303988524376112,2.002510468854625,2.0,5.286295524692813e-11,0.36709042693559785,1.269103958478015e-11,0.08812899539331447,2.753079832063877e-11,0.19117910571199864,5.164016189131125e-11,0.3585991170405935,5.9595193732893364e-12,0.041384037287602746,0.4609760834747088,0.8280055547667033,11.0,0.8240054653660601,3.717956265015534,1.1480957012198199,5.814999999999998,2.0,3.7269644493754285e-11,0.12339198860889854,1.2402952503940786e-11,0.04106357854686385,1.5885185183320095e-10,0.5259252176443365,9.50105658395792e-11,0.31456008816416303,1.2242160279981085e-11,0.04053122916342501,0.07807874041634873,0.19566739123126656,11.5,3.7543257987185408,1.703775822569735,2.0,5.566670010903593e-11,0.5165804339638604,7.945908762989197e-12,0.07373709936069872,1.332450508049592e-11,0.12364984098848988,2.9011571494494316e-11,0.26922397345710003,5.4428543061257014e-12,0.050509048209309695,0.5963380039248303,1.502562684554569,12.0,3.070956559293485,1.21638775790818,2.0,7.275456571609961e-11,0.45778385202949984,1.299630080914373e-11,0.08177489052384486,3.658172681836953e-11,0.23017832148365475,3.349867350443318e-11,0.21077923624172634,9.787848420287654e-12,0.06158677340477361,0.35526755950234784,1.2236069732801138,11.0,2.312561464702104,3.1448876202002936,5.895999999999987,2.0,7.002910203445889e-11,0.22590599832519964,2.023467630498047e-11,0.06527478746214078,1.3875234982559898e-10,0.4475994578924559,7.621064795644623e-11,0.24584696946620432,1.481836770284333e-11,0.04780238575404695,0.145833035119145,0.41990379400532646,10.5,5.713044643537487,2.756147910216063,2.0,8.662739216299564e-11,0.4913240329254994,1.536838874018643e-11,0.0871647933391294,2.8254725365251622e-11,0.16025214737547946,4.707697004074683e-11,0.2670061536056841,7.2693195692993646e-12,0.04122935388257116,0.5439227789871518,1.353955733419753,10.0,3.1684611143031884,0.5867108890083471,2.0,1.2025394679913778e-10,0.543098966651094,3.342292603820257e-11,0.15094686766600085,2.2990185377783722e-11,0.103829822256453,4.906273708918551e-11,0.22158043476708578,8.826603287777864e-12,0.03986329972718765,1.4537910629681305,2.1328333060715123,12.0,2.6841525856040964,0.762917896775374
sub-050,C,M,68,30,361.898,2,2,10.253999999999998,5.0,1.0252511870590557e-11,0.08757705880789185,8.321043582864574e-12,0.07107843740127132,8.525840873080812e-11,0.7282781789995795,1.4082752884352611e-11,0.12029501580659142,1.692825972845452e-12,0.01446013636918358,0.09759792267689563,0.18696736731756283,9.0,2.3428692312431143,3.659452923376754,1.8501329883859299,5.0,4.166642825944981e-12,0.2782185962482638,1.8242778337242553e-12,0.12181222131764453,5.860383336115091e-12,0.39131446907280154,3.3201775778517758e-12,0.22169770330514987,4.497687747617493e-13,0.0300323407543663,0.3112898472838789,0.6525658634381409,10.0,1.7632669323358394,5.1813859814920535,2.723510894771766,5.0,1.2278754471729503e-11,0.21134730559110662,5.435711994561887e-12,0.09356185814000556,3.3446403789554205e-11,0.5756941666119002,7.277978713143335e-12,0.1252717606426424,1.3948414375537974e-12,0.02400862239183596,0.1625200732719593,0.4349842865049704,9.0,3.043837056908637,2.2424148609506593,2.519828529234459,5.538999999999998,2.0,1.1434392298288051e-11,0.06244983376683692,1.907470248212167e-11,0.10417798935748576,1.4067235158256132e-10,0.7682931233027811,1.9547438748502017e-11,0.10675987569484957,2.4599517585638227e-12,0.013435220201404956,0.13559667033025058,0.19042026404708529,9.5,5.097666249135511,7.5836291803189395,1.6280372365185365,2.0,4.0460103293296506e-12,0.18162035146905472,2.0696897365645323e-12,0.09290578787252503,1.0813602801556869e-11,0.485409126919087,5.365133607290419e-12,0.24083414824004326,8.221744712121168e-13,0.03690638537128229,0.19139687064024144,0.3780085113785421,9.5,7.290582852421256,3.4146089963812916,2.8093011395906227,2.0,1.1156959017705367e-11,0.12315124212236662,5.804138994004424e-12,0.06406646519254824,6.286448493620229e-11,0.6939022894133,1.189180322887963e-11,0.1312625005063876,1.9766354491783945e-12,0.021818231150900667,0.09232779048288912,0.22688523504879135,9.5,9.07424086170819,3.323019327357143,3.6923748237953182,5.715000000000003,2.0,1.3487344760147805e-11,0.11323331723029186,1.2320229295000503e-11,0.10343477214528018,7.945837408333756e-11,0.6670946312403127,1.9240731810951127e-11,0.16153601228686326,1.4569171379601667e-12,0.012231581782379273,0.1550526226735875,0.26147728311530416,9.0,5.833419176565526,3.6556496326907415,2.0,7.344354152625415e-12,0.31198640052669335,2.5551050791495192e-12,0.10854025010849555,9.578547056373655e-12,0.4068943784968899,4.593518526721979e-12,0.1951315638002517,5.275538251508115e-13,0.02241035979100405,0.26675288685347415,0.6985191518999854,9.0,2.279879774059277,1.9869326499967388,2.0,1.3059649484779924e-11,0.22927512209572926,6.9479430671272965e-12,0.1219780436593112,2.787993727763194e-11,0.4894599989685753,9.706176648680902e-12,0.17040157462132155,1.693014266832491e-12,0.029722547545415392,0.2492094224581211,0.5323134121056485,9.5,6.439756368511971,6.4768637821962765,5.132000000000005,2.0,9.636765387843567e-12,0.0972909366970413,1.104665774504686e-11,0.11152493976277356,6.479157572776498e-11,0.6541233327713204,1.9549203488724115e-11,0.1973650122787353,1.6389751661722528e-12,0.016546779206769648,0.17049527845196488,0.24523632962649583,9.0,8.263371299793038,2.1722266117412503,2.0,4.256263021205074e-12,0.15788369254090523,3.2555763444841707e-12,0.12076378082256149,1.593926991358351e-11,0.5912582887441505,5.04048053122281e-12,0.18697380177991996,4.114441081027942e-13,0.015262288711442543,0.20424877438769984,0.35805189320299335,8.5,5.280524603768594,1.0614673350567594,2.0,1.1931808159553884e-11,0.1554195385253779,1.4773927892811626e-11,0.19243999103936668,4.217635020512345e-11,0.5493743109099819,1.6323915468057455e-11,0.21262958430498477,1.6803581545924943e-12,0.021887754601133777,0.35028938779574476,0.4565062354000316,8.5,9.654173918766245,2.434606326009873
sub-051,C,F,75,30,448.198,2,4,12.072999999999992,6.0,5.097349686599128e-11,0.2551051712663773,2.904034890470954e-11,0.1453371582579026,6.872706438174869e-11,0.3439557928669169,5.210238465863193e-11,0.26075487417844595,9.5723260666893e-12,0.04790626562427606,0.42254604013643215,0.6622048383582431,11.0,4.148305510386237,1.941562394571994,3.9656787861886347,6.0,1.828069827375422e-11,0.3427821236937561,7.0918387703322706e-12,0.13297935987917697,1.2650959056392415e-11,0.2372186525467103,1.455776172294311e-11,0.27297318761518574,3.6374841332446577e-12,0.06820661428924087,0.5605771656298918,0.932514881896117,11.0,2.7550796975395726,1.1261480472502852,2.6783148675589405,6.0,1.4921463302415458e-10,0.717937235007202,1.579331691852083e-11,0.07598859475290091,1.6790076401784206e-11,0.08078444307473055,2.3753506744635422e-11,0.11428856948103668,9.697156449765511e-12,0.046657285199702365,0.9406340114594443,4.069890649446634,8.0,0.7932798714794781,1.1365453466702895,2.4392873461408553,5.966000000000001,2.0,7.624807254291126e-11,0.3098217554510431,2.934999399010188e-11,0.11925897084642208,1.0408467078416772e-10,0.422931286554768,4.2018123244497615e-11,0.17073387261090597,1.0908850012469074e-11,0.04432635407161541,0.28198190731623374,0.7227655517135068,10.0,9.519784689633543,2.4545325701584426,1.6648066789186933,2.0,2.1097417557271503e-11,0.3587733218729633,7.010775666481346e-12,0.11922214024259697,1.7291382677878847e-11,0.2940495814844896,1.217219781544148e-11,0.20699499514032238,4.5025123938393706e-12,0.07656772796607879,0.4054491070543681,0.9539978764673643,10.0,6.630565273637132,2.045635504996908,0.9004808528990071,2.0,4.1325205122591584e-11,0.4604274987045369,1.34359873976178e-11,0.14969793983500232,1.878170770958696e-11,0.2092576352971901,1.513519600778133e-11,0.16862978464578843,6.932876962012403e-12,0.07724310596829041,0.7153762376335735,1.61456933028256,10.0,5.901929523306314,1.604038679105772,1.2467601623586073,5.753999999999998,2.0,3.313454530461373e-11,0.21580969200161648,2.737255247256138e-11,0.1782810678129033,4.7465587054211256e-11,0.30914966928545456,4.256829071395291e-11,0.277252928131604,6.6041436687011435e-12,0.04301366437880063,0.5766820589682947,0.6720481142995968,10.0,2.398321944439035,0.8760928687905889,2.0,4.742001437642279e-11,0.6128126309921353,7.16350318867368e-12,0.09257452351921507,8.783742936662076e-12,0.1135130111147919,1.2702725076944092e-11,0.16415833013838727,2.578151029812819e-12,0.03331765155390198,0.8155410785958057,2.5403671525041625,7.0,2.9783762674075756,1.0899463278991635,2.0,5.685978574338356e-10,0.9000776887342952,2.062892523354574e-11,0.032655127173853334,1.7089996500932162e-11,0.02705308215626923,2.2127820643398778e-11,0.03502784507723016,8.863447174406793e-12,0.014030638601002668,1.2070760361139072,15.024466570867164,7.5,1.2336201076785889,1.1658371173669015,6.066999999999979,3.0,3.019918423009227e-11,0.14238660844243584,3.2624623274097843e-11,0.15382234911769851,1.0165833111381733e-10,0.47931046338632743,4.999047724007088e-11,0.23570088696434713,8.97057262959254e-12,0.042295493904151805,0.3209242461158555,0.4142716859177966,11.0,2.8763845188750143,1.937384712521276,3.0,1.483655703656367e-11,0.2705285715483226,7.69230431448947e-12,0.14026084980399317,1.6477244650135646e-11,0.30044473574752384,1.5896738562856455e-11,0.2898598350741585,3.163456601988588e-12,0.057682209799888876,0.466844091826126,0.6958940209128179,11.0,2.59558338215696,0.9431293547769103,3.0,8.805775490206638e-11,0.5771160284682882,2.047792876924202e-11,0.13420897382297592,1.8742694124228242e-11,0.12283653163540623,2.4289484451650955e-11,0.1591892822599102,6.833259626969946e-12,0.04478405861920346,1.09258192197517,2.5221982075559115,11.0,0.8395049066957583,1.1565539928309592
sub-052,C,F,73,30,449.598,3,4,6.211,3.0,5.793600543847341e-12,0.040586061602938595,3.5286447582155626e-11,0.24719307526976925,4.051139445213448e-11,0.2837955324002053,6.650740858093802e-11,0.46590609091686835,6.5787610288450436e-12,0.04608636690896308,0.8710252525088392,0.3838582282901054,7.5,6.509266792224792,5.238106137834616,5.711967522503162,3.0,6.441323715517116e-12,0.09121733175854774,8.713470979909943e-12,0.12339382528286959,1.3750917782412968e-11,0.1947304754023186,4.313675010802971e-11,0.6108712151992542,2.520023511406622e-12,0.03568673627216763,0.63366468462594,0.26639859318214587,7.5,1.5636362294593427,0.9125815451564457,0.9242950229959315,3.0,6.982282658882488e-12,0.11787806231927167,8.976247184229192e-12,0.15154107570103792,1.223723770757903e-11,0.20659459657862292,3.1942127808657623e-11,0.5392614874519724,3.3142266046418013e-12,0.05595227654457084,0.7335190668617827,0.3612213452283885,7.5,2.0241015330476646,1.6716489357067177,1.0603096167960202,11.753,5.0,1.0579243428861895e-11,0.03532629416189996,2.8887095515307963e-11,0.09646002008732035,2.1568888734885385e-10,0.7202300555020135,4.8167473550329067e-11,0.16084121242850677,1.3482039055612754e-11,0.04501933250552274,0.13392945677626014,0.149575090059131,10.0,11.568285878641452,6.816198756431897,0.845463144248764,5.0,6.175860214743171e-12,0.09625418852764703,7.389837058836436e-12,0.11517468736610889,1.841166871263552e-11,0.28695601418308625,3.198524133945806e-11,0.4985076318017856,4.401582693779013e-12,0.06860109453507965,0.4013670446810155,0.2691771630355354,10.0,3.1323057350881274,0.8363209626439685,0.9178422618611118,5.0,1.8195567021013453e-11,0.19297169655564503,8.682012080875065e-12,0.09207641613082042,2.1982042433136594e-11,0.23312887238862656,4.22101087011272e-11,0.44765608449837857,8.22955359851552e-12,0.08727790224768173,0.39495929949564007,0.4187050694978517,10.0,3.2181769914565157,1.1429477597660136,1.773521643284788,5.589000000000006,2.0,1.420476990896301e-11,0.05531462969279065,4.3780475462834125e-11,0.17048504154037142,1.6597756253785494e-10,0.6463313005373198,5.280384545691612e-11,0.20562284194140035,1.4124852675393169e-11,0.055003424920779614,0.26377345704693667,0.26503735350849833,9.0,10.675555134955532,0.41017924807761225,2.0,4.586459246439026e-12,0.07415809597459018,7.464345678383855e-12,0.12069041355483161,1.7257692513733767e-11,0.2790382621903995,3.0618491963688137e-11,0.49506796934984804,6.19737006095792e-12,0.10020478523327027,0.4325228110562109,0.2517077134771666,8.0,2.748950807111145,0.5178083108653695,2.0,7.0637221159931746e-12,0.07009432505219575,1.2556380650796245e-11,0.12459876144098073,3.2507332510895314e-11,0.3225749108164249,4.5646863492017695e-11,0.45296035640734245,1.2335563488058439e-11,0.12240756114630845,0.386263026859795,0.2510434982410686,8.5,6.494220007106433,0.7044573329275201,5.217999999999989,2.0,1.3130117356613886e-11,0.07054885283097527,4.854102103867671e-11,0.26081361320033336,1.0879192960366148e-10,0.5845451051464076,3.597642578633135e-11,0.1933033421750726,1.3861342347824419e-11,0.07447776548957064,0.44618218663384224,0.4259987497209189,8.0,10.75299625377141,1.8859658728998618,2.0,6.094687646889562e-12,0.113351569663841,1.1904918751245844e-11,0.22141269665606256,1.5798017709089725e-11,0.2938181919489149,2.2403310904256074e-11,0.4166662188111454,4.2867911888210155e-12,0.07972754933913188,0.7535704143688924,0.4711774970006453,8.0,0.5075051288694145,1.313809336977841,2.0,7.474777056829752e-12,0.08241697022754209,2.6946631179053918e-11,0.2971138380090454,3.407575000337465e-11,0.37571957693951874,3.041746218809842e-11,0.3353832571184595,9.691979625385359e-12,0.10686386900348765,0.7907861507490017,0.5337214113896265,8.0,1.2178137539606666,0.7602894485163492
sub-053,C,M,70,30,338.298,2,7,11.988999999999999,5.0,1.426500664416978e-11,0.27366425758943086,1.1244436969963738e-11,0.21571672359886013,1.2228623195016618e-11,0.2345976536486839,1.349361981752216e-11,0.25886573639034915,2.4763678477578824e-12,0.047507399434123375,0.9195178222963029,0.9917270279150412,10.0,5.86473796754898,11.220780645141367,6.913987599576654,5.0,5.627477992713462e-12,0.34470866483251067,3.640754535345504e-12,0.22301280191354775,2.285157077913147e-12,0.13997628178732016,4.10980319646457e-12,0.2517441693085304,1.1375558158132831e-12,0.06968047621850919,1.593218501491511,1.4493025961698947,10.0,4.815520109646671,5.587191365520417,3.366524175061362,5.0,1.891883064782358e-11,0.5604374147960343,4.179084777683442e-12,0.12379810954583519,2.801179698378918e-12,0.08298007090196217,6.441204802179634e-12,0.19080947626753225,2.6066214480940758e-12,0.0772166215193535,1.491901708448743,2.4991294642752777,10.0,1.6648917794225833,2.205310413706741,1.4411526504822945,5.9759999999999955,2.0,1.6721290153754293e-11,0.23049205832728348,3.381713106146331e-12,0.046614705404954285,3.679253150613528e-11,0.5071610049190204,1.4086118790012659e-11,0.19416794301746376,3.297581545364787e-12,0.045455006814922275,0.09191303146896589,0.3951166774843207,10.0,58.402150093419,8.045252982175274,6.559862225404947,2.0,6.89057281638042e-12,0.33207211240640677,1.4824344609656437e-12,0.07144183162634418,7.870389721737001e-12,0.3792916800974689,3.7692735338438946e-12,0.18164972027370568,1.3552154337640217e-12,0.06531086222410482,0.188355915447408,0.7193513328945698,10.0,43.330738879213904,5.967308343028064,2.704400911704691,2.0,1.718584423050744e-11,0.4249528975465444,2.8235489711413768e-12,0.0698176534453358,1.0671915063350612e-11,0.2638835292415281,8.597357238042457e-12,0.2125861156744014,3.3754245040483293e-12,0.08346383245454286,0.2645775340583417,1.0384093850914258,10.0,30.346939162615012,6.152603619729551,5.813091923314467,5.694000000000003,2.0,2.4013272148171362e-11,0.3548906740727243,1.3667146555783146e-11,0.2019859194492139,1.2636439548425535e-11,0.18675316389821842,1.888419473550661e-11,0.2790883540423658,4.638412988522067e-12,0.06855082064480873,1.0815662515859568,1.1954207001209476,8.0,11.769949942394764,10.586696816066567,2.0,6.641455416806693e-12,0.3634542333997899,3.5512154291152943e-12,0.19434057754274503,1.8183780620713919e-12,0.09951089981101192,5.729758016447021e-12,0.3135615127618143,1.6201173389883353e-12,0.08866106425552653,1.9529576952055578,1.3503560004607997,7.5,5.971254983084039,4.8274611772198295,2.0,2.263102086286093e-11,0.5340130362793518,5.420230491564224e-12,0.1278985053159562,2.7913172966697223e-12,0.06586533739889074,9.834780571965093e-12,0.23206646603357572,3.897061285879697e-12,0.0919570328908375,1.941818115063815,2.22168809764328,7.0,5.176514341119294,11.240593743242671,5.534000000000006,2.0,2.6045426907245856e-11,0.3615591837968491,2.783811823555175e-12,0.038644508855741375,1.0889826449280336e-11,0.1511711355975422,3.169083215078606e-11,0.4399279553791263,3.034539885440267e-12,0.0421250827673527,0.2556341771396316,0.6770500898442204,9.5,21.694131279945875,7.25954994152718,2.0,8.565548133347642e-12,0.3882623007903641,9.786512651847785e-13,0.04436066273595724,3.1028139306459887e-12,0.14064548548233702,8.986950714247068e-12,0.407363791211277,9.620598027383042e-13,0.04360859885368618,0.31540765481255545,0.7894445987055728,8.5,26.30351063962428,5.4373387917453435,2.0,1.0000394346857021e-11,0.3820479049688405,1.7850503670453742e-12,0.06819478605939971,2.35427984574629e-12,0.08994122147397302,1.0326109599478847e-11,0.3944912972556331,2.4582539433488517e-12,0.09391337344941675,0.7582150313483764,0.9294229301719327,10.5,8.727133416559006,11.29292414157893
sub-054,C,M,78,30,500.398,2,12,11.826999999999995,5.0,3.2002780647408402e-12,0.14918869758271655,1.8735642077518823e-12,0.08734072425507584,3.851344490775157e-12,0.17953973276620444,1.1944515453702829e-11,0.5568224597192499,1.3524938208571962e-12,0.06304976865774226,0.4864701696354333,0.32121342493078175,11.0,1.5773145539143838,1.3190422933213073,3.488569295537487,5.0,5.368021430960408e-12,0.19898507045761837,2.34190036564749e-12,0.0868109815239158,4.261005183852401e-12,0.15794952155722877,1.4672762116234813e-11,0.543898835177432,1.5788033345684335e-12,0.058524038476429036,0.5496121841208753,0.40720484594591927,11.5,1.1907994124386985,1.092847264335844,3.820088412319845,5.0,2.345522006247895e-12,0.16664638059951284,1.2171865745812481e-12,0.0864795711265845,2.3366190154669596e-12,0.1660138343321141,7.974584115297108e-12,0.566584144621399,7.954107521578665e-13,0.05651293084607936,0.5209178588910869,0.34551822281529854,11.5,1.303585459462905,1.1652186107257272,3.4760927736714753,11.077000000000009,5.0,4.800522522997977e-12,0.18950407693922927,1.9663755345158266e-12,0.07762408754445133,4.943932664714682e-12,0.1951652953585892,1.3224497743345586e-11,0.5220465534390499,1.4540945046532604e-12,0.05740142569201692,0.397735096302997,0.37245364104274675,10.0,4.207222653102433,13.293590358819992,2.0499434342324183,5.0,5.5104770173603784e-12,0.20609865287433424,1.910185963399861e-12,0.07144331653246909,3.5027799150458496e-12,0.1310082991965797,1.5391885903762067e-11,0.5756755612929463,1.4920930961445806e-12,0.05580612642239084,0.545334280122723,0.39273851424107464,11.5,0.9883532720490793,11.042137961559725,1.7824017182758565,5.0,1.8936981556204197e-12,0.14766005031273063,9.571545356243395e-13,0.0746335874425796,1.7512116280397513e-12,0.13654974333534717,7.984805346544356e-12,0.6226107131745188,7.923610489345167e-13,0.061783907854727156,0.5465670283926488,0.292815090471485,11.5,0.7939009084393618,12.490585694280664,3.0793073867291083,6.040000000000006,3.0,6.459329893268076e-12,0.23599109222158005,1.4790072961194423e-12,0.054035411255070796,6.353678352235648e-12,0.23213112176409947,1.2504060304658617e-11,0.45683482609802406,1.7351267234718547e-12,0.06339271369956338,0.23277969297879691,0.4209591263205525,11.5,3.4896644393539153,3.315523922694142,3.0,9.481280891804096e-12,0.3453358002552953,2.1514135896052482e-12,0.07836073439071749,3.805968291565038e-12,0.13862442434861771,1.1280937399661037e-11,0.41088451961268274,1.4306921675339995e-12,0.05210996596687954,0.565273650433008,0.771045747848377,11.5,3.049209549461205,4.070780445807934,3.0,3.9667441282919176e-12,0.2845270301557657,1.0639662243030084e-12,0.07631627858924513,2.397426213510917e-12,0.1719628336203199,6.169784397727778e-12,0.4425469288191197,7.710316761410568e-13,0.0553046392389574,0.44379519098728815,0.587205168738995,11.5,2.7770879117982963,5.377492535828005,11.680000000000021,5.0,5.022092092427535e-12,0.16107336070121966,1.6736706836191867e-12,0.05367957352357932,1.1655276061385839e-11,0.37381920732569307,1.2216903100080627e-11,0.39183224908564934,1.4579846883005508e-12,0.0467618851413722,0.14359768698779182,0.2804839361651055,10.5,4.429630608605852,0.8239995763989242,5.0,6.82382263034602e-12,0.25815093130686123,2.0824941988304946e-12,0.07878250153784663,5.050419588255602e-12,0.19106160737540845,1.2147739204160084e-11,0.4595591589501467,1.3590347890526298e-12,0.051413425506133065,0.4123408288042422,0.5178645537977102,10.0,1.010213390660689,0.677730871723501,5.0,2.759635173199374e-12,0.20927886785067096,9.343576755845495e-13,0.07085766930822919,2.9245884794903525e-12,0.22178821746472843,6.359107044012662e-12,0.4822473403864132,6.96768251108113e-13,0.05283990875400508,0.31948346994356397,0.39790112024161584,10.5,1.228861254760102,1.0592860270633784
sub-055,C,M,67,30,384.898,3,10,10.646000000000003,5.0,1.943545033713073e-11,0.4328679993534736,7.537714179377757e-12,0.16788060991270318,8.615704310352707e-12,0.19188969759648278,9.207096623215014e-12,0.20506123737874662,2.8556427909071082e-12,0.06360111859134922,0.8748807883669327,1.513407719530034,10.0,2.4139591973516072,8.410548524317772,2.441210548079627,5.0,4.708245951865313e-12,0.6031181206402676,1.454012174688254e-12,0.1862564316204895,1.4196072400405765e-12,0.18184921930881373,5.784814982417814e-13,0.07410247417226051,2.9508774853570217e-13,0.03780022754552814,1.024235530558927,3.0840763017617054,10.0,1.4767486418351599,7.527854041477031,1.9824308785066858,5.0,2.3645962148132555e-12,0.474935842851927,7.952860500799877e-13,0.15973545425511412,8.512325749749545e-13,0.1709724721396775,1.0963254228679006e-12,0.22020006438641906,3.268451796573749e-13,0.06564777948565068,0.934275864740476,1.6224842948929774,10.0,1.2586375470339302,5.126323881297191,3.8777179203753622,5.618000000000002,2.0,1.9073994467684196e-11,0.1440614386929798,7.377301905623618e-12,0.055719043433571584,8.936142253433586e-11,0.6749260159301432,1.7831677934879422e-11,0.1346785112033474,2.2217290967663756e-12,0.0167802025217363,0.08255577962390867,0.24676304965079673,10.0,10.122973491410313,28.139360976171837,8.678183623235746,2.0,2.7891283762553477e-12,0.15137712507176532,1.5647511481611923e-12,0.08492528787054286,1.3371677468453681e-11,0.7257342866659446,1.4582510745597317e-12,0.0791451039611291,2.7815555987755626e-13,0.01509661202239938,0.11701980935845457,0.2935873569308406,9.5,4.705518187623892,9.223013479949714,2.2073989387323123,2.0,1.6193400849852773e-12,0.07036824470152432,8.178461652994522e-13,0.03553941486511056,1.7988339190520105e-11,0.7816812945404529,2.877769464554259e-12,0.12505315452508534,3.013171293900209e-13,0.013093702607794478,0.045465351561219114,0.11680118658310724,10.0,8.207679637025858,14.16574473447733,4.903373439513897,5.2760000000000105,2.0,2.8710171744564225e-11,0.31879176465267584,7.076962620476986e-12,0.07858111829616737,3.874166039163249e-11,0.43017932430730077,1.5076957027912824e-11,0.167411389220648,5.264034830476499e-12,0.058450745879584556,0.18267060701418683,0.6649582631612606,11.0,7.495148196853538,12.356240101043692,2.0,3.7812055752630265e-12,0.3982768782725409,9.447928173627019e-13,0.09951565087475057,3.532463746455137e-12,0.3720767373118057,1.0921926453550458e-12,0.11504137201902254,4.601241043595044e-13,0.04846517552527003,0.26746001804287756,1.021913411987756,10.0,3.7965755905097893,6.5954538269586624,2.0,3.309659585020937e-12,0.34653067105446966,9.99562618498144e-13,0.10465701866040508,3.8655790891871e-12,0.4047370073504576,1.2906352982194107e-12,0.13513314722841163,7.109313307087959e-13,0.07443651069709868,0.25858030464158577,0.8357337146500123,10.5,6.361590582278607,13.45162025307495,6.046999999999997,3.0,1.2834097173385293e-11,0.10145690708824726,5.642948683540518e-12,0.044608990609559404,9.716224099321279e-11,0.7680930200043091,7.140251058298353e-12,0.05644555892180847,5.599796316781952e-12,0.04426785982289676,0.05807758884374335,0.17714865190182302,10.5,3.9371646755734857,4.198771032189573,3.0,3.9124414558295375e-12,0.5112452109136849,6.499245151067406e-13,0.08492671380644852,1.8659886386960788e-12,0.2438318287756842,7.86838886190737e-13,0.1028175416468644,5.874177045628888e-13,0.07675884525152911,0.3483003602641958,1.7198125125495798,10.0,4.533428946983226,4.665995566443748,3.0,8.004833094287925e-12,0.4498549129116311,4.811050036740597e-13,0.027037097086206833,7.9404566803481e-12,0.44623709280903234,9.179661033774386e-13,0.0515877791112672,5.281208057005215e-13,0.029679287032825064,0.06058908486520055,0.9579513537728326,10.5,7.637707654382956,6.235639602340745
sub-056,C,F,64,30,428.098,0,10,11.068000000000001,5.0,8.373459935511745e-12,0.22887205952799297,8.728587260905327e-12,0.23857876655035473,6.298430120287443e-12,0.17215520042196655,1.2011273055640611e-11,0.32830452679887906,2.8748463619804396e-12,0.07857827143861638,1.385835373927587,0.9340428423165974,10.0,6.129911647594208,3.506702795407931,1.371034351150313,5.0,1.7753895824867539e-12,0.30846500784584074,9.261174703524535e-13,0.1609082511108917,8.448997996748551e-13,0.1467970894425353,1.7140381148992258e-12,0.2978054990161037,7.878437224107021e-13,0.13688388307107055,1.096126985364245,1.0557141841750608,7.0,1.2892901719527552,1.2548635181593797,1.293768135052725,5.0,3.0813675329454224e-12,0.26103331513679723,2.51600889546465e-12,0.21313982700045594,1.2836437987791084e-12,0.10874191172184244,4.235046845909687e-12,0.35876548517103596,1.212975362572744e-12,0.10275534375120908,1.9600522340057742,1.0142580530033884,7.0,1.009009847039157,1.2131706917691716,0.441307646307225,5.350000000000001,2.0,1.0027251612335361e-11,0.27442559637849845,4.620652967354549e-12,0.12645792638378062,6.358559459853701e-12,0.1740209121442494,1.505415092634361e-11,0.4120016636314961,2.3129200595314716e-12,0.06329994411747768,0.7266823557329543,0.6840752205349954,10.0,3.4255764979944767,3.253432697178287,1.7103519776717813,2.0,1.405095415757839e-12,0.23604505790563637,5.074987051392944e-13,0.08525581956797577,9.417799590201984e-13,0.15821167905625227,2.4311625007084844e-12,0.40841631594693667,8.437546248295812e-13,0.14174418836077954,0.5388718461022274,0.5670402456408881,10.0,2.58678365596226,1.676936813463782,1.8728301282845212,2.0,2.3251294642798127e-12,0.19370774196423843,1.1582162721554846e-12,0.09649159852480249,2.289312254009997e-12,0.19072379159441533,5.3260539794271104e-12,0.4437163202239282,1.2808979679916395e-12,0.10671227425312194,0.5059232396658577,0.45741014019008375,9.5,3.1392411860261866,1.3707371137934168,2.412897872923674,5.511999999999993,2.0,1.1674217109342002e-11,0.24181637766550274,6.408471993004705e-12,0.13274324686656164,8.94844753864359e-12,0.1853555702500157,2.1017400269486264e-11,0.43534838811984267,2.5525747613290728e-12,0.05287329991584953,0.7161546140076164,0.6034432670862327,12.5,5.17746352802932,1.763445644315571,2.0,2.4592912008635212e-12,0.3458505865398273,7.979843755126805e-13,0.11222069359812836,7.911640110017382e-13,0.11126154444747205,2.49636321366934e-12,0.35106403070967696,8.418208632934978e-13,0.11838542716262786,1.008620670829436,0.9907980539087693,8.0,3.3303277823367154,0.8380697612499307,2.0,3.543349735799134e-12,0.23305465023674088,2.1368233104593637e-12,0.1405440180531624,2.4918222527701466e-12,0.16389315390017564,6.462600662878955e-12,0.4250608179853587,1.270178867772025e-12,0.08354272477705252,0.8575344040225452,0.6343427264677888,12.5,2.3151398638577296,0.727046584759693,5.670000000000002,2.0,8.208287472529762e-12,0.07835240679439737,5.049123768446012e-12,0.04819653317266394,6.89956259070612e-11,0.6585994175028596,2.1790071877606207e-11,0.20799765865256362,3.1501945924402273e-12,0.030070258749395007,0.0731803458852204,0.14602973336638042,10.5,9.95787406852927,2.087979513444216,2.0,1.5841824729541427e-12,0.16597330419075212,1.0424204654987195e-12,0.10921340942009818,3.4345922107832536e-12,0.3598389879345787,2.8862294162869495e-12,0.3023875349285962,9.672753212348554e-13,0.10134052349925685,0.3035063266683986,0.4155477077859469,10.5,1.8008477927784217,1.1737679514655586,2.0,4.8108275749015165e-12,0.22489053212205015,2.7987422407390478e-12,0.1308320911512087,6.23175199156907e-12,0.2913141241536397,6.851990695025689e-12,0.32030826495194203,1.697938925995282e-12,0.07937311878936719,0.44911001665750866,0.5816049732800935,10.5,2.3081530785711286,1.3767068106360334
sub-057,C,M,64,30,344.298,0,7,0.0,,,,,,,,,,,,,,,,,,,,,,,,,,,,,,,,,,,,,,,,,,,,,,,,,,,,5.122,2.0,2.2785047273530676e-11,0.06832539496610393,1.8870769549864e-11,0.05658767205221569,2.0889799458492615e-10,0.6264212584813491,8.032215649472912e-11,0.24086160547083968,1.8690376244761266e-11,0.056046727648088705,0.0903348526028679,0.1440280584457688,9.5,10.050264556682144,22.63928784019003,17.170167746339352,2.0,1.141592663723078e-11,0.08329516958608474,7.941961303502336e-12,0.05794772817336708,8.485876465665142e-11,0.6191635088026489,2.9831373864998696e-11,0.21766164272353064,7.720286051153349e-12,0.056330296814161525,0.0935903478637292,0.16878424065272987,9.5,5.516729550308188,1.879716907271281,2.395830370876592,2.0,2.8290354133753135e-11,0.19316990589115937,9.468788361184266e-12,0.06465401415569395,6.491101653144894e-11,0.44322014830204665,4.0315373206562134e-11,0.2752781676559883,8.589983221737821e-12,0.05865342804493196,0.1458733642939747,0.3588371946329127,9.5,0.9908071310613115,2.6716582499101986,2.22259223765722,5.109000000000002,2.0,2.953301814288065e-11,0.0626470670910434,3.774061524554154e-11,0.08005747478656032,3.3495895449777625e-10,0.7105334102206035,7.433018965273341e-11,0.15767329825676152,1.3880464085679404e-11,0.02944400604853176,0.11267235802705519,0.16436701131678041,9.0,2.622379236802972,2.340278684833569,2.0,1.688810171270359e-11,0.11816631969331076,1.2319370556372457e-11,0.08619883420583811,7.66631602034175e-11,0.5364133667244647,3.489834041033664e-11,0.24418424994395957,8.255891923888132e-12,0.057766608765610655,0.1606947916533094,0.26180601828042394,9.5,1.6652568616062982,1.9763639291813782,2.0,3.792536630683316e-11,0.16272576738912573,1.3061240587892399e-11,0.05604165772647645,1.268480695489486e-10,0.5442649991085993,5.3746556583427014e-11,0.23060949744829323,1.1506967565073094e-11,0.04937276313164908,0.10296759449580965,0.2823262684314452,9.0,4.743751328868348,3.1797036915022994,5.472999999999985,2.0,2.427120152678039e-11,0.036251664755347086,1.0499126098819374e-10,0.15681580458163816,4.841880655787063e-10,0.7231872477566484,8.648147095028059e-11,0.12916943106337989,1.2967601292960615e-11,0.0193685151612588,0.21683983652655123,0.22651018538889237,9.0,18.84775101511852,1.9417906680377568,2.0,1.0494411908752576e-11,0.04798396708250453,2.7264837784198597e-11,0.12466397260962098,1.6133330704525702e-10,0.7376699296617752,2.966743756206882e-11,0.13564946371251985,5.130772312125424e-12,0.023459609921306787,0.16899695595126119,0.1976916360749251,9.0,2.6174687304261313,1.3011905000871606,2.0,1.3598334379869952e-11,0.02689089483055043,5.399918901848772e-11,0.1067841451950716,4.157830858540439e-10,0.8222168187431895,4.386816880719108e-11,0.08674991222081492,8.570287378268243e-12,0.016947862151247464,0.12987346252330126,0.14706263218660712,9.0,0.3061073826917558,4.5861438770987055
sub-058,C,M,62,30,245.898,1,7,0.0,,,,,,,,,,,,,,,,,,,,,,,,,,,,,,,,,,,,,,,,,,,,,,,,,,,,5.893000000000001,2.0,2.304114350457375e-11,0.3075340221602983,5.839745375991357e-12,0.07794406486440782,2.1536320389015073e-11,0.2874488946458723,2.2681611187022272e-11,0.30273528377774916,4.556410765263727e-12,0.06081518171951333,0.27115799126809087,0.6531487984891696,10.0,5.2698986232341065,8.039686693853222,1.5417725695791547,2.0,6.233992001508108e-12,0.19273768116663087,2.7011979293888526e-12,0.0835135215374939,8.524959860986833e-12,0.2635680307654737,9.748717883568059e-12,0.30140322264963193,6.661397737158717e-12,0.20595187688370717,0.31685755398690724,0.4889650597871262,10.0,13.189540370481703,3.016203413976951,1.2213822067171853,2.0,7.576883830608301e-11,0.609645946101147,9.324943363080235e-12,0.07502970939001785,2.5861419509029546e-11,0.20808435125281835,1.3418622577689044e-11,0.10796798577935539,4.419402848701508e-12,0.03555909119280278,0.360573531542784,2.166336316068644,10.0,4.356188077335301,4.669269084663135,1.6290049723444295,5.922000000000001,2.0,1.5539735570226233e-11,0.24339097556440495,8.156327106525137e-12,0.12774840360109502,2.1418420434566684e-11,0.33546582701225963,1.679778745197863e-11,0.2630952024109042,6.1180521157852174e-12,0.09582393897794989,0.38080899249516237,0.6200526945818187,9.0,2.023499122048997,2.975562581271821,2.0,5.716162132025502e-12,0.17545858588596847,4.230836236527118e-12,0.1298662504719957,6.2066102562486945e-12,0.19051297593633157,9.092984529030274e-12,0.27911073375752926,8.979711843527192e-12,0.2756338090729535,0.6816661691085878,0.6501478312434437,9.5,2.6454259065788186,0.849631966799844,2.0,5.125985037157528e-11,0.5435254564102644,1.0383641316424496e-11,0.11010124580542474,1.0675187723318299e-11,0.1131926105426031,1.870268309444538e-11,0.1983108474043048,5.8695808559510154e-12,0.06223714253049789,0.9726893414476483,2.098296778224183,10.5,19.745326967842377,0.8315089309842779,5.576999999999998,2.0,2.5560902009131167e-11,0.3204723014125853,1.0232693368902016e-11,0.12829339091436842,2.2835630772200447e-11,0.2863039475352177,1.8708866778422856e-11,0.23456424155770356,7.010715983698812e-12,0.08789753526864381,0.4481020678158386,0.8615724702030043,9.5,1.4065900142640428,1.5591315173803246,2.0,5.2902720004230106e-12,0.1521008770448352,3.540922252409709e-12,0.10180523422917108,3.574614639462851e-12,0.10277392574826634,1.3610196019255408e-11,0.3913074320404215,1.030443264782664e-11,0.2962632626561626,0.9905745400689668,0.5138953479451022,8.0,1.5138850051505313,1.6266306170584648,2.0,3.264856154565578e-11,0.32891541336052976,1.1612220781918006e-11,0.11698642199525969,2.2485093312976602e-11,0.22652433710274303,2.4353795673889022e-11,0.24535043480471333,1.219047577234855e-11,0.12281200726459168,0.5164408535149978,0.9449579886488174,10.0,2.59659883634175,2.089163168312756
sub-059,C,M,77,30,325.198,1,12,5.875,2.0,3.7149738448089575e-12,0.054707767222445206,3.644264903660915e-12,0.05366648713422116,8.406972538636363e-12,0.12380348177467695,4.4504148412279547e-11,0.6553808165229086,9.202290748606057e-12,0.13551556517456192,0.4334812427318844,0.13908680474369126,10.0,1.6075606921560666,5.845698641413499,9.73103407445071,2.0,2.3779985086957076e-13,0.025670205644799448,5.13006592956224e-13,0.05537843985254289,1.0057591249721774e-12,0.10857047837818076,6.179665441910225e-12,0.6670873935783233,1.5371637944239889e-12,0.16593496828661505,0.5100690416012039,0.1044901991298133,10.0,5.093605883714065,9.847763972076104,11.023517729195575,2.0,1.0689170865987009e-12,0.09066792100266177,9.031191911613981e-13,0.07660457532844246,9.915944876483141e-13,0.08410924645133415,6.843237404869041e-12,0.5804585932866314,2.4043719628131053e-12,0.2039441692143107,0.9107747193141968,0.25170116025635336,9.5,3.2790326133035226,4.844411919873412,6.609586478647753,5.0760000000000005,2.0,8.843866953504911e-12,0.046779589453125124,4.314388038136719e-12,0.02282093367376183,1.3659994749230492e-10,0.7225447303315681,3.223646631159898e-11,0.1705146252656436,1.1263674255095471e-11,0.059579147917674345,0.03158411198056838,0.07793493533287416,10.0,69.84891793587555,8.380832368820993,10.568050227670746,2.0,1.102092412467059e-12,0.061991363475189,5.275083386011823e-13,0.029671705189601223,1.048026896921454e-11,0.5895024370360973,4.279705828473484e-12,0.24072826976994952,2.180294191829449e-12,0.12263890777179512,0.050333473325037875,0.11040674346703484,10.0,66.66845072117454,6.456462626747082,11.53580935952374,2.0,2.639726771244807e-12,0.07278247563990373,1.268333581560443e-12,0.03497045944632494,2.012541650212269e-11,0.5548974432751315,1.0522699420271435e-11,0.29013158580074444,2.7731647668235533e-12,0.07646162447016992,0.06302148238406236,0.1275138857703709,10.0,50.29605185404123,15.915255024754105,6.862711694527324,5.7350000000000065,2.0,6.519929023749504e-12,0.06130368916945182,1.4378761899930002e-11,0.1351964334188328,1.0398090549297136e-11,0.09776813653461279,7.001944590639425e-11,0.6583584471590338,1.4717470006402535e-11,0.13838113932632512,1.3828271480961416,0.2598772835474052,7.5,17.891802426319728,19.97824442818672,2.0,6.945192918140231e-13,0.0377573279889462,1.2310867865604736e-12,0.06692765504268902,1.1355228300358503e-12,0.06173234989717292,1.4126385966142173e-11,0.7679766343551803,2.56957489330079e-12,0.13969414987035272,1.08415855145916,0.12617072373389615,7.5,51.865768051265,17.30465491933474,2.0,1.1689685096842778e-12,0.06189106772893025,2.279555093615564e-12,0.12069110290138925,2.601221750013246e-12,0.13772175227501904,1.1216137086316643e-11,0.59383866572563,3.139535061459438e-12,0.16622276435711472,0.8763401634650932,0.24957907253828143,7.5,8.993027032470412,6.7500418530266835,4.854000000000006,2.0,8.940709636029948e-12,0.04810882887612856,1.4636006714550203e-11,0.07875450284423102,6.438330927163747e-11,0.34643845223939596,7.966906447726852e-11,0.4286891696171985,2.4766119023700238e-11,0.13326335722117122,0.22732610175099754,0.16366766986898892,10.5,32.63152853858653,14.783956062295621,2.0,8.978110688302075e-13,0.03171421317682013,1.232522751517782e-12,0.0435375444166062,1.3812050149625943e-11,0.4878958592311682,9.332715406764704e-12,0.3296681631630726,3.898136987216002e-12,0.1376975086374165,0.08923532264695412,0.0920438712225266,10.5,20.508522173055983,5.961113534317983,2.0,2.2853319549350603e-12,0.04031803502801177,2.7541408843339015e-12,0.04858880496851447,2.1026519732122795e-11,0.3709517810951875,2.660903953597361e-11,0.4694391052277651,5.717703032350523e-12,0.10087223899366868,0.13098415331788477,0.10579224673119594,10.5,36.3707937659592,10.54552693765854
sub-060,C,F,71,30,434.898,2,4,9.002,4.0,4.626948520104282e-11,0.42040498201064436,2.1710493651526178e-11,0.197261751527038,1.1850558837066594e-11,0.10767429015183379,2.538311426652687e-11,0.2306312173179928,9.005270625154737e-12,0.08182197443346173,1.832022772092345,1.8257661193788637,10.0,5.274500055631734,6.584264408908142,4.740520037698477,4.0,1.5408374847749583e-11,0.4353380589279077,4.0903757890391325e-12,0.1155667793574011,3.6897469513011785e-12,0.10424767644780014,9.002302667390452e-12,0.25434512126213416,4.654047058302131e-12,0.13149237557757765,1.1085789467477365,1.5362964393136969,10.0,0.8550627812622881,2.4599264489433743,1.0003571658482502,3.0,6.825941836054473e-11,0.6949508155059045,1.0383263258561979e-11,0.10571225835878274,5.8502754184921656e-12,0.059561797780645964,1.1956555686296739e-11,0.12172998722234304,4.117611331047321e-12,0.04192150213371453,1.774833237037263,4.416433286546804,7.5,2.411386874692484,1.9481473392795223,1.8221550769576285,5.450000000000003,2.0,2.7962759291538074e-11,0.20148961850263022,1.6021492166813913e-11,0.1154451286755203,3.951160904883114e-11,0.28470648946590993,4.986265187135216e-11,0.359292393083987,1.313279845773714e-11,0.09463023743590787,0.4054882236512682,0.4921355545265166,10.0,4.0099584394860655,7.980780736410936,5.673583978133367,2.0,1.4365734227153066e-11,0.2304530124587004,7.890087874338032e-12,0.12657163848738448,2.375511405977319e-11,0.381076073788653,1.2204673000314502e-11,0.19578558356451167,6.496438676311849e-12,0.10421492139117561,0.3321427063867091,0.6189086176818096,10.0,4.766276036387385,3.127682145793143,2.3915088555141866,2.0,2.589648171439857e-11,0.29039206980902693,6.650907216685855e-12,0.07458042888070576,3.379991714683696e-11,0.37901781438465787,2.0106361593215428e-11,0.22546413925163397,5.034363184573555e-12,0.05645319551365287,0.19677288520537856,0.6037773278329023,10.0,9.244252761946212,1.5755820220550534,2.067501623921883,5.715000000000003,2.0,3.6347320363430016e-11,0.26787183129929787,1.451545843294529e-11,0.10697576585298962,3.44468847610515e-11,0.25386603499889965,4.671371726454892e-11,0.34426991770876986,1.5799683382179312e-11,0.11644022390689558,0.42138668078797265,0.6266929708127559,8.5,6.71643307271975,24.97686681610244,2.0,1.344384341032745e-11,0.24301581792039376,5.381098540913654e-12,0.09727070029883052,1.4911531928564584e-11,0.2695462910020555,1.7359492213491105e-11,0.31379651415037535,6.458494569674379e-12,0.11674610395849681,0.3608682573120205,0.5833388450386484,10.5,7.5998030664222105,3.513343533265326,2.0,1.6622942499373313e-11,0.2513730151462636,6.813551437571294e-12,0.10303488499590405,2.4064744793402554e-11,0.3639083428021847,1.6023490683525495e-11,0.24230807310063904,4.687194111288808e-12,0.07087999711091456,0.2831341656047504,0.5846227367735602,10.5,7.921668277825425,3.632763982667228,5.818999999999988,2.0,4.8717727741314735e-11,0.310227446989141,1.2174630534675787e-11,0.07752628712208046,1.6860768203084157e-11,0.10736693430557206,7.296599109047562e-11,0.46463688235267,1.1216671322118573e-11,0.07142614135154349,0.7220685551236518,0.6778866203665466,10.0,2.1830337758794442,7.143054196511269,2.0,9.84517224520514e-12,0.2764655927644563,3.738062181401337e-12,0.10496978123209907,5.5898720498810426e-12,0.15697107691543774,1.2716454976057126e-11,0.35709504874639186,5.399883078856899e-12,0.15163593272652015,0.6687205267034486,0.7419967100642548,12.0,1.693446020958743,1.0874979850794215,2.0,3.46865098267879e-11,0.46806647485003033,8.768284170110968e-12,0.11832092310473957,1.0622380762800593e-11,0.14334046126252403,1.6809484373028197e-11,0.22683043447783466,6.064271435844799e-12,0.08183245208826076,0.8254537627588495,1.584099140971006,10.0,4.881703479542511,1.4948607284676467
sub-061,C,F,63,30,405.298,2,6,5.0989999999999975,2.0,4.780080399917281e-11,0.39847542404774633,2.5969959041904408e-11,0.2164898825112762,1.859317200529122e-11,0.15499576323714798,2.8789767382406695e-11,0.23999627215766092,3.9395461231217e-12,0.03284070937371137,1.3967470980483543,1.556905586575543,10.0,3.7581863513602203,9.606934806714646,16.442808204755465,2.0,3.58736498690151e-11,0.49901413868120614,1.3114342418404681e-11,0.18242476888149126,1.063774639267926e-11,0.1479745125749506,1.3086446348198293e-11,0.18203672547086927,3.257573307206889e-12,0.04531390432872516,1.2328120951849142,2.0648960671699434,10.0,1.1888814608910871,7.027920600150386,2.8426366265446057,2.0,6.803029270109144e-11,0.5611350206128122,2.0014373588189284e-11,0.1650847804713464,1.5722547920679766e-11,0.12968446704059272,2.0875334764632243e-11,0.17218625612738747,3.823473566027397e-12,0.031537199578312344,1.272972656159916,2.4057311469719553,10.0,1.9195328844126267,5.046917747309093,2.7480248988310483,5.895,2.0,1.422206256142332e-10,0.5472157226460899,1.963655276431344e-11,0.07555465576665603,6.750342232612225e-11,0.25972979565895254,3.0075731564421856e-11,0.11572100116319443,5.1584410212878684e-12,0.01984789490975756,0.2908971439913877,1.6587270121249882,10.0,24.447941722690476,7.852021564011415,1.4133702372340429,2.0,6.582702881139062e-11,0.6515256913130595,1.1015936624190607e-11,0.109030680164843,1.4180923016623543e-11,0.14035626153407954,9.978590829252812e-12,0.09876350802626711,3.229703246709259e-12,0.03196611906299755,0.7768137949326155,3.180650319612996,10.0,7.929148466404806,0.6518023532900356,1.966114553085508,2.0,1.3244883718661377e-10,0.6801115567146124,2.125764575012902e-11,0.10915588879680402,3.3322918110854415e-11,0.17110985790471905,1.2947145132163066e-11,0.06648229775274606,4.8813255545078036e-12,0.025065119424413102,0.637928697583201,3.321942356755657,10.0,8.427122856331195,2.5450688870982954,2.77671589526251,5.308,2.0,1.0419246686250588e-10,0.5683289435422373,1.794787208749769e-11,0.09789858604441386,1.5555236998006258e-11,0.08484770229398714,4.327928315316602e-11,0.23607147438175768,1.0571508506593536e-11,0.05766342272257034,1.1538154056925074,2.0759978773714862,8.5,12.154098738069285,14.973197685763797,2.0,6.618971907857972e-11,0.655956683670519,1.2384627567910091e-11,0.1227347591292286,6.845452707556423e-12,0.06784014978128591,1.4035650521456872e-11,0.13909680985778247,4.1970916175723765e-12,0.041594228482155174,1.8091758276613603,3.762940386086235,8.5,7.029150643611771,3.8215823349709988,2.0,6.803149207156104e-11,0.5821874287802871,1.462478303760203e-11,0.12515328671867115,1.0320690570745272e-11,0.08832051339251586,2.1970452913471973e-11,0.18801471350030197,4.816085266426581e-12,0.041214211428703976,1.4170353172933032,2.559719668941501,9.0,6.1011508182193515,8.572769654870608,5.661000000000016,2.0,8.326213385591302e-11,0.34046169724899605,1.981130104451503e-11,0.08100908379310516,1.0654525500307165e-10,0.4356671715253759,3.750699199437283e-11,0.1533673659530144,5.365827480112225e-12,0.021941051068733498,0.18594259353871628,0.7155281298892657,9.0,17.16179261535907,3.408484231312474,2.0,4.8111776264088364e-11,0.5292504686631979,1.1560176902818796e-11,0.12716697488080683,1.9372128368037057e-11,0.21310183938147548,1.1931048409425176e-11,0.1312467227913358,3.294299685540672e-12,0.03623872963906382,0.5967427369463673,1.9062587031061324,9.0,21.849385805121877,0.8765863439517136,2.0,8.450159370895314e-11,0.5167312279912561,2.4518419319107302e-11,0.14993128966068836,2.694426419659111e-11,0.1647654454137259,2.917711290294516e-11,0.17841942048462173,4.479530912272148e-12,0.027392542643582467,0.9099680414434654,1.942575515114387,10.0,40.26044251235117,1.9693460669871403
sub-062,C,M,67,30,366.198,0,4,5.369,2.0,4.190763427916656e-11,0.3281014022614744,8.846367703629042e-12,0.06925959191937071,1.97810395365433e-11,0.15486884243799875,4.684565162294935e-11,0.3667619098934226,1.4085559609168537e-11,0.11027804214907098,0.4472144998894699,0.7617668099605817,11.0,0.7063227059898436,0.44128353523657016,3.6341253702707466,2.0,5.1429229219018354e-11,0.5252565547837241,5.436709963374277e-12,0.0555261587250136,1.3062945880550501e-11,0.1334143648026301,2.097992026938367e-11,0.21427193850026804,1.0434175229272852e-11,0.10656622734121823,0.41619325480548974,1.6704216070391769,10.5,1.3901629846419237,0.6960671067009302,1.3753996977208165,2.0,2.342288031749193e-11,0.28961677415293235,6.9918334280088526e-12,0.0864518887253312,1.9942198614095446e-11,0.24657920605171071,2.3173814717768593e-11,0.28653715394540097,1.1571885303579732e-11,0.14308283383865875,0.35060494398380526,0.7054157236523393,10.5,1.614297415071877,1.2941434028014505,0.6298083281982906,5.2379999999999995,2.0,3.9887227189421206e-11,0.15063762254090704,2.0959115850785443e-11,0.07915394487885366,1.5715662566631214e-10,0.5935158226090791,4.865730461300197e-11,0.18375859147449763,1.278645743546056e-11,0.04828918138759777,0.13336450666284705,0.29563763229063694,9.0,2.9822076219201663,4.649070679134705,1.3679829949372713,2.0,2.4158570533023282e-11,0.30587212913231265,5.961521544013639e-12,0.07547893966006976,2.7938962423869794e-11,0.3537357440356505,1.5089364831493462e-11,0.19104674020154278,7.972744962979623e-12,0.10094307829687302,0.2133766262887552,0.7000061122125683,10.0,5.71194560486932,4.570337685075591,1.0694960720833386,2.0,2.0114892051206902e-11,0.22261956493637175,8.185974801219262e-12,0.09059746103475569,3.731465539604172e-11,0.41297623317441673,2.09806608047039e-11,0.2322013744110809,7.2330470531028345e-12,0.08005102806551949,0.21937693687203708,0.48547411176172983,9.0,1.7510066072413326,2.6328061527111055,2.257996496025462,5.198,2.0,6.359334323828545e-11,0.13808572522417784,8.282191614135103e-11,0.17983838830397114,2.9857725528350276e-10,0.6483266130038197,5.1505440700501536e-11,0.11183821717738947,6.1969292550304035e-12,0.013455928353026595,0.2773885641848727,0.4182304954207916,8.5,2.671923718720639,9.62205608076113,2.0,2.0443074398594184e-11,0.25932088013408733,1.791587298835142e-11,0.22726327073531083,2.4483669064508178e-11,0.3105759186180235,1.8359862632783888e-11,0.2328952898298833,3.4694504106998698e-12,0.04401006015739644,0.731747882278089,0.8953264557639186,8.5,2.0067136506837286,2.903865737977727,2.0,3.601467994112637e-11,0.26317554730555465,2.564949470541164e-11,0.18743245305087988,5.846687384930152e-11,0.42724387804329084,1.973413751477e-11,0.1442062639330023,4.2821295499816075e-12,0.031291456422546014,0.4387013195116822,0.7885342346719167,9.0,2.152999257132494,3.6017820826112867,5.430999999999997,2.0,7.781131717784832e-11,0.40738640496609085,1.2447713494975603e-11,0.06517084448237112,5.701644752462334e-11,0.2985134608106422,4.4446550737219504e-11,0.23270291745085084,5.8437374616896365e-12,0.030595282054435482,0.21831794219729117,0.8895758278293222,8.5,3.0679103583578646,0.5751167682671802,2.0,4.4360507642132184e-11,0.5064802212021929,8.121813357919301e-12,0.0927297284167007,1.559700048181943e-11,0.1780766874412378,1.8600538576772833e-11,0.21236918587235123,3.6333307516727735e-12,0.041483072683780195,0.5207291855499045,1.534681221070646,11.0,1.9842519990334213,0.8413471014882278,2.0,3.221273331135126e-11,0.40171619056605057,1.1316454171114048e-11,0.14112440619043304,2.1893918643200204e-11,0.27303307387486275,1.5498051581213637e-11,0.19327196429516952,3.5811832090400955e-12,0.04465995674908297,0.5168765973572622,1.1641319572415676,9.0,1.1151746248986563,1.107188452233761
sub-063,C,M,66,30,412.098,4,2,5.362,2.0,1.9242872444828514e-11,0.08445783754866745,2.9535481826923034e-11,0.12963256567915765,9.408320481972322e-11,0.4129354414994151,8.383520815278671e-11,0.36795652059366346,6.7895150430135044e-12,0.029799488625263746,0.31392937648666636,0.27416136113628814,10.0,13.188118138845345,6.4419331438073035,10.618374067275578,2.0,5.562439145019268e-12,0.07326486649399434,7.679661122099323e-12,0.10115155099423145,3.564990993463061e-11,0.4695576569538518,2.7093850994005907e-11,0.35686275824904196,2.9136136461335185e-12,0.038376242729809294,0.21541880852381168,0.21105047053490925,11.5,5.077623625686565,2.4508792213315638,0.8880419599822794,2.0,1.8153291998760024e-11,0.102565567673707,2.251213641572901e-11,0.127192910860735,7.748381925907252e-11,0.4377813075654004,5.826133187637275e-11,0.32917481731327747,7.89463986573101e-12,0.04460448382935104,0.2905398395561546,0.2995718673878336,10.5,12.471694711821852,2.9986361129715853,9.859161866295553,5.576999999999998,2.0,2.1588292576934566e-11,0.03823614988867545,2.8959942002014044e-11,0.05129246230150872,4.378531600983895e-10,0.775504547156248,8.524870463856546e-11,0.1509884228574067,1.1106981045881372e-11,0.01967215288413981,0.0661407627970676,0.09663172316230816,10.0,18.661513112913923,11.413348682807898,15.729625879912064,2.0,8.90649669147402e-12,0.05536673600354058,1.0896216791769084e-11,0.06773571915484325,1.0292064994824317e-10,0.6398004347154945,4.201714880235935e-11,0.26119724353444984,3.997336120989566e-12,0.02484921528574868,0.10587007366596095,0.13662904814304544,10.0,4.844566055858291,10.305745507989572,6.871337611501124,2.0,4.1752343032238796e-11,0.14352616089529202,2.1328888831223577e-11,0.07331932312742942,1.755660241089081e-10,0.603518643362006,5.7182672581060545e-11,0.19656883588437077,6.541992311275805e-12,0.0224884874201894,0.1214864262005086,0.27102721845737904,10.0,14.25454459368843,14.135576654019495,11.305993757976434,4.972999999999999,2.0,3.5525403588109784e-11,0.16635423262059704,2.4570235546026135e-11,0.11505464447234368,6.181095739626052e-11,0.28944117016705345,9.233284036434153e-11,0.43236549773163,2.0761348297792928e-11,0.09721882977859353,0.39750614747010216,0.38986738361973783,8.0,3.053414185737551,12.9026281168621,2.0,7.854725312622309e-12,0.08798959519191296,1.606054901547354e-11,0.17991223756233526,3.301729750203897e-11,0.3698638113883922,3.221496269202466e-11,0.36087595855691357,1.1870304721109276e-11,0.1329726076527001,0.48642833395076407,0.36661728808642785,8.0,2.9673911421647,3.4272709513166415,2.0,1.0185514189114148e-10,0.321311972796642,2.925142062765065e-11,0.09227645747153243,1.074116238610255e-10,0.33884043675441183,7.544210819846916e-11,0.23798948356573912,3.1225252351480924e-11,0.09850310203141459,0.2723301219754167,0.7170023878765259,9.5,2.6022766017617105,14.348841868360692,5.535999999999987,2.0,2.86074103669416e-11,0.06313108651271117,4.209028925134396e-11,0.09288522302397106,3.1350585998434897e-10,0.6918475078675845,8.464886272561623e-11,0.18680385981769698,7.25009245360365e-12,0.015999568225250005,0.13425678631157076,0.17756338324231086,10.0,4.062942645244914,8.181264977281968,2.0,1.1874361777183461e-11,0.08490987750327637,2.4096996056080568e-11,0.17231014362811953,7.492678425834025e-11,0.5357781910699985,4.0081781333984634e-11,0.28661238448379156,3.6321867840071764e-12,0.025972640945779037,0.3216072369127237,0.3127711196814073,8.5,4.190119803346687,8.225621325034497,2.0,3.652149074076553e-11,0.09424001581678913,4.615315389000543e-11,0.11909354915060744,2.5336444839822385e-10,0.6537813528462825,7.409494539987874e-11,0.19119451820827657,9.974900055744109e-12,0.025739221481858695,0.18216112868946996,0.2524729667145985,8.5,3.3074622288294577,17.81622308363174
sub-064,C,M,66,30,410.098,2,3,5.311000000000002,2.0,3.110636128621084e-11,0.2869144030918047,2.76022609618064e-11,0.25459378404865185,2.3721211878072662e-11,0.2187963189904974,2.6777110651615427e-11,0.2469828807182643,6.717767951538483e-12,0.061962386541794874,1.1636109109299466,1.1625855930858355,10.0,2.544572215149218,1.784253390889499,2.300402309142078,2.0,8.523220998623146e-12,0.17396107858952847,1.2927103281357033e-11,0.2638454206721119,1.1272290320433908e-11,0.23007027303806357,1.4397720617824034e-11,0.29386108940645383,4.99254471839219e-12,0.10189909005741597,1.146803614339435,0.8356180420636733,8.0,3.3142554863421902,1.7367261106431726,1.9049336416054503,2.0,3.161997972140971e-11,0.2975594472253963,2.4762463973770908e-11,0.23302687594657195,2.0759079091927117e-11,0.1953530696074312,2.641244351885035e-11,0.24855398904698353,8.025946267674589e-12,0.07552807294347975,1.1928498303858115,1.1952644429225758,9.5,2.0200223698415116,1.1034526315942177,0.8685594299898379,0.0,,,,,,,,,,,,,,,,,,,,,,,,,,,,,,,,,,,,,,,,,,,,,,,,,,,,0.0,,,,,,,,,,,,,,,,,,,,,,,,,,,,,,,,,,,,,,,,,,,,,,,,,0.0,,,,,,,,,,,,,,,,,,,,,,,,,,,,,,,,,,,,,,,,,,,,,,,,
sub-065,C,F,71,30,220.698,0,3,4.979000000000001,2.0,1.4058624937936382e-11,0.11193250280909077,1.5056845176142323e-11,0.11988017124112725,8.502704970691461e-11,0.6769716470980078,1.5661865150678575e-11,0.12469724263312326,1.7229857383281763e-12,0.013718134372802388,0.1770830015629469,0.2891626169102869,9.0,1.1605747459311981,1.9888525718443,1.6584038241964,2.0,2.7702247641003047e-12,0.12362196669419145,3.794473053814717e-12,0.16932930048115957,1.2073198121946702e-11,0.5387694585166263,4.978498387065716e-12,0.22216672443645785,4.734284614160653e-13,0.021126862429253775,0.3142889742625122,0.38498795791054274,9.5,1.0007754503311357,3.7067132830234817,3.3743423400513954,2.0,8.126980145024616e-12,0.17743361962752977,6.925061922716662e-12,0.15119254399121906,2.466526891812483e-11,0.5385085068663026,7.129486432784196e-12,0.15565567545144204,1.548225542038752e-12,0.03380188668135327,0.280761663118455,0.4734127343210059,9.5,1.389759192379067,5.771040494271745,1.8872345580469667,0.0,,,,,,,,,,,,,,,,,,,,,,,,,,,,,,,,,,,,,,,,,,,,,,,,,,,,0.0,,,,,,,,,,,,,,,,,,,,,,,,,,,,,,,,,,,,,,,,,,,,,,,,,0.0,,,,,,,,,,,,,,,,,,,,,,,,,,,,,,,,,,,,,,,,,,,,,,,,
sub-066,F,M,73,20,318.898,2,13,5.679,2.0,3.919894372438013e-12,0.15156785248122734,2.6399260070586486e-12,0.10207619838244715,4.401534787924543e-12,0.17019111028040515,9.024930058812678e-12,0.3489607468572536,6.391034623216973e-12,0.24711772842279173,0.5997739730016887,0.48857390641370285,11.5,1.0732625469744097,1.8814265730747093,3.037490201015051,2.0,4.122039666527501e-12,0.179536865459229,2.799466933057056e-12,0.12193175194289992,3.864814977360607e-12,0.16833335502560604,7.444658220039796e-12,0.3242546674392394,5.280862630980408e-12,0.23000980106669097,0.7243469479019905,0.6120096381832829,11.5,3.0525920006834566,1.4211153777683159,2.562940791002335,2.0,4.707416552877366e-12,0.17362794683253316,2.864473516016823e-12,0.10565299453649707,4.911942628234093e-12,0.18117166898650283,8.938208791847996e-12,0.3296761235078008,6.291922730153331e-12,0.23207073625080343,0.5831651004129579,0.5467008871769655,11.5,1.9806792684333374,1.4242453848220074,2.466250353043615,4.935000000000002,2.0,1.4702011415692617e-11,0.2768180675983482,2.1440355540632474e-12,0.04036915508747628,1.845597878397841e-11,0.3474999602546786,1.0961691924617848e-11,0.20639314515442986,8.529150769349675e-12,0.16059183791043963,0.11617024375453225,0.5726506063864945,10.0,26.169140806442346,1.7614520001932035,5.6541260350925935,2.0,1.2414302546729408e-11,0.28604880342991024,1.8815743345406294e-12,0.043355000003731436,1.5196636138596525e-11,0.3501589853511742,9.215705984656812e-12,0.2123471423183129,5.862593875743623e-12,0.13508515334144094,0.12381518629387944,0.5856003823431949,10.0,25.809726802417238,4.847777084372197,4.411669787746759,2.0,1.2903544218704065e-11,0.2573862399997022,2.2284702123445864e-12,0.04445116467112141,1.829266894110354e-11,0.3648827948746967,1.0694336740229121e-11,0.21331930795171045,7.647372897366492e-12,0.15254169882067287,0.12182313141507876,0.5220275111338428,10.0,27.15908815601289,2.7706064247662585,4.992519604644994,11.38900000000001,5.0,9.341596933258623e-12,0.2785741978871112,3.0173760725337117e-12,0.08998066659643678,4.709858428351192e-12,0.14045189952143478,1.0977601236717176e-11,0.32736120827001897,7.263824395287156e-12,0.2166132909573191,0.6406511190167604,0.7878250060659822,9.5,2.0694830452639295,2.373469346999055,5.0,8.558917057066243e-12,0.31819120066455486,2.616011755239321e-12,0.09725435073178636,3.4835849931247894e-12,0.12950775012643317,8.16718713432055e-12,0.3036280247833517,5.583472060604134e-12,0.20757435397435645,0.7509539053596473,0.9591577871462402,9.5,2.067412105568619,2.672013737002084,5.0,1.0307206925160691e-11,0.31124666136915513,2.879322989502118e-12,0.08694689783498429,4.419821910868038e-12,0.1334653338768077,1.0094555318954125e-11,0.3048252221812977,7.149485399080112e-12,0.2158929647118261,0.6514567888860094,0.9085150334641245,7.5,1.915068751215461,3.047314145113299,5.445000000000007,2.0,4.082329811456746e-12,0.15487755266390354,2.7623783393162597e-12,0.10480054686527464,6.929772245562621e-12,0.26290530542116974,9.448853920391008e-12,0.3584755368275064,4.692329165842677e-12,0.17802002558922106,0.39862469377476417,0.4179049012670642,10.0,3.4082596424327005,1.5573412127925816,2.0,4.562135717707512e-12,0.21481049486180742,2.20303212542003e-12,0.10373089498874834,5.022128832062193e-12,0.23646950604466763,6.983856464067079e-12,0.32883845547758933,3.5616464232846336e-12,0.16770194445092337,0.43866499627717,0.5634829359076953,10.0,3.0633817151390397,1.4639892421681824,2.0,5.175722573447182e-12,0.18951424874894401,2.6481001165870546e-12,0.0969628292639994,7.28935242729492e-12,0.26690691580190545,8.834860047954875e-12,0.3234972201524074,4.739020747261501e-12,0.1735239754407381,0.36328331535614405,0.48522200399204485,10.0,2.9095028155104847,2.057675024812158
sub-067,F,M,66,24,373.898,3,2,5.116,2.0,3.288584315334633e-11,0.3442151927217013,2.2977914966688722e-11,0.24050918785084582,1.8591203721578687e-11,0.1945936049780267,1.8239819207473198e-11,0.19091567317988956,9.225419881628416e-12,0.09656220969265955,1.235956278614623,1.5167582564200344,10.0,0.68235423074967,4.835736362992371,4.951509498378775,2.0,2.4151600031800992e-11,0.33175041349228745,1.977649523078576e-11,0.27165324291569026,1.088552413077576e-11,0.14952537830661639,1.3478760870350742e-11,0.18514651146154626,9.388407523280521e-12,0.128960734435041,1.8167701429160656,1.802970834586597,7.0,0.9205550662653366,1.4145270987696628,7.2073454926357625,2.0,4.938200631719675e-11,0.43350587554401676,2.422881556856789e-11,0.21269556848258017,1.638245047080108e-11,0.14381530975641943,1.7930839092270317e-11,0.15740802530387712,1.1331774253446551e-11,0.09947734175994398,1.4789494167402868,2.145256920076412,7.0,1.598810874947998,2.418860886101687,4.35747926818617,11.147000000000013,5.0,7.1999579275247e-11,0.41630883347902814,2.3630312914732497e-11,0.1366328540152841,5.654510611328039e-11,0.3269495100099925,2.112035436936873e-11,0.12212002040404184,7.809857227828842e-12,0.04515738265255339,0.41790199964241637,1.2313052880352615,10.0,6.089930852075613,1.557706278061496,1.7841214971438204,5.0,5.818774617922645e-11,0.48236560071074003,1.7040270142930652e-11,0.14126067228055858,2.4949057046311742e-11,0.20682304573616797,2.0698261449116455e-11,0.1715847403131664,7.175726269848002e-12,0.05948543705455966,0.6830025724539254,1.648027064934637,9.5,2.309966424767918,4.035049902733632,2.6135856998479947,5.0,1.3842603763790363e-10,0.5610913256522378,3.6118860895770547e-11,0.14640294475573046,4.3779787511694796e-11,0.17745548042028123,3.146724697055784e-11,0.12754825333887995,1.0675760992300412e-11,0.04327276132244136,0.8250122476296212,2.3196249491379146,10.0,2.4626236849852727,6.243729847244051,5.226903461742461,5.5760000000000005,2.0,1.3815666841779332e-10,0.7120508103967366,1.9101075831840093e-11,0.09844574772446944,1.764175705629754e-11,0.09092451021452946,1.56938697860371e-11,0.08088522130263934,8.941182090609835e-12,0.04608229212845989,1.0827195823457745,4.717407744975223,9.5,0.7992713594492635,2.6051191562082594,2.0,4.882614614192551e-11,0.5289829308737948,1.2958833658886002e-11,0.14039612689598124,1.1672550842430759e-11,0.126460526650095,1.612550078539822e-11,0.17470382861003816,7.1891948060289e-12,0.07788780478519773,1.110197233991005,2.2226370620507008,7.0,0.2980688941692613,3.7609541743643597,2.0,2.7092576992328917e-10,0.7523985665013668,4.4563133046297666e-11,0.12375802210449612,3.075196906830341e-11,0.08540249770495126,2.5176339335151264e-11,0.06991819800266054,9.774812634989514e-12,0.027146015000595738,1.4491147850506154,5.640951996862098,10.0,0.4878153597346458,6.815223772545405,5.3089999999999975,2.0,8.334098941058127e-11,0.5510107138197151,2.6108231547502366e-11,0.17261512496194575,2.4138996517437516e-11,0.15959548591915493,1.3971523413489198e-11,0.09237302249063678,6.8265803851124906e-12,0.04513408057129357,1.0815789930887274,2.8718899966847613,9.5,3.1312802466812273,2.2007680520165636,2.0,2.6156383458882234e-11,0.40108086854921604,1.67346966367852e-11,0.2566091245963207,8.167197022862033e-12,0.12523545086771945,1.0332273486242151e-11,0.15843464102996183,6.6634591619847496e-12,0.10217719863422145,2.049013460792067,2.3185031201060244,7.5,13.38689506880652,2.9407276710773234,2.0,1.1764452369245383e-10,0.6192224522408357,2.7933297086615285e-11,0.14702702835844114,1.678707314690024e-11,0.0883588311101014,2.4105419405522184e-11,0.12687897785707747,1.0313236232816665e-11,0.05428376290016301,1.6639766111803242,3.56001338369004,8.5,19.830717384770814,4.1431897070347405
sub-068,F,M,78,25,247.398,3,9,10.147000000000007,5.0,3.6477053022623446e-11,0.3304346706359167,2.3909943548458994e-11,0.21659299934285614,3.2384197479622495e-11,0.2933587212034579,1.692487779948833e-11,0.15331738607717288,6.260541364290897e-12,0.05671236441246956,0.7383213236487994,1.224662929273481,10.0,5.554427949906578,3.7093246714870607,2.3364144569552203,5.0,3.329002179352189e-11,0.3479947903942326,1.585139335194712e-11,0.16570137265698037,3.251893283057819e-11,0.3399342687250303,1.3568425571552674e-11,0.14183653714732775,5.122551241398019e-12,0.053548212031537645,0.4874512160202792,1.0662666911106136,10.0,3.6029033214802433,5.53224764393435,1.7614136046913633,5.0,6.236978376056695e-11,0.48727043541277937,2.0036713898999272e-11,0.156538915435193,3.469733940778537e-11,0.2710765800600056,1.2569927278276895e-11,0.09820386681964789,4.746087536004661e-12,0.03707930348218245,0.5774711906153659,1.7434157597241708,10.0,2.51715515292413,4.387303993827056,2.00229070295693,4.949999999999999,2.0,2.782490612805025e-10,0.8013629095863475,1.79939722133181e-11,0.0518230029654763,2.0796400110837463e-11,0.0598940518435105,2.8962611931285106e-11,0.08341290662280929,7.333917386641256e-12,0.02112183002012004,0.8652445672047366,5.953555372904943,8.5,1.1513912683338772,7.193917329669275,4.258838767578986,2.0,5.975576030565397e-11,0.5793273741434628,8.350135886665847e-12,0.08095390757676478,1.542375470366954e-11,0.1495320830360903,1.6710011200012734e-11,0.16200223812557324,5.7286722901410946e-12,0.055539025161760715,0.5413815278506229,2.1194495658075176,9.5,1.367557478767134,1.7628924183615697,1.9955333077545072,2.0,5.54741156196995e-10,0.8925363595229661,2.490830645910802e-11,0.0400755720403048,2.831355290066342e-11,0.04555435476315203,1.5378096885625523e-11,0.024742189140575643,4.915727063971126e-12,0.007909031246506736,0.87973086763422,13.26682479355598,9.5,2.2144819940967633,0.5965568013769179,1.453940557471931,5.079999999999998,2.0,2.97988552735342e-10,0.8454441617320027,1.3634568600894747e-11,0.038683588062521534,1.816788872085186e-11,0.0515453875964249,2.1405456957668187e-11,0.06073091884888333,7.910067156635197e-12,0.022442204692422526,0.7504762281621596,7.874571027371643,11.0,0.35283781489097343,5.3082338634237445,2.0,4.216802146312209e-11,0.5239585530437277,6.824186812219471e-12,0.08479390124949603,1.483008002317464e-11,0.18427108981769064,1.2226224066913211e-11,0.15191688983773222,7.040816841439702e-12,0.0874856366622025,0.4601584618259284,1.8107502086099772,9.0,0.20619165065598458,2.7084837745173544,2.0,8.989537364245324e-10,0.9368712484425087,3.764281372052889e-11,0.039230572671635294,1.9057956059734676e-11,0.0198618130866905,1.0988682009749833e-11,0.011452180258084206,7.0401259571901446e-12,0.007337075677485605,1.9751758059753313,31.171425834036075,9.5,0.21601515780557426,1.0788544859979812,4.818000000000005,2.0,7.936031252994555e-11,0.5005544912291595,1.720893012653243e-11,0.10854301085110037,4.083972554698621e-11,0.2575910728098063,2.1477513342680367e-11,0.13546652503486847,8.187256401582274e-12,0.05164001793856729,0.421377222692976,1.5496393032986424,9.5,1.5198396307945437,1.0039473087100268,2.0,2.1386444957167214e-11,0.259530112075652,1.2266927698334057e-11,0.14886238113668487,2.7906714372558788e-11,0.338655289520018,1.9258207210513416e-11,0.23370338949417932,7.097812841440755e-12,0.0861338182161866,0.43956904186457596,0.7135254660866367,9.5,3.0761667869188303,0.42862348469683065,2.0,2.917647128828611e-10,0.8034443355932369,1.9008121919494142e-11,0.052343437064696255,3.5760198896814414e-11,0.0984743115760823,1.510904100185923e-11,0.04160637963804584,6.573615708612259e-12,0.018102032467413882,0.5315440770992865,6.109248642625349,10.0,3.763350487470436,0.3619735083810109
sub-069,F,M,70,22,533.198,2,10,11.29299999999998,5.0,9.37846064426206e-12,0.07334880166660053,2.6051499764122472e-11,0.20374839345145682,4.473916118506633e-11,0.3499043163870643,4.6896312575730073e-11,0.36677536543448247,6.883929851606516e-12,0.05383911331772796,0.5822974565025665,0.3866402273520216,10.0,5.191744361022424,2.0340148205862776,3.360200363617096,5.0,1.3015704696660956e-12,0.12038354981925838,2.198374988330237e-12,0.20332989346090297,3.4132734510285523e-12,0.3156970629827368,3.5090427369110556e-12,0.3245548596728759,8.610948400059059e-13,0.07964351987606988,0.6440664716352512,0.5056032349539459,11.0,3.7126628117024443,1.2289112259247295,1.730061384461316,5.0,6.779350059276553e-13,0.10066018896552668,1.08172606235745e-12,0.16061532284623709,2.1372503926930753e-12,0.31734019708976197,2.334508571718827e-12,0.3466292076912395,7.315068043319632e-13,0.1086145611449391,0.5061297759287832,0.3935053481838382,11.0,3.792855526852808,1.145252656387152,4.045541644006618,5.414999999999999,2.0,3.154350667066346e-11,0.12664507222112295,2.5873931269693797e-11,0.10388210570584037,1.4295295777618757e-10,0.5739465764161858,5.2085823036441e-11,0.2091211002320674,6.868120240228359e-12,0.027575043983807713,0.18099612398508733,0.2943898526289369,11.5,0.7592658837076132,4.104467695931552,4.8106903972987105,2.0,2.9529501131286124e-12,0.2231666705664741,1.823328232370033e-12,0.13779646637401638,5.329897383630172e-12,0.4028024206292785,2.9461728625505794e-12,0.22265448567030197,5.612263152297192e-13,0.04241419712688926,0.34209443468275014,0.5771191161291565,10.0,2.117301121884858,0.9025629408056925,1.6219990882024828,2.0,3.5515979774797275e-12,0.24072553799784097,1.381303152147672e-12,0.09362403812236092,6.545860112079364e-12,0.44367513078073517,3.149929213913713e-12,0.21350062971163608,7.77373570782682e-13,0.05268999257195123,0.21101935093276625,0.5087673590847287,12.0,0.6436290715251076,1.4558555694342523,8.98822416766135,4.302,2.0,1.0550730585336456e-11,0.05085877265336842,1.037163662884468e-11,0.04999546762030591,1.3291141042778497e-10,0.6406865525862249,5.196449331854468e-11,0.25048979597758037,9.394211514282639e-12,0.04528388473179088,0.07803420786419178,0.11316979006030421,12.0,3.5852867569126174,8.731243517138708,2.0,1.473540695297793e-12,0.0983846239310958,2.954037275951894e-12,0.1972336749167494,6.7100793219911685e-12,0.44801520090254965,4.180698956607234e-12,0.2791348049819574,6.430581615216374e-13,0.04293538386080494,0.44023880109293617,0.40654376188617974,12.0,1.6525577351303518,3.87360387778771,2.0,1.0374723278303963e-12,0.08212605611969952,1.3644607385804385e-12,0.10801037886391,7.694638293927352e-12,0.6091056883120773,2.613182797685956e-12,0.2068589121240391,6.027593318448444e-13,0.047714281514653366,0.1773261700497706,0.23302044584040227,12.0,1.11527903824464,4.167140139822374,5.501000000000005,2.0,9.625017312654536e-12,0.026304116592766883,2.2154673791292275e-11,0.060546293430005935,2.7436175929485516e-10,0.7498005947064775,6.642700731417066e-11,0.18153772492473835,6.763739044054577e-12,0.01848455692479095,0.08074986050618943,0.09325334112437592,10.0,10.458191709912914,1.7980642357253094,2.0,9.683605165696725e-13,0.03808880570931592,4.525993844037422e-12,0.1780222316144981,1.4214238751558482e-11,0.5590927850216485,6.681015873379511e-12,0.2627863395788286,8.892855131594339e-13,0.03497852561236881,0.3184126792256941,0.26294747105161914,10.0,5.966096456732787,1.1474582820936396,2.0,5.5116689459239e-13,0.035478397795565345,2.5559082627802486e-12,0.1645228168918802,9.016689579183829e-12,0.5804007875436527,3.773605070986547e-12,0.24290548497263065,7.691342901629075e-13,0.04950887394060509,0.2834641517082818,0.24292443937804437,10.5,4.210330850834071,2.069203590211298
sub-070,F,F,67,22,422.798,3,9,10.253999999999998,5.0,6.123164561437466e-12,0.1187611200207636,7.511150710261253e-12,0.14568164256326438,1.4590899537607483e-11,0.28299608050872127,2.091971788491529e-11,0.4057459344107018,5.261495687636315e-12,0.10204872245037538,0.514783251772898,0.38395038614707644,10.0,3.7715070812964533,4.453856228853378,2.087808855953931,5.0,7.704632678584131e-12,0.16968095117288134,7.300591118055897e-12,0.16078264814354018,8.908725002847539e-12,0.19619896175226778,1.815203669694786e-11,0.3997666054897736,5.707638695695353e-12,0.12570067947933722,0.8194877623590776,0.5545011616119246,10.0,4.284361284705682,2.9996337190217797,0.9323911512776968,5.0,2.1541695385058815e-11,0.22654894399546932,1.4563652854810032e-11,0.1531625118634926,1.3817472381673134e-11,0.1453151073209303,3.531513777011999e-11,0.37140099819740136,1.4663305330034242e-11,0.15421053350826242,1.0540026752017684,0.7348550815501741,9.5,2.9442394123514637,1.557312637091858,1.1496138188838885,6.047000000000001,3.0,5.6934386386158465e-12,0.09554550225074046,5.909351056276319e-12,0.09916887675198156,1.641479177436914e-11,0.2754678892622109,2.947246449865571e-11,0.49459765913553017,5.8189674864162055e-12,0.09765208801925906,0.3600015850035618,0.25285429195976894,9.0,1.3861170908808333,13.805764578909399,7.085928486261533,3.0,6.027189475645421e-12,0.11384411073853276,7.482504638073218e-12,0.1413327206752818,1.9553405727825488e-11,0.36933301931007406,1.9346083506435424e-11,0.3654170292742769,5.623105874518231e-12,0.10621160832256668,0.38267014668576305,0.3472974679014529,10.0,1.6235440288081395,8.355816119684237,2.1349414180643667,3.0,2.0864403013640517e-11,0.16397409475376507,1.4872003272452232e-11,0.11687960936055003,4.246309408047866e-11,0.333718985764335,4.5878757850583265e-11,0.36056281035495336,1.4596866862126528e-11,0.11471730240226022,0.35023362273756825,0.40452407896067044,8.5,1.2108694537470788,8.41234348166311,0.8532474363764975,5.098000000000006,2.0,6.21876693105125e-12,0.10068182798993885,1.0847897827005876e-11,0.1756274507760671,8.93676065165904e-12,0.14468614255744233,3.2312449945090034e-11,0.5231385198022069,8.479043920091274e-12,0.13727570930809194,1.2138512207991214,0.41374524533088114,7.5,6.511190026072441,4.057958880138723,2.0,6.525837992172318e-12,0.12617275349007284,1.0303568126344346e-11,0.1992126624707494,5.35029533597276e-12,0.10344441515932627,2.441619397791164e-11,0.472070932137155,8.452751571166966e-12,0.1634283507468222,1.9257942747698826,0.5653809537648999,7.5,7.234436974975362,2.4773701172592473,2.0,1.8097799544663805e-11,0.15877953515072624,1.5154243612903576e-11,0.13295449264312154,1.4515852880431722e-11,0.1273536247864378,4.78188255773364e-11,0.4195344786467065,2.3422686269731818e-11,0.20549698479702125,1.043978864881749,0.5334437263536335,10.0,5.805873222768242,1.6898292881523098,5.468000000000018,2.0,5.601826268126251e-12,0.10078396807859388,4.912408184196625e-12,0.08838046128672586,8.040738942682444e-12,0.14466310416275666,3.070457513187368e-11,0.5524142970240009,8.04029108068155e-12,0.14465504655664013,0.6109398923673816,0.2713678983758071,8.5,5.130039694439923,1.4114110452029447,2.0,5.667253181750459e-12,0.11175893972826711,6.737652417694225e-12,0.13286734619230886,7.246823781479051e-12,0.14290826900476236,2.6033548450951472e-11,0.513384823111811,7.364525443845192e-12,0.14522936046978696,0.929738685645133,0.37273938863449824,8.0,2.653102217747851,0.8437625228613536,2.0,1.3282789085851314e-11,0.14116497323451507,1.2207856782356418e-11,0.1297409576252175,1.2866791694023254e-11,0.13674389417472718,4.4492263925027575e-11,0.47284867700035116,1.5673726680433917e-11,0.16657504632708325,0.9487879397338096,0.4444049085728226,9.0,1.044790259883733,0.43574523050624586
sub-071,F,M,62,20,510.798,3,11,11.411,5.0,3.4439066136447934e-12,0.10851410421275706,4.300150263632303e-12,0.1354934979913595,1.2854955573930221e-11,0.40504698451260085,1.0203259789373525e-11,0.3214946629816221,2.0684932562626645e-12,0.06517618447728994,0.3345130396524267,0.3358480591521173,10.0,10.23807144085011,27.339951991234653,3.1923199979036254,5.0,6.969635271048318e-13,0.1335067994307667,5.495367739998544e-13,0.10526647810537991,9.883355136618184e-13,0.1893205398292031,2.765751844417397e-12,0.5297934000961966,4.850841967206996e-13,0.09292026919635929,0.5560224907468932,0.3320381712540807,12.5,2.5237250060059755,3.62193429457346,2.3367783879202606,5.0,4.3887885515629425e-13,0.14842642990124522,3.7045849972064086e-13,0.12528703967869342,5.229125762316778e-13,0.17684617504046904,1.431908801523003e-12,0.484263729858989,3.098902016792158e-13,0.10480317234750974,0.70845207508742,0.41402112954511716,10.0,2.251303584684305,6.583679762583287,3.4381064612106127,5.556000000000001,2.0,4.640076391189365e-12,0.08406815564926537,3.063453996539808e-12,0.05550316539927893,2.2232800309675972e-11,0.4028102900421832,2.3799974163128772e-11,0.4312040931467391,3.5851211596445703e-12,0.06495464691977187,0.13778983996031113,0.1673488177924245,10.0,25.966501545513566,42.61854902197273,9.602399839609987,2.0,1.829466963217863e-12,0.22889143674908305,8.153760314929818e-13,0.10201473712918258,1.3734509283609826e-12,0.17183756942183723,3.679880450560873e-12,0.4604035712742392,5.593133949289867e-13,0.06997778540538614,0.59366957687088,0.5233860193184343,9.5,1.6445892769358665,19.057799828907946,3.0629256095345014,2.0,1.210813732175091e-12,0.257334926749447,3.4314203441898547e-13,0.07292817049013844,8.181501012795498e-13,0.17388190337469717,2.0418671331941328e-12,0.4339591757096402,3.756158035069106e-13,0.07982983898584331,0.4194120783977498,0.5433379029549956,10.0,4.210124488119834,28.556948877334893,1.3928639189727745,5.492000000000004,2.0,4.3797375669778036e-12,0.11314076282893397,8.77358972465888e-12,0.22664614466409036,6.169242298932558e-12,0.15936863090621187,1.783246699527379e-11,0.4606620575121071,7.624286964239982e-12,0.1969564682744336,1.4221502900245857,0.548016273774789,7.5,2.4627858122155555,29.347040425026606,2.0,9.56981649994211e-13,0.14146039903178462,1.7546395654847444e-12,0.25936966826054675,1.1300623523959839e-12,0.16704507479500796,2.688480699980881e-12,0.3974094514882785,1.1158616489173557e-12,0.16494593613270347,1.5526927003315505,0.710119325168037,7.5,2.680167890445116,10.810280480715981,2.0,6.597485588061561e-13,0.22417511029154072,4.2222067310698927e-13,0.14346581693547564,3.7052794553579687e-13,0.12590121182968805,1.2498476652452491e-12,0.42468412316198906,5.056240000990514e-13,0.17180532564309586,1.1395110090723193,0.6677274236382882,8.0,1.7265825324419533,6.785992941931203,5.277000000000001,2.0,6.020730422795271e-12,0.1752237101680785,2.3682752708861636e-12,0.06892485637503781,3.1419468329706826e-12,0.09144132730798529,2.0697638513140162e-11,0.6023715990104634,2.8711091747216644e-12,0.08355903130749538,0.7537604538797942,0.35189394328328805,10.0,23.916438898234126,5.895040463810769,2.0,1.577121044092639e-12,0.23128863203250086,5.095669453925986e-13,0.07472923030878749,1.051135067202048e-12,0.15415151087177562,3.3739538824953222e-12,0.4947985323929585,4.943012067617705e-13,0.07249047265723303,0.4847778000109763,0.4715584281368954,10.0,9.563233383654932,4.059762578099037,2.0,9.414339972306945e-13,0.26565845633933816,4.20031244191315e-13,0.1185264737351661,5.771033816234282e-13,0.16284985879124073,1.4267851738412212e-12,0.4026172285316689,2.9565575778875274e-13,0.08342958980984258,0.7278266902712311,0.6794116557576333,10.0,14.063524937174465,4.615949159867558
sub-072,F,M,65,18,351.698,2,8,10.50499999999998,5.0,7.914577136008271e-12,0.24597210151633406,4.323055658290665e-12,0.13435349317703868,4.3220548441151024e-12,0.1343223895107581,1.4550406522471899e-11,0.4522028162397136,2.224521954297227e-12,0.0691345008791812,1.0002315598046898,0.6484386194566658,10.0,3.4485321438731638,1.9429101590257296,3.7677361813815757,5.0,9.533123367265248e-12,0.2477412607019108,4.9667387738660166e-12,0.12907271604601203,5.685202180160968e-12,0.147743724821047,1.6989143651649824e-11,0.441503975597139,3.1825556420917568e-12,0.08270640341581696,0.8736257069621737,0.639483151958845,10.5,0.9358142372422384,0.8338687581356294,6.501164678463247,5.0,1.5848851305716857e-11,0.30241474698240145,7.609923745897646e-12,0.145206306739775,8.065097435524388e-12,0.15389155676365937,1.950582791369087e-11,0.3721941672248075,4.358562538507618e-12,0.08316650600503164,0.9435625306122359,0.8508519302302707,8.5,1.3634927984961875,0.8608815692805288,5.662023148208466,5.759,2.0,4.226841434126331e-12,0.15652871860457607,2.9873035964671383e-12,0.11062605761895426,7.51075775230369e-12,0.2781389614537277,1.0551975549623578e-11,0.39076157392471295,2.7797850782532272e-12,0.10294121581710941,0.39773664588647883,0.3993938741167003,10.0,4.395538388393555,6.2597975249436395,3.3078543123845234,2.0,9.826635751089182e-12,0.29596689631067125,4.005310288911897e-12,0.12063531049668332,3.909639147611375e-12,0.11775380644235049,1.3966611930914195e-11,0.42065818759081336,2.667181221120033e-12,0.08033241161152287,1.024470580963712,0.7737610072291475,9.5,2.1436447993372036,10.39091314467422,1.1112752955918244,2.0,1.6995580106195945e-11,0.37911835619059736,5.661164393882221e-12,0.12628291154068494,4.96984457672851e-12,0.11086172373517128,1.503677790891682e-11,0.33542359175803405,3.66701570509477e-12,0.08179967718394074,1.1391029048254029,1.1324622392577401,10.0,2.6638836311571352,8.847150854906777,1.3172690145153285,5.530000000000001,2.0,2.7371241283520353e-11,0.5016541339556955,4.861761417501845e-12,0.08910530173377729,7.511155914103602e-12,0.1376628255936817,1.4518810295656326e-11,0.2660975850342492,2.5872817704435064e-12,0.04741913537668627,0.6472720674554201,1.4631435379479618,12.5,15.312443970668294,3.2406574986012697,2.0,2.8016838555202187e-11,0.34592996347210875,9.786194701937412e-12,0.12083226196638668,1.5703833470054954e-11,0.19389862735456612,2.7158155207534502e-11,0.33532761451301696,3.2151508225822583e-12,0.039698162389799105,0.6231723432751841,0.881971052288226,8.5,22.689855603850784,2.771030324259292,2.0,3.8309518918959863e-11,0.39335383946084196,1.0754570482016551e-11,0.11042559943919822,1.835605863478895e-11,0.188476032722747,2.868900204208175e-11,0.2945724567156529,4.428086058492269e-12,0.045466628183339554,0.5858866925623221,1.042916911893757,12.0,18.485576336882257,2.2571219466404213,5.374000000000002,2.0,9.324893282585374e-12,0.2683555868025893,2.3981697321821054e-12,0.06901550787008111,5.9853110786311414e-12,0.17224772638435748,1.5357479846969902e-11,0.4419638264213899,2.4061367616549383e-12,0.06924478629766895,0.4006758714253118,0.5492750716451739,10.0,11.052511658220585,2.1958617436791816,2.0,1.0343337563819011e-11,0.23265830895493625,3.3400421692436675e-12,0.07512938238162738,6.191967696776919e-12,0.13927929206090808,2.293529109422294e-11,0.5158959579968408,3.3237875566991247e-12,0.07476375855430885,0.5394153091241491,0.46977917940189945,10.0,7.328275300747867,1.562100695529484,2.0,1.5689160735044166e-11,0.30079277280393807,4.9775154236348674e-12,0.09542898382099375,5.752784848349997e-12,0.1102924582839266,2.3267865917946174e-11,0.4460917970619271,4.346013782063954e-12,0.08332182697518055,0.8652358040232477,0.712136896071289,10.0,9.289872329354555,2.8255138596640306
sub-073,F,F,57,22,603.198,2,10,11.112000000000002,5.0,5.660810817016433e-12,0.1345559152725965,4.4671317679727125e-12,0.1061824927757722,1.918987147714953e-11,0.45613796398380024,1.0759776810651487e-11,0.25575693371239316,3.487732163863804e-12,0.08290243371561967,0.23278591382396593,0.33816566016618044,10.0,4.744192731176468,14.516600973475898,1.8426018017671453,5.0,1.9594203378945554e-12,0.26484040069006515,8.557280273064118e-13,0.11566244835300116,2.3094069005575017e-12,0.3121455039898459,1.931002593975174e-12,0.2609993837623733,6.402946497897049e-13,0.0865439070578515,0.37054017076844925,0.6638859687562362,10.0,4.557523140227078,7.158928830470539,1.3457743354797214,5.0,1.7887538793855034e-12,0.15685120516210851,1.2336598941358268e-12,0.10817644807671231,4.9238094204044425e-12,0.43175612390246354,2.8011289987349472e-12,0.24562376318481655,1.1117575883584769e-12,0.0974871499046319,0.25054988704954667,0.39125409285243823,10.0,3.7843687762418563,12.296071685634486,1.9733274338252798,5.506999999999998,2.0,4.399045908739042e-12,0.07389097725078557,3.5227210073279687e-12,0.05917130741832787,3.419872230172607e-11,0.5744375175950631,1.5149519448510554e-11,0.25446717769105964,4.24925075204331e-12,0.07137486108712068,0.10300738654058343,0.1605278452707796,10.0,7.7190492318857205,5.8675332921303465,2.841289963377873,2.0,1.5381068087884109e-12,0.18745942436890453,7.372526340694269e-13,0.08985393836594445,2.9941839335647455e-12,0.3649213392942485,2.5901664270528927e-12,0.3156810077561994,6.196248069165861e-13,0.0755178437320445,0.24622823795319945,0.40745284516965363,10.0,8.035718646701852,3.407050306691015,0.7251231556180878,2.0,1.0616022397345205e-12,0.07705494741180824,1.0056683564985187e-12,0.07299506295605751,7.257746498144972e-12,0.5267936085766446,3.735021408413864e-12,0.2711014233346758,1.3151874198089732e-12,0.09546108106873923,0.13856482266989625,0.18805733131139812,10.5,4.858479114417684,5.838329223745935,4.010077946455947,5.637999999999991,2.0,6.772339537355418e-12,0.17986081838843496,2.400524369694617e-12,0.06375348951615871,1.2843524893954388e-11,0.34110027792861386,1.534586361960853e-11,0.40755776851937353,3.704322040331316e-12,0.09837994537534386,0.18690541650482376,0.32540130846175125,12.5,1.68105364854767,5.836191270441835,2.0,1.6502037270141784e-12,0.23389941506528975,5.404703118133567e-13,0.07660611094487774,2.294877722228401e-12,0.3252753269723863,2.4966242058806046e-12,0.3538708171808047,5.662355882089977e-13,0.08025807402027331,0.23551159461713822,0.4571998658658784,12.5,2.706468977705505,1.3151361910193615,2.0,1.696687430232047e-12,0.17801857224083467,6.991848417391893e-13,0.0733593501319342,3.0320616493079552e-12,0.31812770940500923,3.8517800643761745e-12,0.4041335931581569,1.2400846104334225e-12,0.13011123196509897,0.23059717202609414,0.3480429056363356,12.5,2.287233683244737,7.004929486932778,5.802999999999997,2.0,8.066150283762396e-12,0.1344224293551561,4.493223586659451e-12,0.07487959049938808,3.439020895702439e-11,0.5731129809644943,1.122012233892481e-11,0.18698338729151767,3.4855438657526255e-12,0.058086603593490854,0.13065415194988764,0.27536247849042234,9.5,15.05741748048586,3.11450748209009,2.0,2.5456636096852166e-12,0.24779294646308708,1.0559511610305534e-12,0.10278547743597345,4.640596103807633e-12,0.4517120712778727,1.833990479674762e-12,0.17851922894087904,6.01544141608544e-13,0.05855384612078475,0.2275464482168875,0.5562694581773003,10.0,5.6775190347888165,1.5843657613632918,2.0,2.4372675224178244e-12,0.1364060990928059,1.2947172994041788e-12,0.07246120280817511,1.0489218689982368e-11,0.5870481557200857,2.9417603400509143e-12,0.16464095498806733,1.0995483751808555e-12,0.061538219847719004,0.12343314956724914,0.2778639452475383,9.5,14.90804196444315,2.7353732787203406
sub-074,F,F,53,20,315.598,1,6,20.408000000000023,10.0,1.8247077909379095e-11,0.24082719665757668,6.3386713116334944e-12,0.08365856988695475,2.6400283414928154e-11,0.3484342138153893,2.020476056543505e-11,0.2666649350803835,6.935988793335028e-12,0.09154204007035348,0.24009860848877349,0.5275340847521068,9.5,1.9348373182145635,9.935346647328299,1.872335458715016,10.0,1.1450623523235209e-11,0.4911211413644258,2.1270230464706196e-12,0.09122874262448415,1.8791992231641363e-12,0.08059949446934195,5.5774851741123665e-12,0.2392202380154143,3.1205081384378133e-12,0.1338396564585995,1.131877355126406,1.8208691485809645,10.0,0.7730351830117155,1.2666886374202544,1.3869856899316921,10.0,7.876364633183661e-11,0.7980521816622904,1.1206648590692703e-11,0.11354845507336479,5.442319144038101e-12,0.055142884674277616,4.512712177247272e-12,0.04572388361876127,2.4550043183591525e-12,0.024874693383322197,2.0591678462975205,9.037670703271331,9.5,0.6452454039069845,2.9878419295570358,1.380360455143301,5.233999999999998,2.0,1.1936989312825807e-11,0.08039914823775218,1.234869390544515e-11,0.08317210025309833,1.0002551068834879e-10,0.673701353887337,2.6583393650017034e-11,0.17904700680546118,4.877673593952979e-12,0.032852572123377395,0.12345544472069919,0.19181654991158278,10.0,9.04711179485444,1.8103382301624362,1.2618687551113235,2.0,6.294869275758407e-12,0.27314464640101255,2.3855146638727243e-12,0.10351137264394451,5.809430658076943e-12,0.25208067290649944,6.785391494364295e-12,0.2944292056322768,2.461569157695641e-12,0.10681150119505978,0.4106279606859763,0.6892025813916416,10.0,4.2512931756307495,0.5520283468112664,1.0394331766963594,2.0,7.990448363743462e-12,0.19142642954178032,2.3873489611044467e-12,0.05719349739723505,2.5780150446062522e-11,0.6176126705645432,4.4953707086252195e-12,0.10769517867401321,1.843968999789088e-12,0.0441757941165122,0.09260415163593716,0.34277848667985855,10.0,41.329113675369335,1.5576722729592445,1.1346442928246878,11.270000000000017,5.0,9.942592959124137e-12,0.07455382048327251,6.399097973841484e-12,0.04798317738219845,8.320658400553952e-11,0.6239186047823277,3.113943391816723e-11,0.23349681273588793,7.475766670889514e-12,0.056056500416710855,0.0769061493188503,0.14291438591127,9.0,6.727065080274529,9.207755606717306,5.0,6.589893338180708e-12,0.30390863090443854,1.774547324376197e-12,0.08183747750539326,3.921774032918583e-12,0.1808619526746249,7.617463065477274e-12,0.35129745693781417,2.45231115481505e-12,0.11309417123544459,0.4524858672327889,0.724869468512758,9.0,3.679009872734964,0.7480643358670848,5.0,1.295034547684929e-11,0.43221455037398043,2.4246307728648186e-12,0.08092144732278173,7.501973024350784e-12,0.2503764786378786,6.328633376154763e-12,0.21121656051927806,1.9549586570418152e-12,0.0652462575970306,0.3231990790948818,1.1116632058267606,9.0,3.1119361276969086,6.780063987088575,5.721000000000004,2.0,8.304456177734573e-12,0.06346804930663424,6.171378092936953e-12,0.047165680775409356,7.969224539806614e-11,0.6090599133802208,3.2718432904849755e-11,0.2500555206021078,7.782714501604415e-12,0.05948056045519832,0.07744013312852033,0.12877632702885336,10.0,3.102168723866701,1.3895740410204305,2.0,4.893953120958384e-12,0.25659538821911504,1.6213960202791854e-12,0.08501159103849201,4.465494387716583e-12,0.2341308217889159,6.3648307370854485e-12,0.3337151324431914,2.4282426310652005e-12,0.12731545341945644,0.3630944033295004,0.601583892095452,10.0,1.3476337769774678,1.6565838687420644,2.0,6.990043003187226e-12,0.25962993545297774,2.754829374223854e-12,0.10232214197932438,1.226464920728349e-11,0.45554370417871626,4.48478646633958e-12,0.16657763339155604,1.641105480440764e-12,0.060955291657588555,0.22461542337369664,0.5818030271167439,10.0,1.5758352755873306,0.7834023304544938
sub-076,F,M,44,24,495.298,3,10,10.697000000000003,5.0,1.927452732819314e-11,0.1425665550768097,2.368801428708894e-11,0.17521148695463773,6.798234037787359e-11,0.5028402465442509,2.5531082878615794e-11,0.18884398415626344,2.3512273463835526e-12,0.01739115970361465,0.34844364220798063,0.4594264664811175,10.0,17.46472782115899,20.92832147966478,7.88405996136227,5.0,2.704159435230758e-12,0.23140278782164506,2.3764348785919092e-12,0.2033584443351558,3.6940501192238835e-12,0.3161106127118359,2.8532328472750425e-12,0.24415943326484857,5.746748191705798e-13,0.049176595697148315,0.6433141949604073,0.7759851437335155,10.0,7.940912538812956,5.619257816521552,12.064357667541898,5.0,9.812100774641932e-12,0.28191476621317796,4.83169444795178e-12,0.13882103761388886,1.1419769529700898e-11,0.3281052377177084,8.051801481805322e-12,0.2313390154129254,1.6746463828318134e-12,0.048114828246146206,0.42309912081722456,0.7520602838846615,10.0,2.8246119196734285,4.728847862715027,4.851916144436926,5.4460000000000015,2.0,9.330491237293145e-12,0.07986087910521057,9.830930575347417e-12,0.08414420400841666,5.513695224322002e-11,0.4719242926595356,4.3844453718063036e-11,0.3752703398741988,3.1069103085492985e-12,0.02659244644591402,0.1783002174654347,0.19358607433941302,10.5,5.199564540960997,36.19760175992582,3.9926856955821384,2.0,1.7606140879202306e-12,0.16422372729327386,1.3454800468723282e-12,0.12550152234503403,4.157163223724365e-12,0.38776518048483843,3.301199592095053e-12,0.30792398247437386,4.890708360297684e-13,0.04561876231384848,0.32365340845744434,0.41645790255797654,10.0,4.6532569441666,25.72541989112168,2.1726028594768776,2.0,5.5154666705408e-12,0.19606777042330767,3.4700451909277203e-12,0.1233556586403247,9.68647720255805e-12,0.3443418484433585,8.55209930955131e-12,0.304016168390339,1.6904207731202626e-12,0.060092291706376325,0.3582360354919676,0.4926651954171237,10.0,7.749598669452246,7.923843934454714,4.317909810283333,9.763999999999996,4.0,1.7119535909450165e-11,0.15451223679165638,1.711155008509648e-11,0.15444016079672054,2.433868319251721e-11,0.21966859385267692,5.339686031807352e-11,0.4819329431029044,4.257150896525762e-12,0.03842288195550314,0.7030598142777638,0.44035307979654104,9.5,34.606176617011855,4.396339766411825,4.0,2.3583425067359527e-12,0.23084181190174896,1.8840559780511963e-12,0.18441718896022713,2.017207768310165e-12,0.19745049537502915,3.696568086100887e-12,0.3618314440656646,8.14825491662107e-13,0.07975762313649126,0.9339920297994334,0.7424859835045865,10.0,17.29701080393876,1.143033979107457,4.0,5.317415856797879e-12,0.19254479807771868,4.736662366293067e-12,0.1715155864129539,5.408408213862033e-12,0.19583965134655512,1.1470274355618704e-11,0.4153411580317156,2.4680755165380348e-12,0.08936955746367924,0.875796015942871,0.5956672377541047,10.5,15.109554477437964,1.198907851760216,5.833999999999989,2.0,9.836657420614686e-12,0.07216041848889365,1.5765116759825672e-11,0.11565081249360035,5.334938781807952e-11,0.39136405655553846,6.210214247961113e-11,0.45557310768942116,2.048457463668263e-12,0.015027213159341935,0.2955069852644691,0.22175344159082547,9.0,20.678755302203033,2.7535530342957304,2.0,2.4497134702470392e-12,0.1868445089619976,1.7920998089242589e-12,0.13668700967528902,3.0737692221267054e-12,0.23444247988433078,5.8394062805631724e-12,0.44538310801360936,4.956254361899506e-13,0.03780233581548153,0.5830300453344789,0.47590370882870814,10.5,14.431495446433017,4.986637765573759,2.0,9.368144368696423e-12,0.2341245226053688,6.487099186406575e-12,0.16212271505829232,1.4624827496483567e-11,0.36549722346737706,1.1048931444036753e-11,0.27613001015210764,1.5612596709675213e-12,0.03901831149717321,0.443567569461339,0.6175661145621736,9.0,10.991049976180411,1.3223235366037167
sub-077,F,M,61,22,288.598,3,13,9.500999999999998,4.0,1.7400626444875081e-12,0.2302647608114919,6.533832599086927e-13,0.08646305955577799,4.481250301687362e-13,0.0593009701187154,2.0724428803749962e-12,0.27424907123707504,2.8589913844354712e-12,0.37833406135389047,1.4580378597970056,0.9495661253101849,10.5,2.775348187908673,1.361226686341748,1.630884686916528,4.0,2.609695516375114e-12,0.15540332828641915,1.049757817841169e-12,0.06251145306552967,6.702154509932304e-13,0.0399102926375111,6.007138551259774e-12,0.3577158018955813,6.861186686982416e-12,0.40857304634242064,1.5662990405331199,0.5480394379242957,7.0,3.045486093998503,0.7186038010516823,1.3706679680980525,,,,,,,,,,,,,,,,,,9.481000000000002,4.0,1.4380287125973088e-12,0.4071928537556011,8.277291318612611e-13,0.2343801513743599,2.2817821672404967e-13,0.06461104595395385,6.085679382052963e-13,0.17232236970734924,5.724847571281078e-13,0.1621050400068435,3.627555442166884,2.7078198460916596,8.5,0.561632326737562,1.6931737702332899,1.8797930107463898,4.0,2.2423333129672485e-12,0.35822920489837023,1.2230507214461228e-12,0.19539132962987024,3.9201716345565534e-13,0.06262761916755459,1.3303120859042278e-12,0.2125271198729787,1.3194102087688262e-12,0.21078546498361406,3.1198907483153433,2.012033434200405,8.5,0.7112867337259485,1.3327900765851373,2.237799138847853,4.0,7.56529850296331e-12,0.06033075673550364,6.048845785767442e-12,0.04823754720170911,5.4944730118005625e-12,0.043816607439202515,4.7617057273069174e-11,0.37973030379129424,6.398281878791986e-11,0.5102418462449038,1.1008964413468307,0.25633123759962745,13.0,2.168852176333213,0.5873036098924644,2.273977935690561,18.955,9.0,6.59986652998421e-13,0.2418160014021642,6.947713300579245e-13,0.25456094325573053,1.5383389440364256e-13,0.056364014417274295,6.599083269395008e-13,0.2417873031030583,6.658168117966928e-13,0.2439521441282825,4.51637353881794,1.6648490732362573,7.0,0.8557100062176737,1.3643604242104463,9.0,1.0102095625463988e-12,0.18160509752462195,1.027749911507689e-12,0.18475832127326833,2.702711994398843e-13,0.04858657980692236,1.7685514868372502e-12,0.3179320184168642,1.6678297813095631e-12,0.29982530488596576,3.80266159930329,0.9995766124102615,7.0,0.588876788635313,1.886057541901526,9.0,3.8351064681248405e-12,0.024862968298990606,4.604408402912469e-12,0.029850347339429366,1.3788219102259091e-12,0.008938892760560648,6.607349571042765e-11,0.42835400865809253,8.012172860502946e-11,0.5194286038533861,3.3393786164582147,0.12511823416506554,7.0,0.8783614871506735,1.3954316738988972,9.433999999999997,4.0,1.2537003810055576e-12,0.3551113423428479,6.63272036341186e-13,0.18787217961493835,2.5802513232458176e-13,0.07308576473788836,6.706440129205606e-13,0.18996029615257715,8.580523546357353e-13,0.2430438149909014,2.5705714414936347,2.0642146098659464,7.0,0.5318609939751948,0.5924114619026688,4.0,1.8776787574671337e-12,0.27648526611331264,9.221581493299798e-13,0.1357863480651973,3.622724035858989e-13,0.05334404594642696,1.5385485601135168e-12,0.22654887391124226,2.3432385615115903e-12,0.34503822055293615,2.5454827367531614,1.4729619255398019,7.0,0.554252008052514,0.8557323131919612,3.0,6.101134936428438e-12,0.024486017952658895,4.717715164870994e-12,0.018933863850942093,4.772311033296068e-12,0.019152976430540262,8.978785838187306e-11,0.36035051431862813,1.4759920187857248e-10,0.5923679355815934,0.9885598679457055,0.11441233838952806,12.0,0.4477997661698129,0.5467241455025944
sub-078,F,M,62,22,354.598,2,10,5.053000000000001,2.0,3.513873684211314e-11,0.17750828867608068,2.270361704386735e-11,0.11469052590940072,4.264939809827218e-11,0.21544945407416957,7.818549524076575e-11,0.3949650643914712,2.65719029486435e-11,0.13423171813130433,0.5323314760868131,0.47868916243991466,9.0,1.0033227668505422,1.908191393060966,2.608078257228871,2.0,2.047944662921636e-11,0.17631139856155803,1.2244080438919179e-11,0.10541158583876543,2.1810596552068795e-11,0.1877715180092388,4.967265706932677e-11,0.42764122472272004,1.5763593536306184e-11,0.13571173445561155,0.5613821891431848,0.45777892597688224,10.5,1.0435179340299556,1.8872484185693108,2.5376618034983562,2.0,1.4471485223080868e-11,0.1882797834948671,6.977132926545812e-12,0.09077527679949407,1.158351233598363e-11,0.1507061066027067,3.636855255803955e-11,0.47316934620699624,1.0818211321395373e-11,0.14074923575538925,0.6023331027905656,0.4472928996286053,10.5,0.7604808338473888,4.049627590206798,2.7440394069012815,0.0,,,,,,,,,,,,,,,,,,,,,,,,,,,,,,,,,,,,,,,,,,,,,,,,,,,,0.0,,,,,,,,,,,,,,,,,,,,,,,,,,,,,,,,,,,,,,,,,,,,,,,,,5.468,2.0,2.4020998389662436e-11,0.11576908363729864,3.619234602423841e-11,0.1744288337204701,3.2399390725181665e-11,0.15614870430511626,9.071997244637973e-11,0.43722446117136404,3.144549311445266e-11,0.15155139946014237,1.117068723027213,0.4890647812236992,7.0,1.2648025820990503,1.840358827573349,2.0,1.4026398116066436e-11,0.1143789467037687,2.1397028675663722e-11,0.17448311264667654,1.8774392380515892e-11,0.15309669722171584,5.353903341567869e-11,0.4365866560288784,1.9130554910024715e-11,0.15600104191829953,1.1396922063837127,0.48985961322820193,7.0,1.3090690976878214,1.9940955138220338,2.0,1.0174870518956006e-11,0.128725038773805,1.4749109153602167e-11,0.18659496886367505,7.743097813242984e-12,0.09796002459020359,3.614400772148993e-11,0.45726761699046,1.2939463240539976e-11,0.1637006489908272,1.904807288935035,0.5679112205937793,7.0,1.8532652477335014,2.6658181519203406
sub-079,F,F,60,18,88.098,2,3,5.32,2.0,7.66801111586197e-11,0.47456227926803124,4.7537357518701036e-11,0.2942019305082621,3.7549049696289565e-11,0.23238571696067056,1.0841609091247054e-11,0.06709717348521153,2.5267376533597193e-12,0.015637619217978318,1.2660069403407157,2.566972051831497,8.0,1.4143889877818119,1.2914231536948966,1.1617335208842434,2.0,1.0091403533281543e-10,0.5963045495377178,3.3505801357391535e-11,0.19798694720141258,2.7828894544020908e-11,0.16444190711902695,1.3013205475165485e-11,0.0768954843924169,2.524926743978177e-12,0.014919880071370418,1.2039932561600915,3.291207764220267,7.0,0.8237504896805035,1.7540725370144779,1.3686002700500506,2.0,1.522763596138766e-10,0.7643465842343785,2.4420415543826658e-11,0.1225775376679485,2.0349164193291095e-11,0.10214201457538119,9.51647782031343e-12,0.04776767276511608,2.5518752355676325e-12,0.012809060609567356,1.2000697086064012,5.9163896452389535,8.0,0.2749792118719611,1.5595511408026081,0.8046019523009292,5.027999999999999,2.0,2.3827106488130375e-10,0.6438084925431956,7.633125567355242e-11,0.2062470769314763,3.682048603592481e-11,0.09948896489511012,2.1417802566523655e-11,0.05787090929740227,1.4518639157350589e-11,0.03922936758741089,2.073064858488776,5.4019842976915635,8.0,2.3852217735519217,2.154531379764932,2.1076712283935053,2.0,1.610468158338516e-10,0.5486951081517177,7.895349324219002e-11,0.26899877088022084,4.0287860917059935e-11,0.13726289519374027,2.247736268523257e-11,0.07658157589568847,1.669208676373595e-11,0.056870831656522486,1.9597340599623914,3.8237784445218734,7.5,2.0718972252966714,1.4940149139827277,4.345573238270386,2.0,1.2958952927000803e-10,0.49316284389824994,9.191406903151726e-11,0.34978600457293185,4.0812005247517125e-11,0.15531320073800126,1.5816710926800776e-11,0.060191700561897654,1.0740991910677004e-11,0.04087566446761923,2.2521331278400987,3.911506621829103,7.5,0.7821654638650932,0.4505622925567287,1.738294757003471,5.781999999999989,2.0,4.721672209934275e-10,0.8186425421346076,5.941793708786136e-11,0.10301869529117122,3.700993386554715e-11,0.06416774607982999,1.5694507242257123e-11,0.027211103895181717,4.062500262180768e-12,0.0070435544743172,1.6054591533105655,10.086154921820691,7.0,3.030983836381813,3.3551939050246355,2.0,1.8635603171310944e-10,0.6277422517931701,7.096207937192369e-11,0.2390365103150209,3.766530947773021e-11,0.12687599091204368,1.4622256684802884e-11,0.04925522535136805,3.0678132043037794e-12,0.01033396102743372,1.8840168939506616,4.9212103367973485,7.0,4.042609646898657,1.8265779853529156,2.0,1.4601636234053173e-10,0.6323105114540615,4.561341965789316e-11,0.1975247448350187,3.5452238811838994e-11,0.15352267989683305,1.1953381049062604e-11,0.051763024113086094,3.925812529278078e-12,0.017000372345062385,1.2866160554763306,4.042343134858449,7.0,1.8036134888668938,1.0844920203767787,5.352999999999994,2.0,2.576534647011836e-10,0.7040801905499493,8.595208985265917e-11,0.23487812931920812,2.3965739331046058e-11,0.06549029850789276,1.237621855147218e-11,0.03382003935446524,3.953985206926408e-12,0.010804910623472929,3.5864568443049794,9.454789300692276,7.0,0.5482183644184582,2.788246442054123,2.0,1.5434823133323494e-10,0.6209468789841678,7.042670609573925e-11,0.28332843836007177,2.0283099162480967e-11,0.08159942626020227,1.1944193006238153e-11,0.04805179369496998,3.379437728265182e-12,0.01359556434149928,3.4721866481830514,6.974676502518825,7.0,1.6296094099988905,3.9812728784209757,2.0,2.7669463614500235e-10,0.7871276710171972,4.984248530464968e-11,0.14178951902413447,1.911666206245361e-11,0.054382166190443886,8.725972602445062e-12,0.02482322963544196,3.3321638487939578e-12,0.00947918039283705,2.607279719744778,11.727953384430203,7.0,1.9718937562255585,1.5005271185893785
sub-080,F,F,71,20,81.598,1,8,3.966999999999997,1.0,1.0287153116080362e-11,0.16152248706819747,8.044257781101007e-12,0.12630593797520998,1.8700957641417406e-11,0.29363081843090894,2.144852494734264e-11,0.3367714132711465,8.87264413020151e-12,0.13931274577229652,0.4301521844680948,0.45657900713055005,10.5,4.964199750171642,0.65096919332728,1.3934618873541433,1.0,4.276962959221839e-12,0.1365498067970096,1.496292146923661e-12,0.04777184313316634,1.1982481096913556e-11,0.382562461805856,1.3927060895373401e-11,0.4446467020278876,2.934699056380227e-12,0.09369559497634662,0.12487331587020618,0.22282351065349387,12.0,3.9014568032141734,0.42144024202100866,0.4305856487169444,1.0,6.914090093700553e-12,0.3026931628473228,1.4203190646403173e-12,0.0621803974350914,4.989449929697655e-12,0.21843400355233278,8.164737654795882e-12,0.35744548177069707,2.5544882218768477e-12,0.11183338788723987,0.28466445893894043,0.6335936069640413,13.0,3.0514486465723665,0.3277518753127105,1.9359888023475929,4.624000000000006,2.0,2.583176423110846e-11,0.0802798969767363,2.3492221961884455e-11,0.07300907293755439,1.8899633949151117e-10,0.5873623856123175,5.878112633116595e-11,0.1826798481057533,3.906443778128947e-11,0.12140436915103696,0.12429987810922452,0.1990656657546567,10.0,17.65964858266802,4.9244114464771656,2.7855135053019353,2.0,8.864737090546187e-12,0.11104522986105944,4.68461350950478e-12,0.058682392795151826,3.316571830256952e-11,0.41545448836194,2.1002187866341383e-11,0.26308651405919337,1.537274187706832e-11,0.192568559890433,0.1412486672764702,0.2501361333369661,10.0,6.67830613788081,1.6640535651636266,2.51707771599638,2.0,9.851547385610188e-12,0.11231649205440893,4.5420007800379244e-12,0.05178288999222546,3.0336997306571695e-11,0.34586902783568546,2.221584882616858e-11,0.2532806381067581,2.3778411832519076e-11,0.2710952603805776,0.149718204940936,0.27388712933438963,10.0,11.085398845228632,2.1681503700949203,1.1465307278867658,4.125,2.0,5.198068498712079e-11,0.17909016083155754,7.699290967223366e-11,0.26526531113443996,2.5573235295103387e-11,0.08810801210330513,1.351600527931018e-10,0.4656698079049145,1.0651339580064023e-11,0.03669728705841088,3.0106831921644193,0.8024074925200182,7.5,51.18420187145115,32.28409872824194,2.0,1.5797490572035982e-11,0.2730338166524445,1.3443577704746214e-11,0.2323502782579922,7.813379194214336e-12,0.13504149488941267,2.158897463018648e-11,0.37313015722426385,2.2935840278078928e-12,0.03964085296141863,1.7205843170520811,0.9945145361972767,7.5,19.47142143861342,7.914306458752798,2.0,1.0646830440212423e-11,0.21589481966795462,1.3269328987460905e-11,0.2690734491311648,8.346531566897332e-12,0.16924970653071073,1.856519155245922e-11,0.3764621503861621,2.4183105698763318e-12,0.04903813649671896,1.5898015698026684,0.8886892645856395,7.5,18.785885267965302,7.512665751798851,5.194000000000003,2.0,6.603892321235002e-11,0.3210465358013633,1.839906186031692e-11,0.08944656855254517,8.43822869356191e-11,0.4102223292855098,3.444332747221218e-11,0.167445355383349,5.631600426816943e-12,0.027377881408413712,0.21804412428825015,0.710604237086966,10.0,7.591725029059078,5.515171134292385,2.0,1.671894607953803e-11,0.32155547524745365,5.9580298702901085e-12,0.11459078325663204,2.1160846966553348e-11,0.40698655110183324,8.31045944906834e-12,0.1598350592768764,1.6529966429593214e-12,0.03179208298062272,0.2815591398447954,0.7694594745826362,10.0,4.288423543306643,3.7442893429592132,2.0,5.660389153810198e-12,0.12756123638643743,7.285950338559527e-12,0.1641945117521155,2.2100253595097117e-11,0.4980462643892147,9.0982361816137e-12,0.20503577134466738,1.4782861723236896e-12,0.033314319342805224,0.32967722778420494,0.4149668649036328,10.0,5.6974028076695316,3.3013478999968346
sub-081,F,F,61,18,96.798,2,4,4.228999999999999,2.0,2.793463846568707e-10,0.40944655046583833,2.1082392570959096e-10,0.30901108401130356,2.152325700107824e-10,0.31547296897026217,4.4959167030406703e-11,0.06589802790907431,1.2188249848934098e-11,0.017864691046536152,0.979516834738485,1.883881156029433,8.0,0.9073228300192795,0.4568314862241889,1.1905313476379473,2.0,2.948899197889092e-10,0.6276040019087062,9.321336627409106e-11,0.19838277872257676,7.145904979214811e-11,0.1520838204786693,2.970763130239962e-11,0.0632257226898794,1.0639604007414151e-11,0.022643900675061897,1.3044305311254405,3.8362757566425367,8.0,0.4361595844331485,0.5350526734329681,0.14184235504383577,2.0,3.282359384528805e-10,0.534865317204727,1.4693511375070236e-10,0.23943294142382282,1.665433630965915e-10,0.27138487379189874,2.9163570359264404e-11,0.04752246930836783,9.668269935526076e-12,0.01575458887975616,0.882263399865915,2.4279724985357434,8.0,0.37420831712520986,0.3743796610341863,0.42936679662240157,4.832000000000001,2.0,3.7740292605195377e-10,0.5548900298109951,2.1178375302128217e-10,0.31138256996790264,1.4070698751787144e-10,0.20687943603187334,4.051710036835985e-11,0.0595717030242614,9.846938111270766e-12,0.01447780980203074,1.5051402688468698,3.251149921323456,8.0,2.552269327537186,4.709665858270434,1.6118795013035288,2.0,2.8700296979663407e-10,0.649967763365348,1.0661375985141059e-10,0.24144526129361454,4.955075287458361e-11,0.11221623261175016,2.570068726389756e-11,0.058203642386364225,8.582837012211009e-12,0.01943731585812162,2.1516072646011537,5.230686999792868,8.0,1.351733400327835,1.0179427087401356,1.7211214288638228,2.0,3.3614347797116696e-10,0.6185932159326432,1.3993475750135427e-10,0.25751709414675095,6.956970450703604e-11,0.1280267209176152,2.91600436166576e-11,0.053662219676062294,8.783808943397293e-12,0.016164539782920068,2.0114323970889045,4.822034336358948,8.0,3.03169932319571,0.6986567475990673,2.234696870038693,5.182000000000016,1.0,7.864587148250492e-10,0.6537000246585808,2.0046024208516886e-10,0.16662141664141963,1.881478836093155e-10,0.15638745408553256,6.028572087644422e-11,0.05010914938142499,1.5821000765252297e-11,0.013150326133355279,1.0654397925698684,3.972566267567029,8.5,2.471651072149326,3.5222166392470555,2.0,6.185226812851597e-10,0.6981242556861,1.7818796618698667e-10,0.20112009636904274,9.912225385650025e-11,0.11187892019047001,3.688388747915344e-11,0.04163070696080498,7.61812621123214e-12,0.008598550791845976,1.7976585403813579,5.857902000953912,8.0,2.4251506084498096,0.9865072186798082,1.0,3.194390182170149e-10,0.47926490331541755,2.6955659449554807e-10,0.40442465644937553,8.144043010308191e-11,0.12218776553089393,4.4320637603108314e-11,0.06649571556503096,7.55713831075848e-12,0.01133822405936127,3.3098621182913837,4.683449524208925,7.5,1.611159194575166,1.3336456447538534,5.503999999999991,2.0,4.059586046578386e-10,0.568984768126482,2.1314815152207022e-10,0.29874487245464926,6.421722329517438e-11,0.09000578257758034,5.646256645496307e-11,0.07913698567685458,1.3839157170449912e-11,0.01939673046302639,3.3191742119140693,5.130161044046762,7.0,1.4100678395742816,3.7139943474064476,2.0,3.112945539882014e-10,0.6010570719378814,1.2746376527636925e-10,0.24611094718379065,6.436917159893063e-11,0.12428597066232865,4.5055861451153223e-11,0.08699523910879418,9.624142899864923e-12,0.01858259027404575,1.9801989385628014,4.009670429468831,8.5,2.335737275068311,1.1463185742402258,2.0,2.68528733261738e-10,0.46978648853028293,2.1848035218263665e-10,0.3822276901917118,9.544262422495129e-11,0.16697526088223644,4.344650916185547e-11,0.0760089347986177,1.1450048594292264e-11,0.02003166684352775,2.28912767180096,3.5064592424812138,8.0,1.3947282394355636,1.3966647568232817
sub-082,F,M,63,27,76.798,2,4,5.880999999999999,2.0,7.471621285210404e-11,0.296391321556726,6.98638464364616e-11,0.2771424967072042,6.182697820966964e-11,0.24526108966063376,4.983212140458245e-11,0.19767876014159463,8.096115100259243e-12,0.03211643313334273,1.129989665668878,1.2948345436067936,12.0,5.892094717485676,1.1171009297272556,2.9476297365218325,2.0,7.0653117403656e-11,0.35811015971260113,4.484947846104123e-11,0.22732265022292206,4.691094073407138e-11,0.23777131280094624,3.613979990480665e-11,0.18317704853631925,8.404172438810572e-12,0.04259712302742581,0.956055831736222,1.3907473308025828,12.0,2.230143834881991,0.856725181582967,2.3170205556110504,2.0,8.684769123980556e-11,0.39346729332755404,5.53315071060423e-11,0.25068183190539733,3.9796931673443176e-11,0.18030175315834165,3.8362849442821176e-11,0.17380458039949512,1.0284486079182414e-11,0.0465943175123359,1.3903460588386385,1.8190838857948342,12.0,2.7601555981695687,0.7883179679387587,1.1427223712717478,5.731999999999996,2.0,1.512185378758203e-10,0.43102948777591077,5.565486208361011e-11,0.15863720832849834,7.997416922958003e-11,0.2279563450523337,6.017669562252974e-11,0.17152612804341452,1.1177408222318894e-11,0.0318598011090724,0.6959104748414824,1.4760765135322405,10.0,8.91897533268164,5.0612758395676165,1.7384605668255702,2.0,1.0206332154565396e-10,0.4065371836721973,4.373955539875214e-11,0.17422278050130663,6.430210094043881e-11,0.25612722204850175,4.0033108873090236e-11,0.15945931494722723,8.928036097902854e-12,0.035562027533481685,0.6802196935877232,1.3974465303226906,10.0,6.521666596686542,2.7706936687159316,0.8168514124727921,2.0,9.012301528893164e-11,0.3911297217159025,4.123696424029154e-11,0.17896651921825696,5.203834416456584e-11,0.22584400895142617,4.648422469772983e-11,0.20173938712451706,9.877225215778226e-12,0.04286670100403417,0.7924342117782214,1.3332983604276918,10.0,2.9947931070184697,2.0785697206634066,0.7791752496854348,5.0190000000000055,2.0,1.2624717109871153e-10,0.41296503057726114,3.558096564575394e-11,0.11638830746059559,4.4261527045977574e-11,0.14478314809641663,1.0174755834137934e-10,0.3328247530295609,1.3679305901687033e-11,0.04474615098938679,0.8038802097540259,1.1083429247922565,11.0,7.926068683953624,5.822574613331061,2.0,9.167419100104445e-11,0.38868680845414466,3.038976557045133e-11,0.1288487071471817,3.272601973831017e-11,0.1387541250879018,7.98300002490733e-11,0.3384689592226929,1.0267487440131153e-11,0.04353282947326064,0.9286117228266552,1.0844729281044059,9.5,10.090880340758712,2.679051835308369,2.0,9.418564652346268e-11,0.3950875285741648,2.887297365421024e-11,0.12111560757601424,3.478896734802066e-11,0.1459318658257853,7.994689416276527e-11,0.33535917624219763,1.1467806450379261e-11,0.04810485966689774,0.8299462690390259,1.0725384248420413,9.5,6.919491444704711,3.031182451443198,5.106000000000009,2.0,1.2144996354412071e-10,0.5091314034294185,3.9678055245812785e-11,0.16633470577627518,2.917482741053952e-11,0.12230403691264108,5.500644218590592e-11,0.23059296430003068,1.0010965423752672e-11,0.041967051509463525,1.3600099389612477,1.9140602127095636,8.0,2.5252902024386508,2.031690641458098,2.0,9.187862601418132e-11,0.45411644821722874,4.627959903590818e-11,0.22874011128399185,2.7436270230380266e-11,0.1356056585720525,4.4316437201514e-11,0.2190370484696535,9.17083327658534e-12,0.04532747620880292,1.6868035869052869,1.9254775184786659,8.0,1.2487426010150646,1.7725931867199665,2.0,1.2190077635556663e-10,0.5347395071970372,4.473886004653864e-11,0.19625499270046948,2.3043682054019367e-11,0.10108522319520752,4.35508189186184e-11,0.19104343830133402,1.1229235981070729e-11,0.04925904735177508,1.9414805299630975,2.50230325279521,7.0,1.5069631583263654,0.996430436891682
sub-083,F,F,68,20,74.998,2,6,3.5279999999999996,1.0,3.8682416438173346e-11,0.24051964443704937,8.247426161060438e-11,0.5128087101149951,1.1599877515119557e-11,0.07212575305136827,2.809419150905328e-11,0.17468414785575775,9.301879716353463e-12,0.057837255476255484,7.109925212840003,3.0522614845808804,7.0,3.0883330118134733,0.3178552743390874,2.2726070404996075,1.0,3.009569603495751e-11,0.23678889668996525,5.7585325161962786e-11,0.4530736087577352,1.3734831643153293e-11,0.10806381175657308,2.1092927989688204e-11,0.16595632614170933,1.1637084394670576e-11,0.0915590179838799,4.192648782168992,2.5175613396114,7.0,2.008375898828036,0.656808155288469,0.5137446531913041,1.0,8.15578802046669e-11,0.37332683651467535,8.409406691869393e-11,0.38493609561241343,1.3662631609635106e-11,0.06253996578246787,3.1175848183843324e-11,0.14270577838620702,1.6646854226965195e-11,0.07620008527536803,6.155041672893343,3.6944148839643356,7.0,2.8597948588725117,0.7380817062204641,0.5277139522494798,5.809999999999999,2.0,5.7356504936714436e-11,0.4649354623223305,2.0330119326509556e-11,0.1647972350924826,2.0373589578682774e-11,0.16514960771026543,2.5033374195709022e-11,0.20292211699460966,8.843772581567852e-12,0.07168818076383188,0.997866342992464,1.7108966952561797,8.0,1.4207058045218,0.8868237649126909,1.7429030264835499,2.0,7.255530557843067e-11,0.5306748113755585,2.0911708429315694e-11,0.15294976484210146,1.9369257516408567e-11,0.14166816605704466,2.288845057642245e-11,0.167407801476239,9.024995676777706e-12,0.06600947842831524,1.0796339721127899,2.2118334908845414,10.0,6.229554254850153,1.754497756113189,1.4933036432691982,2.0,1.2876043340002156e-10,0.5501773777862228,3.659167139134636e-11,0.1563516779441247,3.2656837745368266e-11,0.13953862132257974,3.436446467645388e-11,0.14683509961465777,1.3609290017259284e-11,0.058150809977210574,1.1204903449825352,2.467157438252487,10.0,10.868434635698248,1.2097289228016146,2.4374896703841933,5.427000000000007,2.0,6.00494742334904e-11,0.43676049503554915,2.749526615095096e-11,0.19998253454359177,2.377285981457831e-11,0.17290819201269828,3.062898956512479e-11,0.22277518355758963,6.724133419072411e-12,0.048906936793149024,1.1565821851222942,1.609223608804439,8.0,1.5627119892033015,1.0237117283674144,2.0,5.7524442488476386e-11,0.4600598164982816,2.225744347585298e-11,0.17800703350185584,1.464660125362932e-11,0.11713825277694889,2.929599556576059e-11,0.2342988434319595,7.551372474617307e-12,0.060393163057226674,1.5196319672004281,1.8155933362846952,8.5,3.1162683827816835,0.8079800373969949,2.0,8.738923606434178e-11,0.4097202842552389,5.123827438394773e-11,0.24022821677811984,2.6808622306706427e-11,0.12569095287556828,4.758837037782274e-11,0.2231158151341368,1.2574027462552789e-11,0.05895273077335502,1.9112610039319327,1.863348308124786,8.5,3.309005964494251,1.2466824572316666,5.057999999999993,2.0,1.1469519246144942e-10,0.6348591102386745,1.7271177261208535e-11,0.09559916151246427,9.758801382280468e-12,0.0540167711443782,3.5278489276271345e-11,0.19527296508113132,6.522323200188844e-12,0.0361022656198316,1.7698051824856948,2.9301578268363215,11.0,1.2765234339048734,2.834650411093794,2.0,4.4625713796207454e-11,0.4647769219934751,1.0729016616590656e-11,0.11174273518286318,7.5809136655335e-12,0.07895523498975102,2.7418646078355192e-11,0.28556526821559575,7.797330123210455e-12,0.08120921294351933,1.4152669572494874,1.581583620418644,12.5,1.948774937053303,5.35794055023253,2.0,8.585463730783603e-11,0.49880826169084075,2.308483958507981e-11,0.1341209871233664,1.2767410912128624e-11,0.07417758950558508,4.2483781252782657e-11,0.24682721564325216,1.3115752460133306e-11,0.07620142476345126,1.8081065725823835,1.9717126929634055,12.5,1.8653567309407404,5.029367916668316
sub-084,F,F,71,24,75.698,2,5,4.140000000000001,2.0,5.661304202969239e-11,0.4401604374053931,1.2177741587389052e-11,0.09468065787568378,1.5963646765068438e-11,0.12411567177422514,3.568591569289729e-11,0.27745423488035453,1.1998697413372195e-11,0.09328860828561204,0.7628420853082466,1.3318754379200375,10.0,2.3905979539014086,2.5289484165441736,3.8358672808502545,2.0,3.8993137735021675e-11,0.4933408006384483,8.92339662585447e-12,0.11289872761020639,7.575112136607977e-12,0.0958402453220306,1.83296011031885e-11,0.23190593547717153,7.974059691052728e-12,0.10088772591361565,1.1779887168574952,1.8497226322221434,10.0,2.752033396763189,2.901473075175695,2.3662544457734875,2.0,6.161731553818592e-11,0.5707119996997192,1.0227694863508926e-11,0.09473097191737176,9.383672228196134e-12,0.08691346409860495,1.9957491420044558e-11,0.18485030933009305,9.731962718537263e-12,0.09013940084191854,1.089945877774446,2.4486080805456636,11.5,2.044799192588669,0.9514131249170085,4.381570103999822,4.5710000000000015,2.0,3.698292065894269e-11,0.2955799086891254,1.4012064711658873e-11,0.11198912184932486,3.822018758062558e-11,0.3054685609972463,2.876086142200232e-11,0.22986645298605998,1.2716416614895251e-11,0.10163386760463268,0.36661423186635045,0.7613345286455703,10.0,4.118869006304488,7.26138854711495,2.047978406345312,2.0,2.8066123933819652e-11,0.417291849253043,8.065873543226524e-12,0.1199247639122115,1.1402159169438189e-11,0.16952921951431218,1.4304748882091603e-11,0.2126854113586899,8.611120752554874e-12,0.12803159108995793,0.7073987850341461,1.4055364964397576,11.5,1.0744074994207733,4.404438011473233,0.5385759090389873,2.0,4.05213476874013e-11,0.40600752094673975,1.2864780336241443e-11,0.12889989770665314,1.54756180568144e-11,0.1550594360986509,2.3258512087798223e-11,0.2330408876458161,1.1385584107961383e-11,0.11407894954197796,0.8312934765520835,1.378270993161002,11.5,2.140519806064777,5.416867689896889,3.673683465084561,4.8700000000000045,2.0,2.6302933631887435e-10,0.711681879673942,9.441912067828898e-12,0.025547103688853285,4.2912572911951984e-11,0.11610910394648473,4.827243281912673e-11,0.13061134627014223,1.568521207407026e-11,0.042439681322944935,0.22002670609384836,2.9881146160178007,11.0,3.7597639445427764,7.896651401984441,2.0,1.575187076516195e-10,0.7844560439814613,6.15565883764036e-12,0.03065568434293354,9.701263434874607e-12,0.04831308515160671,2.251751276991074e-11,0.11213905478994454,8.269878427429398e-12,0.04118467077406977,0.6345213568277795,5.080092597215094,11.5,3.6770956848204253,7.290370000570842,2.0,8.242711759233248e-11,0.6027630935423711,8.914348362872146e-12,0.06518777258103485,1.1359400610419175e-11,0.08306765604236395,2.6206722241209072e-11,0.19164136064835846,1.2913506473675477e-11,0.09443233413849386,0.7847551705057083,2.43148504614033,12.0,3.546071024897308,6.351072907941444,5.363000000000007,2.0,3.78493120608318e-11,0.3260553833067409,1.609528970307846e-11,0.13865392969720872,1.603286155896539e-11,0.13811613835174913,3.789994414577672e-11,0.3264915567261627,1.1805665311132173e-11,0.10170067878712458,1.0038937618143504,1.0002187176990704,7.0,4.6344907605138745,4.1889229288868535,2.0,2.5772304190963725e-11,0.3818016872683361,9.97796997355601e-12,0.14781781804174893,9.267095127491376e-12,0.1372866209220417,1.865855803883391e-11,0.2764156781805614,6.765211090023718e-12,0.10022266498791187,1.0767095660813693,1.2801947353421232,7.0,1.9786312900292717,3.7309187586174697,2.0,3.366593164489678e-11,0.4250964110359923,6.714626352189435e-12,0.08478492720388155,1.0567052799660452e-11,0.13342913743616572,2.2951195861861714e-11,0.28980249507933814,8.726057568762845e-12,0.11018307154249897,0.635430377749716,1.2047335290355357,10.0,4.630652581253498,3.5285766884895486
sub-085,F,M,64,26,104.398,2,5,5.787000000000003,2.0,1.9729484273215878e-11,0.15888840713386726,2.4567497266898508e-11,0.197850610484654,4.8111783306036914e-11,0.3874609446453597,3.006484327365447e-11,0.24212265218535717,7.362074896577527e-12,0.05928935279395251,0.5106336863596543,0.5666269251840779,12.0,3.8640218215437883,0.47997229298693606,1.3097687261168498,2.0,3.7008809819805e-11,0.20031871402635845,3.573412294341535e-11,0.19341917748065723,7.439826178583578e-11,0.40269774141073733,4.2814520546052305e-11,0.2317434616027728,8.456942258142491e-12,0.04577514937645184,0.4803085728841389,0.6206058018249979,11.0,6.1800888941117185,1.1598501875081093,0.8560333351328326,2.0,2.115506275731515e-10,0.5291960901874467,9.287516150330537e-11,0.23232818028905028,5.422424193488461e-11,0.1356425038984896,5.077497533966487e-11,0.1270141277166545,1.702590920816278e-11,0.042590488566291926,1.712797785441332,2.899314842323553,7.5,1.6184544369398972,1.9751245709546161,0.7153088186048489,4.378000000000007,2.0,7.196216566887946e-11,0.37484801316393923,1.828759060728346e-11,0.0952593205190355,5.0345030350780046e-11,0.2622452287845658,4.86585086924489e-11,0.25346020561430316,6.982895208121512e-12,0.03637361897834472,0.36324519977174097,0.9115811126383697,11.5,1.2432996948777144,2.011659633981153,0.9955309381743397,2.0,7.680113492106845e-11,0.23298759063509333,2.0565309984168193e-11,0.062387906491219836,1.8175792913959918e-10,0.5513895339252638,4.968281661550177e-11,0.15072016515260506,1.0356969505124384e-11,0.0314193973013556,0.11314670056772602,0.4206970755627661,10.0,2.3222106643262213,0.5089545499066972,3.2079840974969205,2.0,1.1682728439209124e-10,0.25082031402983623,3.8323726087590803e-11,0.08227845971170816,2.4770331613374576e-10,0.5318023427676609,6.271582828492713e-11,0.13464666089706348,1.6846133610982195e-11,0.036167514673320376,0.1547162415334729,0.49981134626936724,10.0,3.8473383261403615,0.7789562142374316,3.3878870189466097,5.344999999999999,2.0,1.1165332998752424e-10,0.561465014532356,1.8276369350283797e-11,0.091905382347328,2.0117752971343435e-11,0.10116504779280475,4.71816759893256e-11,0.23725992227878565,9.633777894956458e-12,0.0484448537844559,0.9084697170860692,1.9306211262764386,11.5,3.050622461011977,3.378739440075255,2.0,1.7460559673573372e-10,0.6250445448674764,9.449807387199683e-12,0.03382795665110971,3.79953453726894e-11,0.13601387240466925,5.6893515022212814e-11,0.20366461251979012,8.121809352459794e-12,0.029074054469696853,0.2487096062559308,1.9396945369239733,11.5,7.6905219631500135,0.9593879561950556,2.0,2.544965640547573e-10,0.584967861037707,2.316872357563464e-11,0.053253994698713676,6.603478627464561e-11,0.1517829045143822,9.228863509639157e-11,0.21212815061349932,1.2829234867230084e-11,0.029488374850590318,0.3508563422810742,1.7537852910572993,11.5,5.421637365898616,1.917462595311788,5.006999999999991,2.0,2.7732889000273788e-11,0.22106483178962588,2.011158209760973e-11,0.1603137528653237,3.805016793347223e-11,0.3033060844723755,3.907146609260123e-11,0.3114470720828865,5.561798324453117e-12,0.044334292436352854,0.5285543583611318,0.6203767814580815,12.0,4.680524232604913,14.49316921743822,2.0,3.8110927740133014e-11,0.18627327758036266,2.6502553951550823e-11,0.12953548710406002,8.153108495652573e-11,0.39849626655879566,5.948055806825536e-11,0.29072077644584626,5.290639802525854e-12,0.025858851383347977,0.32506072948351666,0.45821380636156966,12.0,1.3442621067442295,5.21047042093422,2.0,5.27041828618796e-11,0.2110262165154906,3.910208018518415e-11,0.1565637410789461,6.983992937521501e-11,0.27963731259024194,8.472782929401676e-11,0.3392480876962611,9.19624890470863e-12,0.03682154825512035,0.5598814393856018,0.5939548055654034,10.5,2.1197146563612543,3.6322029031460477
sub-086,F,M,49,26,84.498,2,7,1.9909999999999997,,,,,,,,,,,,,,,,,,,,,,,,,,,,,,,,,,,,,,,,,,,,,,,,,,,,3.3709999999999987,1.0,1.1134860646079797e-10,0.42269887143459606,1.0373515708752316e-10,0.3937968801111509,3.8458699160916686e-11,0.1459959782961942,2.140195115265117e-11,0.0812455663907118,3.7588506558800706e-12,0.014269257430635927,2.6973132048351522,3.593074288729717,7.0,1.2564139852586826,1.227425390653705,0.9729296539229516,1.0,7.221103050906693e-11,0.45819020992314574,5.382325520260254e-11,0.34151691820726743,2.1509540970966166e-11,0.13648137996867424,1.530862798882795e-11,0.09713562349668588,2.8271617022744523e-12,0.017938780332031955,2.502296784262101,3.423154634585453,7.0,0.6431072591761469,2.2432039391956113,6.3542913130974785,1.0,8.53683761439789e-11,0.5918542794506173,4.09447853195955e-11,0.2838679556434155,1.4125417459134966e-11,0.09793074613619843,9.45429903546373e-12,0.06554613776309616,1.936620872919573e-12,0.013426486517416106,2.898660194507479,5.356856665028538,7.0,1.3360308409404067,2.267236006212524,4.802732482613848,1.2319999999999993,,,,,,,,,,,,,,,,,,,,,,,,,,,,,,,,,,,,,,,,,,,,,,,,,5.955999999999989,2.0,1.7969524834854243e-10,0.5026015642978493,1.2910384261660853e-10,0.36109910446887516,5.103697495773882e-11,0.14274870196364745,2.7434067337773104e-11,0.07673216340296812,4.158990379112456e-12,0.011632556173033503,2.5296139264427993,3.935198028876092,7.5,11.447467873355386,5.0604667621506225,2.0,1.1584182661367296e-10,0.5085292190346259,7.783874099833833e-11,0.3417010533037593,2.6004847101517473e-11,0.11415759725329351,2.0344492631055346e-11,0.0893094424678655,2.6163336266117922e-12,0.011485334224847994,2.9932397100614434,4.1787125497258994,7.5,10.379738465008161,21.429737833474828,2.0,6.072999476932184e-11,0.4966345071517826,4.0736440468347355e-11,0.3331322868042713,1.3828296694979849e-11,0.11308430603272766,1.151516267757608e-11,0.09416808222811673,1.8588099236497583e-12,0.01520087649977825,2.945875502015812,4.003653713807743,7.5,7.949596283991204,12.944311042783786
sub-087,F,M,73,24,81.498,2,7,4.256000000000001,2.0,1.3341870076472785e-10,0.5857182551364873,3.211235893255616e-11,0.1409757008161925,2.4427247905880667e-11,0.10723747824863646,3.333834555162145e-11,0.1463578754230782,1.4169440550927995e-11,0.06220492290945644,1.3146122336943804,2.8655649460100237,7.0,1.2911226999885508,2.1421003139924992,1.268835934644112,2.0,8.349242175513634e-11,0.5613985747764804,2.744995599952078e-11,0.1845720348249455,1.9231069336764528e-11,0.1293086808375289,1.9762825267480254e-11,0.13288417925232227,6.328032985434738e-12,0.042549355072971876,1.4273754370509182,2.8451217525366186,7.0,1.3416411651083664,1.6880378088972086,1.8884644993856556,2.0,1.314683047283097e-10,0.574378595352521,4.115273148847428e-11,0.17979427175331483,3.2793445172465144e-11,0.1432729585572455,2.768580036086084e-11,0.12095790810830534,6.705281685254652e-12,0.02929504783513207,1.2549072313703706,2.8542194052613357,10.5,1.5652927538028727,1.3241821404897018,1.3428112547399917,4.18,2.0,1.5032731086741434e-10,0.6244211888800765,4.3937504861935226e-11,0.18250515401363962,2.0844909277529393e-11,0.08658442007688205,2.7177495439239563e-11,0.11288836283328585,8.631383190281706e-12,0.03585255747778755,2.107829028035129,4.045295458965514,10.0,7.689778445436812,0.5488993194984418,7.184391323143606,2.0,1.0285531492244175e-10,0.627773841854807,3.225541153715883e-11,0.19686978389555215,1.1944092878910892e-11,0.07290035599734013,2.0741407059295614e-11,0.12659445751448886,5.571750985008179e-12,0.034006988597083315,2.7005325447619932,4.13365947331489,7.5,3.4633468934532416,0.11210694085135073,2.053950310282564,2.0,1.7757529854218547e-10,0.6479128944612371,7.231017574877111e-11,0.26383565536992193,2.117355488356256e-11,0.07725522267605162,2.2703822217497338e-11,0.08283865655322245,5.816342110817144e-12,0.021221887746403323,3.4151174021754325,5.695086871656245,7.5,1.404154489457064,0.2699466299138886,1.5697772606298688,4.704999999999998,2.0,6.988131786657166e-11,0.4439397172607894,3.451769815221387e-11,0.21928288741557006,1.9409892922626973e-11,0.12330652367755572,3.6154754675002706e-11,0.22968272577085752,1.1018563289223186e-11,0.06999836323318373,1.7783559285880994,1.8788747977812974,7.0,1.6930431867424494,2.1996754747768485,2.0,4.753729637530869e-11,0.4167448273761688,2.474945400866334e-11,0.21697083605815087,1.6400475447766038e-11,0.14377791398579445,2.794127941521053e-11,0.24495258574716527,8.007725276307249e-12,0.07020125969309034,1.5090693003070557,1.630218528954259,7.0,1.1878845521543513,4.467190120119041,2.0,6.598253491341178e-11,0.39063804406661473,4.4780363897743955e-11,0.2651143031797994,2.621503852382853e-11,0.15520154518946502,3.436301529157684e-11,0.20344021488941397,8.989096398891952e-12,0.053218371191671957,1.7081937093870836,1.8284327711925938,7.0,3.45316159477659,7.164865474075047,4.694999999999993,2.0,1.204077728969213e-10,0.6520288378210419,2.0827090406628025e-11,0.11278228328874494,2.1292492638530563e-11,0.11530251656842294,2.6069502505670275e-11,0.14117084813034983,7.672652392841607e-12,0.041548734789672914,0.9781424260746084,2.9820294283114173,8.0,3.600022382192934,2.1812768044006328,2.0,1.1629978918589619e-10,0.7184685975090654,2.189753485028682e-11,0.13527703930437884,1.0296542499669855e-11,0.06360925071932477,1.4489651058900454e-11,0.08951313968457675,6.330174449835812e-12,0.03910610320790505,2.126688143227587,5.575576730231681,8.5,1.5003259379194276,4.102937965442002,2.0,1.3925319748482057e-10,0.6304562565465476,5.045232030166858e-11,0.22841831689318745,1.0738982518108228e-11,0.0486197720395135,2.39853184237157e-11,0.10859135975776135,8.084937901161312e-12,0.03660382508727016,4.69805404903073,5.463191846664277,7.0,7.124770230728002,9.669699508946813
sub-088,F,M,55,24,132.798,4,7,5.5959999999999965,2.0,7.373896369856509e-11,0.595959045967174,9.847847393740085e-12,0.07959040164430553,1.7387536536539315e-11,0.1405262450987902,2.3185340815396973e-11,0.1873841575703706,4.993243594426244e-12,0.04035544493112904,0.566373929569906,2.0601647343681946,11.0,1.1634502833553266,0.7065476202699575,0.5105651433322058,2.0,3.230768478580342e-11,0.48636946764813593,5.864765818668637e-12,0.08828992383757144,1.0460665140810614e-11,0.15747795515254995,1.725640479316498e-11,0.2597830351638327,3.351571490963191e-12,0.05045555113750313,0.5606494175774913,1.3772181076644128,12.5,2.2371180226965803,1.1197465776239524,0.4121637284794384,2.0,4.472410874032414e-11,0.46119009470868993,1.110505945279059e-11,0.11451415276969934,9.32927387856911e-12,0.09620244706500576,2.830628791170399e-11,0.2918913304376246,9.949769975326999e-12,0.10260093462999394,1.1903455292807679,1.4834153002478565,8.5,0.3443878478755549,1.3538031354676945,2.264192605554794,5.5190000000000055,2.0,4.6387105286627805e-11,0.3592163472235354,5.4786446636553565e-12,0.042425986955933644,4.5186632551986485e-11,0.3499200260149858,3.184492208942806e-11,0.24660337220654405,7.434424378435114e-12,0.057571317555375014,0.12124480967578774,0.6733052473330005,10.0,3.283689955191961,1.2658333656352576,2.0012806758573425,2.0,2.390008150549041e-11,0.34844985478530827,2.7060200376463837e-12,0.03945226249322237,1.1811834656120326e-11,0.17220995960736352,2.4484290026626702e-11,0.356967289100648,7.79475025570902e-12,0.11364311013188827,0.22909396519906872,0.733028712450498,10.0,4.943505436638989,1.0193302282864487,1.0519858782061653,2.0,2.0204026135116557e-11,0.1787624813120291,6.476429910094712e-12,0.05730257291440062,2.9485376035741155e-11,0.2608826056409633,4.352441296615718e-11,0.3850980991336371,1.6378620344844118e-11,0.14491581003367798,0.2196488829663969,0.3654366956808702,11.5,3.107185396469463,2.4283957800429326,1.3893433013415364,5.875,2.0,2.1207669702823067e-11,0.3288069494332648,6.9289027667672205e-12,0.10742676652292282,1.0909374398508188e-11,0.16914060650998067,2.4053665251394224e-11,0.3729316989950596,7.15866406876516e-12,0.11098902083310293,0.6351329153864881,0.804751896612308,13.0,3.8868952959435745,4.2127504912037805,2.0,1.326859839044138e-11,0.3070596361752259,3.933895288189566e-12,0.09103753240531545,4.408411040872034e-12,0.10201869485296756,1.8382122088248496e-11,0.4253959276220437,5.55151924752735e-12,0.12847230959929648,0.8923612729659158,0.7548087436642943,12.0,1.9107934549606491,1.591613062240642,2.0,4.9818264660910287e-11,0.43988609465977707,6.287153227244662e-12,0.05551440417454585,1.1909317520061097e-11,0.10515707862609469,3.835580814305103e-11,0.33867471631955687,1.0889513059341054e-11,0.09615239320406813,0.5279188514920381,1.1161897468273676,12.0,1.8157452843188246,4.083508265548278,5.527000000000001,2.0,2.5215873733681076e-11,0.24372923714659858,8.839294916413698e-12,0.08543803120387904,2.9351193368168014e-11,0.28370002342653594,3.7382935932536693e-11,0.3613324905322345,5.965371202301629e-12,0.05765952779543105,0.3011562359846022,0.5103111257605807,10.5,3.4644318289849343,3.010340400148528,2.0,1.602822086488717e-11,0.2722079517950171,4.415829585843287e-12,0.07499422032993687,1.518073262021619e-11,0.2578150231476699,2.2161268111658412e-11,0.376365752175903,4.1467127261714806e-12,0.0704237973377475,0.29088382598628504,0.5474813895892757,10.5,0.9880061198548173,1.3233103301613234,2.0,1.589603726452512e-11,0.183010973960377,5.4574314241927114e-12,0.06283137260205164,2.3378870300319597e-11,0.2691607821845805,3.8883717646289e-11,0.44766798914900735,8.335456567482265e-12,0.09596605741631813,0.23343435136462118,0.34295825780690087,9.0,3.4995720897763394,1.803766646780093
