subject,block_index,group,channel,frequency_hz,local_snr_db
sub-001,0,A,Fp1,5.0,6.982151817605359
sub-001,0,A,Fp2,5.0,5.965345023413416
sub-001,0,A,F3,5.0,-0.7876776680172144
sub-001,0,A,F4,5.0,8.192053865231506
sub-001,0,A,C3,5.0,3.158909450065261
sub-001,0,A,C4,5.0,8.569735459057648
sub-001,0,A,P3,5.0,9.107638770393278
sub-001,0,A,P4,5.0,0.4206402302138914
sub-001,0,A,O1,5.0,12.090212572655638
sub-001,0,A,O2,5.0,-4.343587290785318
sub-001,0,A,F7,5.0,-1.9416371404924717
sub-001,0,A,F8,5.0,6.868832456335641
sub-001,0,A,T3,5.0,4.673085931945588
sub-001,0,A,T4,5.0,4.1671338204332145
sub-001,0,A,T5,5.0,12.916503530227406
sub-001,0,A,T6,5.0,-5.561421098917924
sub-001,0,A,Fz,5.0,5.500166920541901
sub-001,0,A,Cz,5.0,-0.600659817795861
sub-001,0,A,Pz,5.0,5.3888483626356
sub-001,1,A,Fp1,10.0,-0.5730167726086701
sub-001,1,A,Fp2,10.0,-2.4354251527272255
sub-001,1,A,F3,10.0,-7.695040705837025
sub-001,1,A,F4,10.0,6.098548486229708
sub-001,1,A,C3,10.0,-6.234785480531036
sub-001,1,A,C4,10.0,7.389258738978185
sub-001,1,A,P3,10.0,1.3910432768298373
sub-001,1,A,P4,10.0,2.4437299029093245
sub-001,1,A,O1,10.0,8.434864627567563
sub-001,1,A,O2,10.0,5.6610057374588605
sub-001,1,A,F7,10.0,5.173345372032406
sub-001,1,A,F8,10.0,0.3505133968850318
sub-001,1,A,T3,10.0,3.1378380885121757
sub-001,1,A,T4,10.0,-3.9073396729290177
sub-001,1,A,T5,10.0,5.815687352734866
sub-001,1,A,T6,10.0,0.6040756153628312
sub-001,1,A,Fz,10.0,6.785733248514565
sub-001,1,A,Cz,10.0,6.649234919679962
sub-001,1,A,Pz,10.0,6.231380045818708
sub-001,2,A,Fp1,15.0,6.479790549376677
sub-001,2,A,Fp2,15.0,6.095836050836186
sub-001,2,A,F3,15.0,7.080709780723254
sub-001,2,A,F4,15.0,5.33360615332591
sub-001,2,A,C3,15.0,2.3742854979321195
sub-001,2,A,C4,15.0,2.456540484850334
sub-001,2,A,P3,15.0,-3.022576561258608
sub-001,2,A,P4,15.0,5.807291709755802
sub-001,2,A,O1,15.0,14.494637492746334
sub-001,2,A,O2,15.0,14.737725279772025
sub-001,2,A,F7,15.0,7.087457204161705
sub-001,2,A,F8,15.0,5.908308040747548
sub-001,2,A,T3,15.0,3.343710473420942
sub-001,2,A,T4,15.0,-6.674491732994178
sub-001,2,A,T5,15.0,1.711205420057761
sub-001,2,A,T6,15.0,8.955960136084876
sub-001,2,A,Fz,15.0,8.989929134822932
sub-001,2,A,Cz,15.0,6.190277016872593
sub-001,2,A,Pz,15.0,7.069078915492923
sub-001,3,A,Fp1,20.0,5.354410333743522
sub-001,3,A,Fp2,20.0,3.2810305254224765
sub-001,3,A,F3,20.0,-1.9546921735387481
sub-001,3,A,F4,20.0,-3.1140574714868436
sub-001,3,A,C3,20.0,-0.29460991290288296
sub-001,3,A,C4,20.0,-4.650369393363468
sub-001,3,A,P3,20.0,0.510358377661811
sub-001,3,A,P4,20.0,-0.49680113400359205
sub-001,3,A,O1,20.0,5.228419506942803
sub-001,3,A,O2,20.0,6.924403926057394
sub-001,3,A,F7,20.0,3.0970195936093887
sub-001,3,A,F8,20.0,-1.0331953110438727
sub-001,3,A,T3,20.0,1.5619173038131853
sub-001,3,A,T4,20.0,3.2515822843768527
sub-001,3,A,T5,20.0,-2.2546280038463364
sub-001,3,A,T6,20.0,0.35166136864891184
sub-001,3,A,Fz,20.0,-3.5833012917115137
sub-001,3,A,Cz,20.0,-1.4691320301189954
sub-001,3,A,Pz,20.0,3.8546257688047287
sub-002,0,A,Fp1,5.0,-7.234262060235457
sub-002,0,A,Fp2,5.0,-7.2460270892329826
sub-002,0,A,F3,5.0,-3.1407890126997366
sub-002,0,A,F4,5.0,-7.99210382180096
sub-002,0,A,C3,5.0,6.403926310855368
sub-002,0,A,C4,5.0,2.9018181899859656
sub-002,0,A,P3,5.0,-5.610543370178272
sub-002,0,A,P4,5.0,-17.758236814154888
sub-002,0,A,O1,5.0,-6.487745300893629
sub-002,0,A,O2,5.0,-0.9013380387285304
sub-002,0,A,F7,5.0,-7.330574449937886
sub-002,0,A,F8,5.0,-11.77777254173471
sub-002,0,A,T3,5.0,-3.6302535184293117
sub-002,0,A,T4,5.0,-3.21791618202375
sub-002,0,A,T5,5.0,-5.939353031600243
sub-002,0,A,T6,5.0,-5.316603705633744
sub-002,0,A,Fz,5.0,-4.289840348947507
sub-002,0,A,Cz,5.0,3.4488892882518396
sub-002,0,A,Pz,5.0,-22.64493492292621
sub-002,1,A,Fp1,10.0,8.323025216437323
sub-002,1,A,Fp2,10.0,9.660640932971056
sub-002,1,A,F3,10.0,13.203422128825546
sub-002,1,A,F4,10.0,11.615965866164435
sub-002,1,A,C3,10.0,8.358259913567998
sub-002,1,A,C4,10.0,13.881915018830291
sub-002,1,A,P3,10.0,0.2013309264293741
sub-002,1,A,P4,10.0,8.634751027695373
sub-002,1,A,O1,10.0,16.236897155841817
sub-002,1,A,O2,10.0,18.372099611464737
sub-002,1,A,F7,10.0,4.186893757398379
sub-002,1,A,F8,10.0,1.1011639919063234
sub-002,1,A,T3,10.0,0.5514319331008235
sub-002,1,A,T4,10.0,2.5174601969821975
sub-002,1,A,T5,10.0,5.5970095609800445
sub-002,1,A,T6,10.0,9.581118973801853
sub-002,1,A,Fz,10.0,13.450751971605024
sub-002,1,A,Cz,10.0,4.923944844081683
sub-002,1,A,Pz,10.0,7.829423589191721
sub-002,2,A,Fp1,15.0,-12.709928463079434
sub-002,2,A,Fp2,15.0,2.0006207267703098
sub-002,2,A,F3,15.0,11.259476284896799
sub-002,2,A,F4,15.0,7.344819915828276
sub-002,2,A,C3,15.0,11.465444354382388
sub-002,2,A,C4,15.0,9.390324985159275
sub-002,2,A,P3,15.0,9.895226258050693
sub-002,2,A,P4,15.0,11.80510695648315
sub-002,2,A,O1,15.0,-5.439438104742481
sub-002,2,A,O2,15.0,12.79324193446573
sub-002,2,A,F7,15.0,9.494740084772817
sub-002,2,A,F8,15.0,-1.0976733865592063
sub-002,2,A,T3,15.0,3.270653375012222
sub-002,2,A,T4,15.0,13.289140027516947
sub-002,2,A,T5,15.0,4.134833271315641
sub-002,2,A,T6,15.0,17.289428658258174
sub-002,2,A,Fz,15.0,11.328905877044377
sub-002,2,A,Cz,15.0,9.10730816536905
sub-002,2,A,Pz,15.0,7.329288051971198
sub-002,3,A,Fp1,20.0,7.605384206537776
sub-002,3,A,Fp2,20.0,7.715443796927484
sub-002,3,A,F3,20.0,4.546743367424021
sub-002,3,A,F4,20.0,9.707758452426923
sub-002,3,A,C3,20.0,8.461510023056833
sub-002,3,A,C4,20.0,-10.705775112973061
sub-002,3,A,P3,20.0,12.969633270400706
sub-002,3,A,P4,20.0,18.426308692165527
sub-002,3,A,O1,20.0,7.588832088812053
sub-002,3,A,O2,20.0,16.995226352868595
sub-002,3,A,F7,20.0,7.2581639806777964
sub-002,3,A,F8,20.0,6.638942614012649
sub-002,3,A,T3,20.0,3.8750927418520664
sub-002,3,A,T4,20.0,2.4003164944614226
sub-002,3,A,T5,20.0,5.943885636806954
sub-002,3,A,T6,20.0,15.450959812623575
sub-002,3,A,Fz,20.0,14.948945659127366
sub-002,3,A,Cz,20.0,4.703018131210538
sub-002,3,A,Pz,20.0,14.619555637337116
sub-002,4,A,Fp1,5.0,5.787596505090262
sub-002,4,A,Fp2,5.0,8.638320800637793
sub-002,4,A,F3,5.0,-6.0908316809776455
sub-002,4,A,F4,5.0,6.985764579424181
sub-002,4,A,C3,5.0,5.086317646329677
sub-002,4,A,C4,5.0,5.8595327733596525
sub-002,4,A,P3,5.0,8.90980567421324
sub-002,4,A,P4,5.0,8.617282736848695
sub-002,4,A,O1,5.0,13.527900749290204
sub-002,4,A,O2,5.0,15.249478452488638
sub-002,4,A,F7,5.0,4.96916762616301
sub-002,4,A,F8,5.0,7.21450969632175
sub-002,4,A,T3,5.0,-2.131147401530211
sub-002,4,A,T4,5.0,8.529171290746497
sub-002,4,A,T5,5.0,4.693577515576928
sub-002,4,A,T6,5.0,-2.88345894185775
sub-002,4,A,Fz,5.0,5.371427485382673
sub-002,4,A,Cz,5.0,-0.24940209020784976
sub-002,4,A,Pz,5.0,13.292816477117436
sub-004,0,A,Fp1,5.0,2.4960850069411413
sub-004,0,A,Fp2,5.0,0.6371417863304624
sub-004,0,A,F3,5.0,-5.885148885789708
sub-004,0,A,F4,5.0,5.799142569951531
sub-004,0,A,C3,5.0,-7.592262512561062
sub-004,0,A,C4,5.0,1.572717074308291
sub-004,0,A,P3,5.0,7.016021714138601
sub-004,0,A,P4,5.0,10.052654098313676
sub-004,0,A,O1,5.0,7.231373824393468
sub-004,0,A,O2,5.0,9.084916642732654
sub-004,0,A,F7,5.0,-0.1945196788066826
sub-004,0,A,F8,5.0,-1.2364803340786072
sub-004,0,A,T3,5.0,-11.464748053074434
sub-004,0,A,T4,5.0,-2.3532578081286615
sub-004,0,A,T5,5.0,3.7508990550934374
sub-004,0,A,T6,5.0,8.808035068475707
sub-004,0,A,Fz,5.0,4.1344242805015305
sub-004,0,A,Cz,5.0,-13.80224557519055
sub-004,0,A,Pz,5.0,9.289590900698952
sub-004,1,A,Fp1,10.0,9.28130609593573
sub-004,1,A,Fp2,10.0,12.86419318183456
sub-004,1,A,F3,10.0,6.058769322830386
sub-004,1,A,F4,10.0,-3.1205827736389558
sub-004,1,A,C3,10.0,8.811654925988508
sub-004,1,A,C4,10.0,5.154945927597481
sub-004,1,A,P3,10.0,-3.0050467341491425
sub-004,1,A,P4,10.0,4.620571901820698
sub-004,1,A,O1,10.0,-4.556426508901625
sub-004,1,A,O2,10.0,7.042438388073821
sub-004,1,A,F7,10.0,-0.41315077148527646
sub-004,1,A,F8,10.0,3.630037363939766
sub-004,1,A,T3,10.0,2.1631189927157046
sub-004,1,A,T4,10.0,-2.1773603001513058
sub-004,1,A,T5,10.0,-1.4145738904321599
sub-004,1,A,T6,10.0,5.369509377246219
sub-004,1,A,Fz,10.0,3.214468052279937
sub-004,1,A,Cz,10.0,9.079173776731734
sub-004,1,A,Pz,10.0,12.232563651623867
sub-004,2,A,Fp1,15.0,9.584535750852993
sub-004,2,A,Fp2,15.0,8.228033406265428
sub-004,2,A,F3,15.0,17.35318501466824
sub-004,2,A,F4,15.0,16.203703456807176
sub-004,2,A,C3,15.0,15.494831343696209
sub-004,2,A,C4,15.0,16.243593833124642
sub-004,2,A,P3,15.0,20.33953441330302
sub-004,2,A,P4,15.0,10.830189453926467
sub-004,2,A,O1,15.0,21.235225806725396
sub-004,2,A,O2,15.0,19.946189514883216
sub-004,2,A,F7,15.0,16.79224489091063
sub-004,2,A,F8,15.0,18.043989119988385
sub-004,2,A,T3,15.0,11.201920189866012
sub-004,2,A,T4,15.0,11.369845094422082
sub-004,2,A,T5,15.0,21.24415258917018
sub-004,2,A,T6,15.0,18.30197920130735
sub-004,2,A,Fz,15.0,19.20037610939669
sub-004,2,A,Cz,15.0,14.1109241099121
sub-004,2,A,Pz,15.0,15.035558139391256
sub-004,3,A,Fp1,20.0,11.96900762502537
sub-004,3,A,Fp2,20.0,8.550407004153703
sub-004,3,A,F3,20.0,21.769114870670148
sub-004,3,A,F4,20.0,14.57085431085426
sub-004,3,A,C3,20.0,11.035042578278018
sub-004,3,A,C4,20.0,11.309098922368758
sub-004,3,A,P3,20.0,18.624753062195637
sub-004,3,A,P4,20.0,15.143681371962622
sub-004,3,A,O1,20.0,16.97266475720775
sub-004,3,A,O2,20.0,14.546040105318447
sub-004,3,A,F7,20.0,17.972564127879295
sub-004,3,A,F8,20.0,11.547020923680602
sub-004,3,A,T3,20.0,11.845518832913871
sub-004,3,A,T4,20.0,4.457980825718565
sub-004,3,A,T5,20.0,16.187263792449073
sub-004,3,A,T6,20.0,16.441232194465304
sub-004,3,A,Fz,20.0,16.481891571901034
sub-004,3,A,Cz,20.0,14.18043541816984
sub-004,3,A,Pz,20.0,17.69014617229465
sub-005,0,A,Fp1,10.0,-1.730765621931879
sub-005,0,A,Fp2,10.0,4.306661690613623
sub-005,0,A,F3,10.0,11.1417677152593
sub-005,0,A,F4,10.0,2.2799829649205448
sub-005,0,A,C3,10.0,13.410348682000286
sub-005,0,A,C4,10.0,8.866864335578969
sub-005,0,A,P3,10.0,4.077669148957353
sub-005,0,A,P4,10.0,6.252240275390234
sub-005,0,A,O1,10.0,16.838446186170838
sub-005,0,A,O2,10.0,16.581151811248706
sub-005,0,A,F7,10.0,5.615813688018973
sub-005,0,A,F8,10.0,12.766042942804232
sub-005,0,A,T3,10.0,2.3198203136342825
sub-005,0,A,T4,10.0,6.548086847211004
sub-005,0,A,T5,10.0,2.761580172657246
sub-005,0,A,T6,10.0,12.193031177090285
sub-005,0,A,Fz,10.0,4.364259748623615
sub-005,0,A,Cz,10.0,16.529778503221216
sub-005,0,A,Pz,10.0,0.22393213714796495
sub-005,1,A,Fp1,15.0,-6.0828773921494275
sub-005,1,A,Fp2,15.0,8.709921528555702
sub-005,1,A,F3,15.0,9.478608938977748
sub-005,1,A,F4,15.0,11.149038512280107
sub-005,1,A,C3,15.0,12.457830199817327
sub-005,1,A,C4,15.0,6.850955554807601
sub-005,1,A,P3,15.0,8.219899212610361
sub-005,1,A,P4,15.0,8.725214592386104
sub-005,1,A,O1,15.0,8.960937783838084
sub-005,1,A,O2,15.0,-6.542575234020243
sub-005,1,A,F7,15.0,11.042042901139597
sub-005,1,A,F8,15.0,8.23304664645406
sub-005,1,A,T3,15.0,11.191103817807967
sub-005,1,A,T4,15.0,7.069260511096513
sub-005,1,A,T5,15.0,11.993235070173206
sub-005,1,A,T6,15.0,5.446552287210197
sub-005,1,A,Fz,15.0,9.516204656686645
sub-005,1,A,Cz,15.0,13.244494494472672
sub-005,1,A,Pz,15.0,10.14302005251876
sub-005,2,A,Fp1,20.0,11.983174758344873
sub-005,2,A,Fp2,20.0,-0.14592957724277486
sub-005,2,A,F3,20.0,7.642812097621221
sub-005,2,A,F4,20.0,1.7917989664631817
sub-005,2,A,C3,20.0,5.452771346399269
sub-005,2,A,C4,20.0,8.51887304105544
sub-005,2,A,P3,20.0,10.86310644730196
sub-005,2,A,P4,20.0,9.320874906530914
sub-005,2,A,O1,20.0,19.73761888270066
sub-005,2,A,O2,20.0,13.399032170353093
sub-005,2,A,F7,20.0,3.6023272697012936
sub-005,2,A,F8,20.0,5.624164457726204
sub-005,2,A,T3,20.0,10.74020599171958
sub-005,2,A,T4,20.0,9.642462180957596
sub-005,2,A,T5,20.0,11.435223388024484
sub-005,2,A,T6,20.0,8.034588561797909
sub-005,2,A,Fz,20.0,5.561747514174604
sub-005,2,A,Cz,20.0,8.188151077998018
sub-005,2,A,Pz,20.0,15.347369121447482
sub-005,4,A,Fp1,5.0,-1.2341276409723128
sub-005,4,A,Fp2,5.0,4.700582788289957
sub-005,4,A,F3,5.0,0.833336845605408
sub-005,4,A,F4,5.0,7.804308389827805
sub-005,4,A,C3,5.0,3.0726575339601077
sub-005,4,A,C4,5.0,7.349633641098676
sub-005,4,A,P3,5.0,1.94232210348763
sub-005,4,A,P4,5.0,1.3022892196337592
sub-005,4,A,O1,5.0,14.087287690351832
sub-005,4,A,O2,5.0,13.704757740290765
sub-005,4,A,F7,5.0,4.680330917487981
sub-005,4,A,F8,5.0,7.674992311103178
sub-005,4,A,T3,5.0,3.8525869451692185
sub-005,4,A,T4,5.0,-1.5335898614467802
sub-005,4,A,T5,5.0,3.6185817424420637
sub-005,4,A,T6,5.0,8.752631689364215
sub-005,4,A,Fz,5.0,-0.35305428581086673
sub-005,4,A,Cz,5.0,11.117549455117446
sub-005,4,A,Pz,5.0,3.8461888099525887
sub-006,0,A,Fp1,5.0,-2.8090611834995913
sub-006,0,A,Fp2,5.0,-4.2028891368240275
sub-006,0,A,F3,5.0,-1.4450019649344947
sub-006,0,A,F4,5.0,-0.33354645793708276
sub-006,0,A,C3,5.0,-2.3544095814545103
sub-006,0,A,C4,5.0,-0.9026092526647118
sub-006,0,A,P3,5.0,-3.001581166076359
sub-006,0,A,P4,5.0,-1.388560748198204
sub-006,0,A,O1,5.0,1.1877479296338698
sub-006,0,A,O2,5.0,2.1794024079695236
sub-006,0,A,F7,5.0,-4.130444333142681
sub-006,0,A,F8,5.0,-5.37759840423112
sub-006,0,A,T3,5.0,-2.380589693356293
sub-006,0,A,T4,5.0,-1.3155493394348003
sub-006,0,A,T5,5.0,-2.43764400437706
sub-006,0,A,T6,5.0,-7.397327199010394
sub-006,0,A,Fz,5.0,2.1512613809383128
sub-006,0,A,Cz,5.0,-1.4986098564857837
sub-006,0,A,Pz,5.0,-1.4523587506308502
sub-006,1,A,Fp1,10.0,5.8158824268973035
sub-006,1,A,Fp2,10.0,8.064675576627952
sub-006,1,A,F3,10.0,6.947390041512227
sub-006,1,A,F4,10.0,8.46737782794619
sub-006,1,A,C3,10.0,-10.58201530652142
sub-006,1,A,C4,10.0,10.141051624544861
sub-006,1,A,P3,10.0,13.532190136923958
sub-006,1,A,P4,10.0,3.1166503657507216
sub-006,1,A,O1,10.0,9.566291012403163
sub-006,1,A,O2,10.0,4.839507824274928
sub-006,1,A,F7,10.0,4.700762784832372
sub-006,1,A,F8,10.0,6.156974179016896
sub-006,1,A,T3,10.0,0.2886250130344755
sub-006,1,A,T4,10.0,8.738348131920537
sub-006,1,A,T5,10.0,12.77406868405446
sub-006,1,A,T6,10.0,1.7569588838286916
sub-006,1,A,Fz,10.0,9.206277454133952
sub-006,1,A,Cz,10.0,4.414874424184715
sub-006,1,A,Pz,10.0,9.10726537702762
sub-006,2,A,Fp1,15.0,-1.3218079784847352
sub-006,2,A,Fp2,15.0,-2.1795101361840405
sub-006,2,A,F3,15.0,6.997931554896669
sub-006,2,A,F4,15.0,3.7791590887000663
sub-006,2,A,C3,15.0,5.917613358512525
sub-006,2,A,C4,15.0,4.310593520961456
sub-006,2,A,P3,15.0,6.962561001265676
sub-006,2,A,P4,15.0,2.964851111370495
sub-006,2,A,O1,15.0,11.06577044456757
sub-006,2,A,O2,15.0,6.5685222829035705
sub-006,2,A,F7,15.0,4.216449664882945
sub-006,2,A,F8,15.0,-7.979433226863179
sub-006,2,A,T3,15.0,4.298387322888654
sub-006,2,A,T4,15.0,-4.543881221501946
sub-006,2,A,T5,15.0,11.2780495435393
sub-006,2,A,T6,15.0,4.142752650838479
sub-006,2,A,Fz,15.0,5.929876961116531
sub-006,2,A,Cz,15.0,9.214843938207647
sub-006,2,A,Pz,15.0,1.0317020847476497
sub-006,3,A,Fp1,20.0,5.338995384363558
sub-006,3,A,Fp2,20.0,6.169736271241523
sub-006,3,A,F3,20.0,5.913354813932904
sub-006,3,A,F4,20.0,4.359747501750983
sub-006,3,A,C3,20.0,3.2300055276380575
sub-006,3,A,C4,20.0,7.583541795660544
sub-006,3,A,P3,20.0,3.8626292622704717
sub-006,3,A,P4,20.0,9.011426962389802
sub-006,3,A,O1,20.0,11.148754088431886
sub-006,3,A,O2,20.0,10.648422573794798
sub-006,3,A,F7,20.0,2.8188058897123858
sub-006,3,A,F8,20.0,-3.1133937531182965
sub-006,3,A,T3,20.0,2.752667103492097
sub-006,3,A,T4,20.0,1.3105374961663676
sub-006,3,A,T5,20.0,4.443409180230305
sub-006,3,A,T6,20.0,6.431947866562692
sub-006,3,A,Fz,20.0,4.533954162470692
sub-006,3,A,Cz,20.0,1.086059821629257
sub-006,3,A,Pz,20.0,3.806972519417133
sub-006,5,A,Fp1,5.0,-0.8403525878263308
sub-006,5,A,Fp2,5.0,-2.198140867574906
sub-006,5,A,F3,5.0,2.7719443301352573
sub-006,5,A,F4,5.0,2.5698046691442364
sub-006,5,A,C3,5.0,-5.763701767664622
sub-006,5,A,C4,5.0,-7.508845532963964
sub-006,5,A,P3,5.0,4.6229190332607475
sub-006,5,A,P4,5.0,-0.21023641450808583
sub-006,5,A,O1,5.0,6.157745923926496
sub-006,5,A,O2,5.0,3.8767372102163735
sub-006,5,A,F7,5.0,-8.412502104758206
sub-006,5,A,F8,5.0,8.008397564654592
sub-006,5,A,T3,5.0,-11.920987977761403
sub-006,5,A,T4,5.0,-5.9420154120509885
sub-006,5,A,T5,5.0,5.825203325617517
sub-006,5,A,T6,5.0,-3.3596673969749666
sub-006,5,A,Fz,5.0,-0.2808124468903339
sub-006,5,A,Cz,5.0,8.960159204495234
sub-006,5,A,Pz,5.0,5.392678286849412
sub-007,0,A,Fp1,5.0,-6.386934103717134
sub-007,0,A,Fp2,5.0,-4.454983950669752
sub-007,0,A,F3,5.0,-3.834732753126965
sub-007,0,A,F4,5.0,-6.6834654859169635
sub-007,0,A,C3,5.0,-1.1186395596829786
sub-007,0,A,C4,5.0,2.030543555752211
sub-007,0,A,P3,5.0,-0.7655920625531855
sub-007,0,A,P4,5.0,7.207309353556008
sub-007,0,A,O1,5.0,3.514631793514542
sub-007,0,A,O2,5.0,3.67141175100548
sub-007,0,A,F7,5.0,-0.6710265129652869
sub-007,0,A,F8,5.0,4.428411229157316
sub-007,0,A,T3,5.0,-3.2528891658199055
sub-007,0,A,T4,5.0,4.092398638500402
sub-007,0,A,T5,5.0,-0.6104935089880913
sub-007,0,A,T6,5.0,-2.075822903323562
sub-007,0,A,Fz,5.0,-4.2393025399163085
sub-007,0,A,Cz,5.0,2.0950769488281535
sub-007,0,A,Pz,5.0,8.72627333433867
sub-007,1,A,Fp1,10.0,4.590379444551501
sub-007,1,A,Fp2,10.0,3.7357705041973106
sub-007,1,A,F3,10.0,-3.8187117848323964
sub-007,1,A,F4,10.0,1.7256928618894565
sub-007,1,A,C3,10.0,-2.099557607303187
sub-007,1,A,C4,10.0,5.216692037854724
sub-007,1,A,P3,10.0,5.263401472394358
sub-007,1,A,P4,10.0,2.6668545274702686
sub-007,1,A,O1,10.0,7.238528024245518
sub-007,1,A,O2,10.0,5.133002891354442
sub-007,1,A,F7,10.0,-0.4637199842771157
sub-007,1,A,F8,10.0,3.29734984505853
sub-007,1,A,T3,10.0,-6.238444010114712
sub-007,1,A,T4,10.0,6.081023393732209
sub-007,1,A,T5,10.0,-3.0528862328901325
sub-007,1,A,T6,10.0,-2.865999987767718
sub-007,1,A,Fz,10.0,-4.242460664902886
sub-007,1,A,Cz,10.0,3.7970418272718707
sub-007,1,A,Pz,10.0,9.199070863873958
sub-007,2,A,Fp1,15.0,15.90304354940993
sub-007,2,A,Fp2,15.0,13.825408863804993
sub-007,2,A,F3,15.0,4.735186788046582
sub-007,2,A,F4,15.0,2.1397999190431714
sub-007,2,A,C3,15.0,-3.8399398950773356
sub-007,2,A,C4,15.0,6.035178034817459
sub-007,2,A,P3,15.0,12.977918259529295
sub-007,2,A,P4,15.0,14.955062388056422
sub-007,2,A,O1,15.0,10.577668128129432
sub-007,2,A,O2,15.0,12.005985294374142
sub-007,2,A,F7,15.0,10.599366074375322
sub-007,2,A,F8,15.0,9.930823852968906
sub-007,2,A,T3,15.0,8.423261287175517
sub-007,2,A,T4,15.0,-5.611042542669341
sub-007,2,A,T5,15.0,-11.228748451613006
sub-007,2,A,T6,15.0,10.022091099573204
sub-007,2,A,Fz,15.0,5.904869397981489
sub-007,2,A,Cz,15.0,6.303088624524271
sub-007,2,A,Pz,15.0,14.162631790058152
sub-007,3,A,Fp1,20.0,-1.5375360029043392
sub-007,3,A,Fp2,20.0,-3.269056249969501
sub-007,3,A,F3,20.0,5.783110528608924
sub-007,3,A,F4,20.0,5.228032647749215
sub-007,3,A,C3,20.0,5.182572269289438
sub-007,3,A,C4,20.0,-0.34175645689392214
sub-007,3,A,P3,20.0,10.64231966282605
sub-007,3,A,P4,20.0,9.314856062416748
sub-007,3,A,O1,20.0,10.787709669375442
sub-007,3,A,O2,20.0,11.982180924829613
sub-007,3,A,F7,20.0,7.2271860048154295
sub-007,3,A,F8,20.0,7.92551996997331
sub-007,3,A,T3,20.0,6.795912274831865
sub-007,3,A,T4,20.0,0.6736398400852364
sub-007,3,A,T5,20.0,-5.260643342564072
sub-007,3,A,T6,20.0,8.220020847148083
sub-007,3,A,Fz,20.0,5.133440601041906
sub-007,3,A,Cz,20.0,-3.376503044464295
sub-007,3,A,Pz,20.0,10.486147065599864
sub-008,0,A,Fp1,5.0,-6.415638349709624
sub-008,0,A,Fp2,5.0,-8.852330526267462
sub-008,0,A,F3,5.0,5.661598132564267
sub-008,0,A,F4,5.0,3.5953450028637803
sub-008,0,A,C3,5.0,2.5999003829714136
sub-008,0,A,C4,5.0,6.661377675472603
sub-008,0,A,P3,5.0,0.08877638398509918
sub-008,0,A,P4,5.0,-0.3837282560646699
sub-008,0,A,O1,5.0,6.584695047396484
sub-008,0,A,O2,5.0,7.517509110876719
sub-008,0,A,F7,5.0,8.753647910769235
sub-008,0,A,F8,5.0,2.9032790358536227
sub-008,0,A,T3,5.0,0.18938645662771875
sub-008,0,A,T4,5.0,0.9486704346267438
sub-008,0,A,T5,5.0,2.790603420140811
sub-008,0,A,T6,5.0,3.6374692003588183
sub-008,0,A,Fz,5.0,3.844856910384258
sub-008,0,A,Cz,5.0,6.111015209558463
sub-008,0,A,Pz,5.0,2.0664833998226615
sub-008,1,A,Fp1,10.0,9.350931827239483
sub-008,1,A,Fp2,10.0,12.719258111227843
sub-008,1,A,F3,10.0,7.0560202356005775
sub-008,1,A,F4,10.0,13.59232372543466
sub-008,1,A,C3,10.0,7.1765588306756
sub-008,1,A,C4,10.0,0.13190767664787914
sub-008,1,A,P3,10.0,9.383644443742122
sub-008,1,A,P4,10.0,9.717370783760815
sub-008,1,A,O1,10.0,13.522564312358206
sub-008,1,A,O2,10.0,12.871366913089599
sub-008,1,A,F7,10.0,7.0751893828649335
sub-008,1,A,F8,10.0,14.28664297427803
sub-008,1,A,T3,10.0,9.616799583662967
sub-008,1,A,T4,10.0,7.901883984233078
sub-008,1,A,T5,10.0,8.16591311738538
sub-008,1,A,T6,10.0,7.259368512927104
sub-008,1,A,Fz,10.0,9.699175146811852
sub-008,1,A,Cz,10.0,3.5169644332429524
sub-008,1,A,Pz,10.0,15.216938958903132
sub-008,2,A,Fp1,15.0,-6.772854509123915
sub-008,2,A,Fp2,15.0,0.8437659153281208
sub-008,2,A,F3,15.0,12.04968484826894
sub-008,2,A,F4,15.0,-1.5134197132368434
sub-008,2,A,C3,15.0,17.07919107572991
sub-008,2,A,C4,15.0,-6.146949248717773
sub-008,2,A,P3,15.0,8.750667717866797
sub-008,2,A,P4,15.0,6.109867526083052
sub-008,2,A,O1,15.0,14.626856063851934
sub-008,2,A,O2,15.0,12.613201110373275
sub-008,2,A,F7,15.0,-0.9362231077561141
sub-008,2,A,F8,15.0,-1.4387499411456737
sub-008,2,A,T3,15.0,-5.182930067153556
sub-008,2,A,T4,15.0,2.7643339304536223
sub-008,2,A,T5,15.0,8.348819781601778
sub-008,2,A,T6,15.0,10.26951485213175
sub-008,2,A,Fz,15.0,14.627803898625153
sub-008,2,A,Cz,15.0,17.396358422108207
sub-008,2,A,Pz,15.0,12.815765450557226
sub-008,3,A,Fp1,20.0,15.023470962099537
sub-008,3,A,Fp2,20.0,15.023170619397618
sub-008,3,A,F3,20.0,14.433038673533678
sub-008,3,A,F4,20.0,17.406185305310174
sub-008,3,A,C3,20.0,-4.0446072699897195
sub-008,3,A,C4,20.0,4.780770130463877
sub-008,3,A,P3,20.0,15.948801751453566
sub-008,3,A,P4,20.0,9.289498966840368
sub-008,3,A,O1,20.0,15.803702679222184
sub-008,3,A,O2,20.0,13.06430961152939
sub-008,3,A,F7,20.0,13.881792755588467
sub-008,3,A,F8,20.0,15.222079379565008
sub-008,3,A,T3,20.0,3.578278397342371
sub-008,3,A,T4,20.0,3.739261632030391
sub-008,3,A,T5,20.0,10.146551620797435
sub-008,3,A,T6,20.0,2.8194540493043303
sub-008,3,A,Fz,20.0,15.586662992921454
sub-008,3,A,Cz,20.0,7.11704527362137
sub-008,3,A,Pz,20.0,15.015596666233977
sub-009,0,A,Fp1,5.0,-0.2038782367454638
sub-009,0,A,Fp2,5.0,9.42706602831887
sub-009,0,A,F3,5.0,3.5650090360167708
sub-009,0,A,F4,5.0,8.445232207155849
sub-009,0,A,C3,5.0,-11.76638875992041
sub-009,0,A,C4,5.0,-3.819707360769301
sub-009,0,A,P3,5.0,-3.119479094899267
sub-009,0,A,P4,5.0,3.6814260319405143
sub-009,0,A,O1,5.0,8.837365555849136
sub-009,0,A,O2,5.0,12.519537914415755
sub-009,0,A,F7,5.0,-7.276695066587106
sub-009,0,A,F8,5.0,-4.3531654419717665
sub-009,0,A,T3,5.0,-0.22977890761366698
sub-009,0,A,T4,5.0,-7.255059175914635
sub-009,0,A,T5,5.0,8.349022454320306
sub-009,0,A,T6,5.0,10.892658910050573
sub-009,0,A,Fz,5.0,10.579753692102003
sub-009,0,A,Cz,5.0,5.610441594629761
sub-009,0,A,Pz,5.0,-5.651968484530132
sub-009,1,A,Fp1,10.0,3.591284591475979
sub-009,1,A,Fp2,10.0,5.0609424851343965
sub-009,1,A,F3,10.0,7.541910321330745
sub-009,1,A,F4,10.0,10.493725068920263
sub-009,1,A,C3,10.0,1.0833049511154411
sub-009,1,A,C4,10.0,7.1267752237347795
sub-009,1,A,P3,10.0,8.780253990204162
sub-009,1,A,P4,10.0,7.934367854581304
sub-009,1,A,O1,10.0,15.264144198933343
sub-009,1,A,O2,10.0,11.967636871049196
sub-009,1,A,F7,10.0,4.043306125596321
sub-009,1,A,F8,10.0,9.848851058767305
sub-009,1,A,T3,10.0,6.283241294756512
sub-009,1,A,T4,10.0,3.8853027074501343
sub-009,1,A,T5,10.0,12.188645974526926
sub-009,1,A,T6,10.0,5.081761525323236
sub-009,1,A,Fz,10.0,10.27634720000428
sub-009,1,A,Cz,10.0,6.453620508947834
sub-009,1,A,Pz,10.0,8.399888285341016
sub-009,2,A,Fp1,15.0,6.153335071894899
sub-009,2,A,Fp2,15.0,4.258192460291545
sub-009,2,A,F3,15.0,6.275425039815534
sub-009,2,A,F4,15.0,-1.212305150635137
sub-009,2,A,C3,15.0,9.084350411356766
sub-009,2,A,C4,15.0,5.485326076853436
sub-009,2,A,P3,15.0,-3.2510606045842843
sub-009,2,A,P4,15.0,5.95034258533805
sub-009,2,A,O1,15.0,7.326198450882896
sub-009,2,A,O2,15.0,7.7189905269187875
sub-009,2,A,F7,15.0,6.547068333982659
sub-009,2,A,F8,15.0,-1.9040312303791378
sub-009,2,A,T3,15.0,4.381031675191186
sub-009,2,A,T4,15.0,8.679177437206064
sub-009,2,A,T5,15.0,7.8748496565776085
sub-009,2,A,T6,15.0,9.538166380024965
sub-009,2,A,Fz,15.0,2.7255353401973736
sub-009,2,A,Cz,15.0,12.969280737034827
sub-009,2,A,Pz,15.0,8.772183192901434
sub-009,3,A,Fp1,20.0,3.1675804856460505
sub-009,3,A,Fp2,20.0,4.463326099235649
sub-009,3,A,F3,20.0,1.3981871157309094
sub-009,3,A,F4,20.0,8.173750742185943
sub-009,3,A,C3,20.0,1.4454024858178018
sub-009,3,A,C4,20.0,2.031274324306925
sub-009,3,A,P3,20.0,5.384653023741201
sub-009,3,A,P4,20.0,6.718872866599628
sub-009,3,A,O1,20.0,15.054545800954442
sub-009,3,A,O2,20.0,12.090485059824275
sub-009,3,A,F7,20.0,-10.47449136006585
sub-009,3,A,F8,20.0,3.791227786001442
sub-009,3,A,T3,20.0,7.681688647933088
sub-009,3,A,T4,20.0,3.393145061733751
sub-009,3,A,T5,20.0,12.609398169661407
sub-009,3,A,T6,20.0,7.233492704823833
sub-009,3,A,Fz,20.0,2.1740594653165273
sub-009,3,A,Cz,20.0,3.257716007122804
sub-009,3,A,Pz,20.0,1.1492359284857832
sub-010,0,A,Fp1,5.0,0.4023935155018461
sub-010,0,A,Fp2,5.0,-0.16112403174789944
sub-010,0,A,F3,5.0,-4.383773846697244
sub-010,0,A,F4,5.0,4.346200718823529
sub-010,0,A,C3,5.0,-0.8541569509951418
sub-010,0,A,C4,5.0,-0.6601955627049138
sub-010,0,A,P3,5.0,4.214315589437278
sub-010,0,A,P4,5.0,4.01281779132527
sub-010,0,A,O1,5.0,10.64435314816464
sub-010,0,A,O2,5.0,8.720003614359742
sub-010,0,A,F7,5.0,5.2028093072361425
sub-010,0,A,F8,5.0,1.5794073836679527
sub-010,0,A,T3,5.0,-1.2939296295332847
sub-010,0,A,T4,5.0,3.5896034328078974
sub-010,0,A,T5,5.0,-2.163330978988674
sub-010,0,A,T6,5.0,-4.046075145678582
sub-010,0,A,Fz,5.0,-4.123643000137859
sub-010,0,A,Cz,5.0,0.16842126893400838
sub-010,0,A,Pz,5.0,10.436670295038324
sub-010,1,A,Fp1,10.0,6.40259714461815
sub-010,1,A,Fp2,10.0,2.3345785518544537
sub-010,1,A,F3,10.0,-9.047026396208137
sub-010,1,A,F4,10.0,3.1006339603848514
sub-010,1,A,C3,10.0,-1.2486402980491769
sub-010,1,A,C4,10.0,4.361043350152361
sub-010,1,A,P3,10.0,9.685046605797632
sub-010,1,A,P4,10.0,0.381696261839494
sub-010,1,A,O1,10.0,9.646597410782796
sub-010,1,A,O2,10.0,4.223272648062405
sub-010,1,A,F7,10.0,-3.516175779920787
sub-010,1,A,F8,10.0,3.381445945265034
sub-010,1,A,T3,10.0,3.1609759281416276
sub-010,1,A,T4,10.0,1.5945877544949902
sub-010,1,A,T5,10.0,10.741926717473172
sub-010,1,A,T6,10.0,-3.986949983764859
sub-010,1,A,Fz,10.0,-2.103407722266925
sub-010,1,A,Cz,10.0,-0.1891079562100879
sub-010,1,A,Pz,10.0,6.709164575814841
sub-010,2,A,Fp1,15.0,-7.294131732195003
sub-010,2,A,Fp2,15.0,-12.219977093223036
sub-010,2,A,F3,15.0,5.760960554164316
sub-010,2,A,F4,15.0,6.831921487445908
sub-010,2,A,C3,15.0,0.6760721965920374
sub-010,2,A,C4,15.0,5.304290621829893
sub-010,2,A,P3,15.0,10.677730624605468
sub-010,2,A,P4,15.0,2.0560562239391955
sub-010,2,A,O1,15.0,14.132674467798553
sub-010,2,A,O2,15.0,8.484008161196368
sub-010,2,A,F7,15.0,5.477976873534095
sub-010,2,A,F8,15.0,-4.050290700920573
sub-010,2,A,T3,15.0,1.3668615995383369
sub-010,2,A,T4,15.0,7.005286281177309
sub-010,2,A,T5,15.0,10.221674289508336
sub-010,2,A,T6,15.0,0.09153229285112988
sub-010,2,A,Fz,15.0,7.418132535635127
sub-010,2,A,Cz,15.0,9.30075955053034
sub-010,2,A,Pz,15.0,5.054429484367665
sub-010,3,A,Fp1,20.0,2.934400781541081
sub-010,3,A,Fp2,20.0,5.52680770573353
sub-010,3,A,F3,20.0,3.8399617205134557
sub-010,3,A,F4,20.0,6.73077018338755
sub-010,3,A,C3,20.0,10.267838226816595
sub-010,3,A,C4,20.0,6.256826289705229
sub-010,3,A,P3,20.0,13.985768613875546
sub-010,3,A,P4,20.0,2.581910758479667
sub-010,3,A,O1,20.0,9.119299203850634
sub-010,3,A,O2,20.0,-0.21320155868914387
sub-010,3,A,F7,20.0,2.8065351686594324
sub-010,3,A,F8,20.0,6.186995888239531
sub-010,3,A,T3,20.0,10.07637406560743
sub-010,3,A,T4,20.0,7.6581221860784545
sub-010,3,A,T5,20.0,11.540607171005991
sub-010,3,A,T6,20.0,2.838194200136713
sub-010,3,A,Fz,20.0,7.003501237747869
sub-010,3,A,Cz,20.0,5.903469747757647
sub-010,3,A,Pz,20.0,10.082031889160444
sub-010,4,A,Fp1,5.0,2.5349916827346335
sub-010,4,A,Fp2,5.0,2.2440410715157357
sub-010,4,A,F3,5.0,-1.6015399826980878
sub-010,4,A,F4,5.0,-4.834214100827824
sub-010,4,A,C3,5.0,-0.08410005464299687
sub-010,4,A,C4,5.0,1.5955324179599615
sub-010,4,A,P3,5.0,1.116455969034837
sub-010,4,A,P4,5.0,8.026243004901216
sub-010,4,A,O1,5.0,-3.1348502059273593
sub-010,4,A,O2,5.0,4.338307773234376
sub-010,4,A,F7,5.0,-4.648690649041683
sub-010,4,A,F8,5.0,-0.15401464828921388
sub-010,4,A,T3,5.0,-2.2601016619477625
sub-010,4,A,T4,5.0,-0.7186642881873201
sub-010,4,A,T5,5.0,3.042613681117135
sub-010,4,A,T6,5.0,-0.9480676636635383
sub-010,4,A,Fz,5.0,-3.2999451470009062
sub-010,4,A,Cz,5.0,3.2816555228875073
sub-010,4,A,Pz,5.0,8.057788083857826
sub-012,0,A,Fp1,5.0,-3.377703503223921
sub-012,0,A,Fp2,5.0,-9.363997120874707
sub-012,0,A,F3,5.0,-0.9135616885452154
sub-012,0,A,F4,5.0,3.499425531582596
sub-012,0,A,C3,5.0,-7.198734615431538
sub-012,0,A,C4,5.0,6.599584388860833
sub-012,0,A,P3,5.0,1.292349562184494
sub-012,0,A,P4,5.0,-4.0958237984863635
sub-012,0,A,O1,5.0,0.9473587015799939
sub-012,0,A,O2,5.0,-2.1163832107597362
sub-012,0,A,F7,5.0,1.0016127458492212
sub-012,0,A,F8,5.0,-0.8328530096050862
sub-012,0,A,T3,5.0,6.617653282237819
sub-012,0,A,T4,5.0,-0.6564307537638352
sub-012,0,A,T5,5.0,1.1958722943829176
sub-012,0,A,T6,5.0,-14.964391813468392
sub-012,0,A,Fz,5.0,-1.573753132066885
sub-012,0,A,Cz,5.0,4.599212228183543
sub-012,0,A,Pz,5.0,5.305112722992274
sub-012,1,A,Fp1,10.0,10.683838916902722
sub-012,1,A,Fp2,10.0,5.845177819735828
sub-012,1,A,F3,10.0,2.7464536093147514
sub-012,1,A,F4,10.0,2.6804595518953924
sub-012,1,A,C3,10.0,8.509289041773457
sub-012,1,A,C4,10.0,7.135196830801264
sub-012,1,A,P3,10.0,-1.5042897705812674
sub-012,1,A,P4,10.0,5.682369855694448
sub-012,1,A,O1,10.0,3.0571908135758457
sub-012,1,A,O2,10.0,6.388816351636436
sub-012,1,A,F7,10.0,1.7305582581861065
sub-012,1,A,F8,10.0,3.6177382387783634
sub-012,1,A,T3,10.0,3.430542322951893
sub-012,1,A,T4,10.0,3.072751772079526
sub-012,1,A,T5,10.0,-0.14310423544394268
sub-012,1,A,T6,10.0,4.265628149845895
sub-012,1,A,Fz,10.0,8.09915362934942
sub-012,1,A,Cz,10.0,14.53747473910604
sub-012,1,A,Pz,10.0,7.342402604880421
sub-012,2,A,Fp1,15.0,6.875728398313048
sub-012,2,A,Fp2,15.0,6.748059974946417
sub-012,2,A,F3,15.0,6.127550724611695
sub-012,2,A,F4,15.0,5.8742126345708545
sub-012,2,A,C3,15.0,7.930685690487557
sub-012,2,A,C4,15.0,-5.983392282974975
sub-012,2,A,P3,15.0,4.029334507586398
sub-012,2,A,P4,15.0,6.08385639936183
sub-012,2,A,O1,15.0,12.685827114555693
sub-012,2,A,O2,15.0,14.822419608939192
sub-012,2,A,F7,15.0,4.322187945110477
sub-012,2,A,F8,15.0,1.1334692944464049
sub-012,2,A,T3,15.0,4.524944955260844
sub-012,2,A,T4,15.0,0.018472692331385317
sub-012,2,A,T5,15.0,7.030715776536694
sub-012,2,A,T6,15.0,9.354687823321953
sub-012,2,A,Fz,15.0,3.5191697834417566
sub-012,2,A,Cz,15.0,5.737031817596455
sub-012,2,A,Pz,15.0,8.190310134383989
sub-012,3,A,Fp1,20.0,-3.4362771082613754
sub-012,3,A,Fp2,20.0,4.838400380152875
sub-012,3,A,F3,20.0,8.7182201383137
sub-012,3,A,F4,20.0,7.18678791845249
sub-012,3,A,C3,20.0,5.638759502072469
sub-012,3,A,C4,20.0,-0.5913234751789079
sub-012,3,A,P3,20.0,-2.2945426017174277
sub-012,3,A,P4,20.0,4.886419501565572
sub-012,3,A,O1,20.0,6.3021211070671
sub-012,3,A,O2,20.0,12.225903122672417
sub-012,3,A,F7,20.0,-1.2653856063573223
sub-012,3,A,F8,20.0,1.7316168726726504
sub-012,3,A,T3,20.0,-6.962945501724321
sub-012,3,A,T4,20.0,10.32371629864577
sub-012,3,A,T5,20.0,2.258022382277694
sub-012,3,A,T6,20.0,10.17941820618492
sub-012,3,A,Fz,20.0,2.8490213884301197
sub-012,3,A,Cz,20.0,2.690123185817051
sub-012,3,A,Pz,20.0,6.154653620730447
sub-012,4,A,Fp1,5.0,-16.714178279931136
sub-012,4,A,Fp2,5.0,-3.4201454897896895
sub-012,4,A,F3,5.0,6.175158392704486
sub-012,4,A,F4,5.0,11.518423423781236
sub-012,4,A,C3,5.0,4.8497674999928115
sub-012,4,A,C4,5.0,17.636320519642375
sub-012,4,A,P3,5.0,12.743233738132446
sub-012,4,A,P4,5.0,-1.5866584794021659
sub-012,4,A,O1,5.0,10.85358559604648
sub-012,4,A,O2,5.0,14.406146370281776
sub-012,4,A,F7,5.0,1.9678677137616956
sub-012,4,A,F8,5.0,13.700913847617409
sub-012,4,A,T3,5.0,6.317079021790066
sub-012,4,A,T4,5.0,10.679001956478961
sub-012,4,A,T5,5.0,21.118456159542994
sub-012,4,A,T6,5.0,3.8083130839281893
sub-012,4,A,Fz,5.0,9.47902149899848
sub-012,4,A,Cz,5.0,16.31619300669834
sub-012,4,A,Pz,5.0,4.2430713935184
sub-013,0,A,Fp1,5.0,2.9743366948454577
sub-013,0,A,Fp2,5.0,4.357305184332873
sub-013,0,A,F3,5.0,4.811133915145498
sub-013,0,A,F4,5.0,-0.15271035678499317
sub-013,0,A,C3,5.0,5.1428873445343095
sub-013,0,A,C4,5.0,-2.9587269844872095
sub-013,0,A,P3,5.0,6.4745908721216345
sub-013,0,A,P4,5.0,3.040127181876236
sub-013,0,A,O1,5.0,3.6857669610816552
sub-013,0,A,O2,5.0,-1.5968512577128282
sub-013,0,A,F7,5.0,2.538667677890014
sub-013,0,A,F8,5.0,-9.559703147276844
sub-013,0,A,T3,5.0,1.132970674524573
sub-013,0,A,T4,5.0,-5.9316215128154415
sub-013,0,A,T5,5.0,3.3898164807477658
sub-013,0,A,T6,5.0,-1.1565881805409197
sub-013,0,A,Fz,5.0,5.728857595202648
sub-013,0,A,Cz,5.0,-0.7928783845606313
sub-013,0,A,Pz,5.0,5.575532057420166
sub-013,1,A,Fp1,10.0,1.5603012534556084
sub-013,1,A,Fp2,10.0,6.2714603088002185
sub-013,1,A,F3,10.0,2.5429612423138552
sub-013,1,A,F4,10.0,5.7833409647077305
sub-013,1,A,C3,10.0,0.7867292077345079
sub-013,1,A,C4,10.0,-0.3924807614606412
sub-013,1,A,P3,10.0,-17.494847565086328
sub-013,1,A,P4,10.0,-5.370564766706681
sub-013,1,A,O1,10.0,14.326419160476947
sub-013,1,A,O2,10.0,13.424289139833565
sub-013,1,A,F7,10.0,-5.724629806771004
sub-013,1,A,F8,10.0,0.5747117129928516
sub-013,1,A,T3,10.0,-5.936343885949266
sub-013,1,A,T4,10.0,-4.617338549236934
sub-013,1,A,T5,10.0,1.1732045468448147
sub-013,1,A,T6,10.0,4.4114536848560695
sub-013,1,A,Fz,10.0,8.941698206747851
sub-013,1,A,Cz,10.0,8.806883715980206
sub-013,1,A,Pz,10.0,-0.546371912445286
sub-013,2,A,Fp1,15.0,1.4916703367332262
sub-013,2,A,Fp2,15.0,-1.1994001652811417
sub-013,2,A,F3,15.0,6.148720605913532
sub-013,2,A,F4,15.0,-0.8736108557150442
sub-013,2,A,C3,15.0,0.700459511347473
sub-013,2,A,C4,15.0,-0.7005777084236908
sub-013,2,A,P3,15.0,-1.2767194987859718
sub-013,2,A,P4,15.0,6.411941349441541
sub-013,2,A,O1,15.0,4.633303456281113
sub-013,2,A,O2,15.0,6.45991404062613
sub-013,2,A,F7,15.0,6.79382323984834
sub-013,2,A,F8,15.0,3.3711833344794866
sub-013,2,A,T3,15.0,-3.7068410709985637
sub-013,2,A,T4,15.0,3.2675930272891085
sub-013,2,A,T5,15.0,3.8610903081032437
sub-013,2,A,T6,15.0,12.667052967453214
sub-013,2,A,Fz,15.0,3.414255095973313
sub-013,2,A,Cz,15.0,4.833236306194934
sub-013,2,A,Pz,15.0,-2.860745549618321
sub-013,3,A,Fp1,20.0,4.702735430384729
sub-013,3,A,Fp2,20.0,3.482845649215757
sub-013,3,A,F3,20.0,2.740800224371589
sub-013,3,A,F4,20.0,-4.390546322793894
sub-013,3,A,C3,20.0,7.59644401878116
sub-013,3,A,C4,20.0,2.1459965315563134
sub-013,3,A,P3,20.0,6.88586386334658
sub-013,3,A,P4,20.0,11.089676771738707
sub-013,3,A,O1,20.0,1.4127095707726283
sub-013,3,A,O2,20.0,6.445502590846887
sub-013,3,A,F7,20.0,8.723617294396766
sub-013,3,A,F8,20.0,7.7570400036692195
sub-013,3,A,T3,20.0,5.819417087519264
sub-013,3,A,T4,20.0,7.548920938221318
sub-013,3,A,T5,20.0,5.428633947752467
sub-013,3,A,T6,20.0,-0.2071433140979266
sub-013,3,A,Fz,20.0,-13.01101258531653
sub-013,3,A,Cz,20.0,14.04635334020022
sub-013,3,A,Pz,20.0,12.67663347405336
sub-013,4,A,Fp1,5.0,7.87847890731965
sub-013,4,A,Fp2,5.0,-0.9324019077161656
sub-013,4,A,F3,5.0,9.702535582839948
sub-013,4,A,F4,5.0,2.582859695119108
sub-013,4,A,C3,5.0,10.501906234590376
sub-013,4,A,C4,5.0,3.2321900410373896
sub-013,4,A,P3,5.0,5.534027628616908
sub-013,4,A,P4,5.0,6.199654789882919
sub-013,4,A,O1,5.0,6.588840927665114
sub-013,4,A,O2,5.0,14.021408261542057
sub-013,4,A,F7,5.0,8.289775689880623
sub-013,4,A,F8,5.0,-0.956036870060397
sub-013,4,A,T3,5.0,3.815228003980666
sub-013,4,A,T4,5.0,6.336230897325896
sub-013,4,A,T5,5.0,-1.8169691067069196
sub-013,4,A,T6,5.0,7.992592032801018
sub-013,4,A,Fz,5.0,8.558848166368378
sub-013,4,A,Cz,5.0,-4.675003602073026
sub-013,4,A,Pz,5.0,8.791770366283894
sub-014,0,A,Fp1,5.0,-3.0043118168534484
sub-014,0,A,Fp2,5.0,-1.388388497449371
sub-014,0,A,F3,5.0,9.185157797132529
sub-014,0,A,F4,5.0,3.013937890222238
sub-014,0,A,C3,5.0,12.19508199589695
sub-014,0,A,C4,5.0,6.885415235580497
sub-014,0,A,P3,5.0,2.1798377536740494
sub-014,0,A,P4,5.0,2.2615351355061044
sub-014,0,A,O1,5.0,8.534958919409014
sub-014,0,A,O2,5.0,9.735806154148122
sub-014,0,A,F7,5.0,5.338608038811571
sub-014,0,A,F8,5.0,-2.480013952057316
sub-014,0,A,T3,5.0,4.53405951484018
sub-014,0,A,T4,5.0,-8.971621861517056
sub-014,0,A,T5,5.0,-4.0304600604972665
sub-014,0,A,T6,5.0,7.425602649207114
sub-014,0,A,Fz,5.0,9.435913823102688
sub-014,0,A,Cz,5.0,7.576132062865676
sub-014,0,A,Pz,5.0,1.1948864927893759
sub-014,2,A,Fp1,15.0,1.0831881503551342
sub-014,2,A,Fp2,15.0,-0.883600183887622
sub-014,2,A,F3,15.0,6.072312024413923
sub-014,2,A,F4,15.0,3.8041158122422187
sub-014,2,A,C3,15.0,9.151404742406301
sub-014,2,A,C4,15.0,-0.15952751054956293
sub-014,2,A,P3,15.0,12.411598617891359
sub-014,2,A,P4,15.0,6.962178786484429
sub-014,2,A,O1,15.0,3.1722448784179735
sub-014,2,A,O2,15.0,-4.663298663758348
sub-014,2,A,F7,15.0,1.617216781181049
sub-014,2,A,F8,15.0,2.5511611777355903
sub-014,2,A,T3,15.0,-7.108927652266781
sub-014,2,A,T4,15.0,12.60603878820459
sub-014,2,A,T5,15.0,-6.018792491653438
sub-014,2,A,T6,15.0,9.709312938606919
sub-014,2,A,Fz,15.0,0.6931475402969758
sub-014,2,A,Cz,15.0,7.8779863193137025
sub-014,2,A,Pz,15.0,10.43946687965503
sub-014,3,A,Fp1,20.0,7.8687269073796395
sub-014,3,A,Fp2,20.0,9.44116591633335
sub-014,3,A,F3,20.0,3.2122224801225023
sub-014,3,A,F4,20.0,-5.0791734991448445
sub-014,3,A,C3,20.0,9.755822202992107
sub-014,3,A,C4,20.0,-4.978818099910278
sub-014,3,A,P3,20.0,8.165123898621033
sub-014,3,A,P4,20.0,7.120633002521473
sub-014,3,A,O1,20.0,3.469206709806155
sub-014,3,A,O2,20.0,-3.19567196003133
sub-014,3,A,F7,20.0,6.879846520785188
sub-014,3,A,F8,20.0,3.698874667969208
sub-014,3,A,T3,20.0,1.182661238124623
sub-014,3,A,T4,20.0,5.396598441861423
sub-014,3,A,T5,20.0,6.082307743542016
sub-014,3,A,T6,20.0,4.443957088293818
sub-014,3,A,Fz,20.0,-4.465791987534258
sub-014,3,A,Cz,20.0,6.347601832133437
sub-014,3,A,Pz,20.0,10.730917249447456
sub-014,4,A,Fp1,10.0,17.348107137493546
sub-014,4,A,Fp2,10.0,14.345001332253478
sub-014,4,A,F3,10.0,10.311863592081203
sub-014,4,A,F4,10.0,5.326108546695311
sub-014,4,A,C3,10.0,-4.15764074455828
sub-014,4,A,C4,10.0,7.192152894235858
sub-014,4,A,P3,10.0,14.654877029749002
sub-014,4,A,P4,10.0,18.44769551767439
sub-014,4,A,O1,10.0,11.827062346987223
sub-014,4,A,O2,10.0,13.15747454246896
sub-014,4,A,F7,10.0,17.46144052831729
sub-014,4,A,F8,10.0,14.575265632232115
sub-014,4,A,T3,10.0,10.40211364156699
sub-014,4,A,T4,10.0,1.5595707230703
sub-014,4,A,T5,10.0,0.5632775467388973
sub-014,4,A,T6,10.0,9.9297411832391
sub-014,4,A,Fz,10.0,5.307965730797473
sub-014,4,A,Cz,10.0,-3.47491131154447
sub-014,4,A,Pz,10.0,18.011654619258355
sub-015,0,A,Fp1,20.0,7.842697168663061
sub-015,0,A,Fp2,20.0,11.386052442622137
sub-015,0,A,F3,20.0,-8.02917569168975
sub-015,0,A,F4,20.0,-0.6049910767906702
sub-015,0,A,C3,20.0,4.529103009474231
sub-015,0,A,C4,20.0,4.259328169161151
sub-015,0,A,P3,20.0,8.241809303319647
sub-015,0,A,P4,20.0,9.210641946679424
sub-015,0,A,O1,20.0,9.512925854367841
sub-015,0,A,O2,20.0,10.977434526967716
sub-015,0,A,F7,20.0,-5.1917233663838775
sub-015,0,A,F8,20.0,6.390569409876806
sub-015,0,A,T3,20.0,1.4849226665592772
sub-015,0,A,T4,20.0,7.266332094795448
sub-015,0,A,T5,20.0,6.085822047536679
sub-015,0,A,T6,20.0,3.2941087636888398
sub-015,0,A,Fz,20.0,4.4116150530268925
sub-015,0,A,Cz,20.0,5.436868137299886
sub-015,0,A,Pz,20.0,10.573841351187156
sub-015,1,A,Fp1,5.0,-11.509753981544755
sub-015,1,A,Fp2,5.0,-14.20977712548708
sub-015,1,A,F3,5.0,-3.399418154715928
sub-015,1,A,F4,5.0,2.644948855294399
sub-015,1,A,C3,5.0,-12.769019675627968
sub-015,1,A,C4,5.0,3.1121211419948027
sub-015,1,A,P3,5.0,1.6614883452764426
sub-015,1,A,P4,5.0,-6.257874251997874
sub-015,1,A,O1,5.0,4.614128969251784
sub-015,1,A,O2,5.0,-15.252509247210702
sub-015,1,A,F7,5.0,-17.658039396191214
sub-015,1,A,F8,5.0,1.4410068415208106
sub-015,1,A,T3,5.0,7.186656142759251
sub-015,1,A,T4,5.0,4.825702625207604
sub-015,1,A,T5,5.0,11.817300913906559
sub-015,1,A,T6,5.0,5.715914434586935
sub-015,1,A,Fz,5.0,1.685547565914157
sub-015,1,A,Cz,5.0,5.0247489954041855
sub-015,1,A,Pz,5.0,3.3794030539229643
sub-016,0,A,Fp1,5.0,0.9845032121655178
sub-016,0,A,Fp2,5.0,2.9806334645654826
sub-016,0,A,F3,5.0,-8.967809077206173
sub-016,0,A,F4,5.0,3.6067501478044557
sub-016,0,A,C3,5.0,5.928783157328205
sub-016,0,A,C4,5.0,1.6703264346511293
sub-016,0,A,P3,5.0,0.830724838022674
sub-016,0,A,P4,5.0,4.532032481995734
sub-016,0,A,O1,5.0,-18.742567420445823
sub-016,0,A,O2,5.0,-0.11896164339967275
sub-016,0,A,F7,5.0,-4.1635853201099495
sub-016,0,A,F8,5.0,-1.380424653355055
sub-016,0,A,T3,5.0,-4.997699479463938
sub-016,0,A,T4,5.0,-0.029965071676183088
sub-016,0,A,T5,5.0,-4.138781510751841
sub-016,0,A,T6,5.0,2.9602702034428328
sub-016,0,A,Fz,5.0,-3.8065328579442603
sub-016,0,A,Cz,5.0,2.906274335882737
sub-016,0,A,Pz,5.0,6.317163185707231
sub-016,1,A,Fp1,10.0,4.715177493272728
sub-016,1,A,Fp2,10.0,3.3590656788871587
sub-016,1,A,F3,10.0,3.8168113255541583
sub-016,1,A,F4,10.0,-0.6880834740722204
sub-016,1,A,C3,10.0,-3.3755594262729325
sub-016,1,A,C4,10.0,-10.60917486741287
sub-016,1,A,P3,10.0,0.27851611288733596
sub-016,1,A,P4,10.0,2.9731439630227396
sub-016,1,A,O1,10.0,6.870846532169611
sub-016,1,A,O2,10.0,9.474871706357392
sub-016,1,A,F7,10.0,-4.161376759037225
sub-016,1,A,F8,10.0,-0.44404417813879943
sub-016,1,A,T3,10.0,-9.04295432081382
sub-016,1,A,T4,10.0,-1.2853440553972666
sub-016,1,A,T5,10.0,-5.683351140184424
sub-016,1,A,T6,10.0,5.684893744702801
sub-016,1,A,Fz,10.0,1.0778631828735405
sub-016,1,A,Cz,10.0,-0.7341237338918715
sub-016,1,A,Pz,10.0,7.40275514843043
sub-016,2,A,Fp1,15.0,4.951965926243387
sub-016,2,A,Fp2,15.0,3.4759734772023876
sub-016,2,A,F3,15.0,7.961804950938093
sub-016,2,A,F4,15.0,4.532973233975675
sub-016,2,A,C3,15.0,3.0574949688909547
sub-016,2,A,C4,15.0,2.630339565544746
sub-016,2,A,P3,15.0,6.870980739449254
sub-016,2,A,P4,15.0,9.249650186867838
sub-016,2,A,O1,15.0,8.158245320544342
sub-016,2,A,O2,15.0,11.84611898029658
sub-016,2,A,F7,15.0,2.958284751144939
sub-016,2,A,F8,15.0,-0.31079091289229666
sub-016,2,A,T3,15.0,-0.6129455443333551
sub-016,2,A,T4,15.0,-0.01472535610403381
sub-016,2,A,T5,15.0,4.752813353626206
sub-016,2,A,T6,15.0,3.6949915538458105
sub-016,2,A,Fz,15.0,5.411560461262834
sub-016,2,A,Cz,15.0,4.124438608934135
sub-016,2,A,Pz,15.0,10.776248338202585
sub-016,3,A,Fp1,20.0,-1.8803746870581892
sub-016,3,A,Fp2,20.0,-1.173788450313101
sub-016,3,A,F3,20.0,0.45852426201178575
sub-016,3,A,F4,20.0,-2.8499910352043263
sub-016,3,A,C3,20.0,-2.590125397684926
sub-016,3,A,C4,20.0,11.12826408094606
sub-016,3,A,P3,20.0,-1.4887084196860687
sub-016,3,A,P4,20.0,13.33918246956186
sub-016,3,A,O1,20.0,10.03143916001703
sub-016,3,A,O2,20.0,-4.984589056860005
sub-016,3,A,F7,20.0,-5.231710940503211
sub-016,3,A,F8,20.0,0.8610048284943007
sub-016,3,A,T3,20.0,9.688282633296454
sub-016,3,A,T4,20.0,-6.209782395657082
sub-016,3,A,T5,20.0,7.886171109867972
sub-016,3,A,T6,20.0,8.860372993008337
sub-016,3,A,Fz,20.0,-0.282742059313166
sub-016,3,A,Cz,20.0,6.277483407463915
sub-016,3,A,Pz,20.0,8.810327091946158
sub-016,4,A,Fp1,5.0,2.1729713474625196
sub-016,4,A,Fp2,5.0,-3.0563456438685463
sub-016,4,A,F3,5.0,5.282134709919932
sub-016,4,A,F4,5.0,0.9961333757886169
sub-016,4,A,C3,5.0,1.6835101973834958
sub-016,4,A,C4,5.0,1.0286497532862027
sub-016,4,A,P3,5.0,0.952724525837684
sub-016,4,A,P4,5.0,1.8490215479202445
sub-016,4,A,O1,5.0,3.9718943126877795
sub-016,4,A,O2,5.0,3.581335817545096
sub-016,4,A,F7,5.0,-6.973204326843014
sub-016,4,A,F8,5.0,-1.8790280754486635
sub-016,4,A,T3,5.0,2.9348132703395713
sub-016,4,A,T4,5.0,4.150983383487706
sub-016,4,A,T5,5.0,5.459098382800404
sub-016,4,A,T6,5.0,5.73295800700676
sub-016,4,A,Fz,5.0,6.428660245393894
sub-016,4,A,Cz,5.0,0.29377186556933005
sub-016,4,A,Pz,5.0,0.3564533002642837
sub-017,0,A,Fp1,5.0,3.664875979237989
sub-017,0,A,Fp2,5.0,5.380778368417651
sub-017,0,A,F3,5.0,4.7058076675554
sub-017,0,A,F4,5.0,5.642433066525969
sub-017,0,A,C3,5.0,-5.866416046466356
sub-017,0,A,C4,5.0,-2.7662069114658
sub-017,0,A,P3,5.0,4.309430470858912
sub-017,0,A,P4,5.0,1.1513096944841759
sub-017,0,A,O1,5.0,8.27723750430265
sub-017,0,A,O2,5.0,12.438302178552236
sub-017,0,A,F7,5.0,0.5053415498343871
sub-017,0,A,F8,5.0,-6.108209007821887
sub-017,0,A,T3,5.0,-2.4990258456834953
sub-017,0,A,T4,5.0,-1.155362529037472
sub-017,0,A,T5,5.0,-0.3870804970755306
sub-017,0,A,T6,5.0,2.0084052365386427
sub-017,0,A,Fz,5.0,7.144636850026894
sub-017,0,A,Cz,5.0,-3.748604115916408
sub-017,0,A,Pz,5.0,5.3526799265331695
sub-017,1,A,Fp1,10.0,4.9106678523466005
sub-017,1,A,Fp2,10.0,3.00058738054581
sub-017,1,A,F3,10.0,6.461474039002852
sub-017,1,A,F4,10.0,1.8598567634581964
sub-017,1,A,C3,10.0,-0.5477167329560778
sub-017,1,A,C4,10.0,6.650716249157272
sub-017,1,A,P3,10.0,-2.959121962877303
sub-017,1,A,P4,10.0,9.099278561877552
sub-017,1,A,O1,10.0,11.754429282731703
sub-017,1,A,O2,10.0,13.931126796711306
sub-017,1,A,F7,10.0,5.046125178944383
sub-017,1,A,F8,10.0,0.8868199419886367
sub-017,1,A,T3,10.0,0.4038340758897011
sub-017,1,A,T4,10.0,-2.2755117215693885
sub-017,1,A,T5,10.0,11.017899578831479
sub-017,1,A,T6,10.0,8.924718129981034
sub-017,1,A,Fz,10.0,10.187019664731578
sub-017,1,A,Cz,10.0,8.913775271008094
sub-017,1,A,Pz,10.0,7.535779197380441
sub-017,2,A,Fp1,15.0,-1.227786470808597
sub-017,2,A,Fp2,15.0,-1.062935279047468
sub-017,2,A,F3,15.0,0.2848779759098961
sub-017,2,A,F4,15.0,4.520219866832894
sub-017,2,A,C3,15.0,-2.5516422153865714
sub-017,2,A,C4,15.0,2.456120753925283
sub-017,2,A,P3,15.0,2.4594919219640325
sub-017,2,A,P4,15.0,1.1800002355815786
sub-017,2,A,O1,15.0,14.342840088420681
sub-017,2,A,O2,15.0,12.580472678961439
sub-017,2,A,F7,15.0,6.737303993066954
sub-017,2,A,F8,15.0,0.3992769593188871
sub-017,2,A,T3,15.0,6.374635342544201
sub-017,2,A,T4,15.0,6.276184646383099
sub-017,2,A,T5,15.0,13.541879738932455
sub-017,2,A,T6,15.0,6.134881239733328
sub-017,2,A,Fz,15.0,4.927514778109843
sub-017,2,A,Cz,15.0,7.332410699216464
sub-017,2,A,Pz,15.0,3.264208413704925
sub-017,3,A,Fp1,20.0,5.38749178849483
sub-017,3,A,Fp2,20.0,3.1048627694051385
sub-017,3,A,F3,20.0,-10.980568080813137
sub-017,3,A,F4,20.0,-3.9109172137557406
sub-017,3,A,C3,20.0,-5.112755219465184
sub-017,3,A,C4,20.0,4.109669919055079
sub-017,3,A,P3,20.0,-10.35948596682105
sub-017,3,A,P4,20.0,0.4814040473348933
sub-017,3,A,O1,20.0,-1.6408911314119679
sub-017,3,A,O2,20.0,5.666671054347063
sub-017,3,A,F7,20.0,-11.491759396487256
sub-017,3,A,F8,20.0,-4.591051193614076
sub-017,3,A,T3,20.0,-2.848679775974891
sub-017,3,A,T4,20.0,2.391352662259495
sub-017,3,A,T5,20.0,-5.767225032365209
sub-017,3,A,T6,20.0,2.1855395294319613
sub-017,3,A,Fz,20.0,-10.074972823124753
sub-017,3,A,Cz,20.0,1.7122683237044636
sub-017,3,A,Pz,20.0,-13.411353126405889
sub-017,4,A,Fp1,5.0,3.221837036939852
sub-017,4,A,Fp2,5.0,3.262055954295459
sub-017,4,A,F3,5.0,5.192699122749307
sub-017,4,A,F4,5.0,0.2590448567038977
sub-017,4,A,C3,5.0,-0.7101401579785724
sub-017,4,A,C4,5.0,4.990748477120793
sub-017,4,A,P3,5.0,3.3735126174595282
sub-017,4,A,P4,5.0,6.345110341438489
sub-017,4,A,O1,5.0,-26.737580199796227
sub-017,4,A,O2,5.0,1.8492166142421667
sub-017,4,A,F7,5.0,2.715320933552085
sub-017,4,A,F8,5.0,1.31136074945621
sub-017,4,A,T3,5.0,0.17737872687753856
sub-017,4,A,T4,5.0,-5.603897696411819
sub-017,4,A,T5,5.0,-8.291777507883497
sub-017,4,A,T6,5.0,-1.7240506189311464
sub-017,4,A,Fz,5.0,0.6872270253398587
sub-017,4,A,Cz,5.0,2.970600783055829
sub-017,4,A,Pz,5.0,9.342798718472363
sub-018,0,A,Fp1,5.0,1.7063931278133595
sub-018,0,A,Fp2,5.0,-1.9617967960117015
sub-018,0,A,F3,5.0,9.288639102376262
sub-018,0,A,F4,5.0,-6.4158527582349105
sub-018,0,A,C3,5.0,1.6536788627089343
sub-018,0,A,C4,5.0,-6.09115111108164
sub-018,0,A,P3,5.0,0.6672775968295047
sub-018,0,A,P4,5.0,-1.934707658734768
sub-018,0,A,O1,5.0,6.9532215568333875
sub-018,0,A,O2,5.0,4.638071247076839
sub-018,0,A,F7,5.0,0.22015067659469953
sub-018,0,A,F8,5.0,2.1064739559958143
sub-018,0,A,T3,5.0,-2.4328510951779068
sub-018,0,A,T4,5.0,1.9668944319904087
sub-018,0,A,T5,5.0,0.8810688194005502
sub-018,0,A,T6,5.0,-2.0280867172446313
sub-018,0,A,Fz,5.0,9.037213189253205
sub-018,0,A,Cz,5.0,3.837490487537694
sub-018,0,A,Pz,5.0,-0.9360245882663204
sub-018,1,A,Fp1,10.0,10.035423675405461
sub-018,1,A,Fp2,10.0,6.86104839663958
sub-018,1,A,F3,10.0,1.041115827353455
sub-018,1,A,F4,10.0,-6.51543340679272
sub-018,1,A,C3,10.0,-2.38474126006283
sub-018,1,A,C4,10.0,-3.0830303810456403
sub-018,1,A,P3,10.0,8.845487484470336
sub-018,1,A,P4,10.0,-3.9693859468853687
sub-018,1,A,O1,10.0,11.444235211032057
sub-018,1,A,O2,10.0,13.272356002629193
sub-018,1,A,F7,10.0,1.2563471631203207
sub-018,1,A,F8,10.0,-14.022507289713577
sub-018,1,A,T3,10.0,-16.071632353993934
sub-018,1,A,T4,10.0,5.132320381171526
sub-018,1,A,T5,10.0,7.116478731365276
sub-018,1,A,T6,10.0,7.082920064768866
sub-018,1,A,Fz,10.0,3.838232006594307
sub-018,1,A,Cz,10.0,8.77074935388947
sub-018,1,A,Pz,10.0,3.8588728193441573
sub-018,2,A,Fp1,15.0,1.2717507419952911
sub-018,2,A,Fp2,15.0,1.5863784304091333
sub-018,2,A,F3,15.0,5.422298181507329
sub-018,2,A,F4,15.0,5.196378458152365
sub-018,2,A,C3,15.0,6.406900471218656
sub-018,2,A,C4,15.0,-6.660862342496614
sub-018,2,A,P3,15.0,6.992140874306889
sub-018,2,A,P4,15.0,-1.2210837499665361
sub-018,2,A,O1,15.0,6.740075980634879
sub-018,2,A,O2,15.0,6.477134058582279
sub-018,2,A,F7,15.0,1.3640952884687418
sub-018,2,A,F8,15.0,1.6546541713595126
sub-018,2,A,T3,15.0,1.0356135136863478
sub-018,2,A,T4,15.0,7.76875283824914
sub-018,2,A,T5,15.0,4.563647934788352
sub-018,2,A,T6,15.0,-3.712459715016703
sub-018,2,A,Fz,15.0,2.983231202205367
sub-018,2,A,Cz,15.0,-3.1572003174815855
sub-018,2,A,Pz,15.0,5.371809538047405
sub-018,3,A,Fp1,20.0,-2.6019391105336585
sub-018,3,A,Fp2,20.0,2.934403489334599
sub-018,3,A,F3,20.0,6.6430093634836105
sub-018,3,A,F4,20.0,-7.067394192989736
sub-018,3,A,C3,20.0,6.849989359790057
sub-018,3,A,C4,20.0,4.9359881885313674
sub-018,3,A,P3,20.0,-7.2211166647674565
sub-018,3,A,P4,20.0,12.560553525701794
sub-018,3,A,O1,20.0,1.374490617021487
sub-018,3,A,O2,20.0,7.254975738520953
sub-018,3,A,F7,20.0,6.142414714250684
sub-018,3,A,F8,20.0,5.596948517172294
sub-018,3,A,T3,20.0,7.557312785422062
sub-018,3,A,T4,20.0,1.150882690632267
sub-018,3,A,T5,20.0,-5.3524640926615055
sub-018,3,A,T6,20.0,8.548857299744135
sub-018,3,A,Fz,20.0,-2.7378683774110675
sub-018,3,A,Cz,20.0,0.03038256709421174
sub-018,3,A,Pz,20.0,2.9541172036473724
sub-019,0,A,Fp1,5.0,-3.1829618825173087
sub-019,0,A,Fp2,5.0,-0.4953474864162293
sub-019,0,A,F3,5.0,-12.708317032937636
sub-019,0,A,F4,5.0,-4.46611917834937
sub-019,0,A,C3,5.0,-6.760668856862323
sub-019,0,A,C4,5.0,-1.735883282023238
sub-019,0,A,P3,5.0,-1.6915445594207785
sub-019,0,A,P4,5.0,-0.9408181548757337
sub-019,0,A,O1,5.0,5.746689697654327
sub-019,0,A,O2,5.0,-2.9099806741813716
sub-019,0,A,F7,5.0,0.36800097383599817
sub-019,0,A,F8,5.0,-8.071795468819385
sub-019,0,A,T3,5.0,-0.127433473518721
sub-019,0,A,T4,5.0,-4.221769183379788
sub-019,0,A,T5,5.0,-1.3899025089559804
sub-019,0,A,T6,5.0,-0.431583094544796
sub-019,0,A,Fz,5.0,-0.702836204371467
sub-019,0,A,Cz,5.0,-2.9759294559321714
sub-019,0,A,Pz,5.0,-1.336078543252881
sub-020,0,A,Fp1,5.0,-10.79308777035559
sub-020,0,A,Fp2,5.0,-5.998155300134037
sub-020,0,A,F3,5.0,1.123958092991788
sub-020,0,A,F4,5.0,3.615973073097904
sub-020,0,A,C3,5.0,4.463079392625954
sub-020,0,A,C4,5.0,-7.547290820294434
sub-020,0,A,P3,5.0,3.072224491895714
sub-020,0,A,P4,5.0,5.326761157841782
sub-020,0,A,O1,5.0,-2.0516449754969592
sub-020,0,A,O2,5.0,10.869718600318752
sub-020,0,A,F7,5.0,2.0802846133943373
sub-020,0,A,F8,5.0,1.4007118004864214
sub-020,0,A,T3,5.0,-3.03391269502493
sub-020,0,A,T4,5.0,-2.9541034706733607
sub-020,0,A,T5,5.0,-1.3955877449782252
sub-020,0,A,T6,5.0,10.023271939156484
sub-020,0,A,Fz,5.0,2.8203164207028935
sub-020,0,A,Cz,5.0,5.687239661771511
sub-020,0,A,Pz,5.0,5.747991977302851
sub-020,1,A,Fp1,10.0,6.181785015540722
sub-020,1,A,Fp2,10.0,11.53027225478915
sub-020,1,A,F3,10.0,-4.764880328875352
sub-020,1,A,F4,10.0,5.970674497975848
sub-020,1,A,C3,10.0,-2.218466506361318
sub-020,1,A,C4,10.0,-18.84313207552444
sub-020,1,A,P3,10.0,5.286582908540022
sub-020,1,A,P4,10.0,9.310645677326052
sub-020,1,A,O1,10.0,4.636282268597792
sub-020,1,A,O2,10.0,6.63236917393518
sub-020,1,A,F7,10.0,7.281523529426067
sub-020,1,A,F8,10.0,7.526201619587266
sub-020,1,A,T3,10.0,5.779606053113122
sub-020,1,A,T4,10.0,-8.372484230890333
sub-020,1,A,T5,10.0,-8.503199991325854
sub-020,1,A,T6,10.0,6.478446435843296
sub-020,1,A,Fz,10.0,4.979739945248324
sub-020,1,A,Cz,10.0,3.9778788335497812
sub-020,1,A,Pz,10.0,17.374843321000814
sub-020,2,A,Fp1,15.0,5.86528604115062
sub-020,2,A,Fp2,15.0,10.945153462340434
sub-020,2,A,F3,15.0,12.430293658541885
sub-020,2,A,F4,15.0,13.378637249448484
sub-020,2,A,C3,15.0,10.717256594629811
sub-020,2,A,C4,15.0,6.296006515585316
sub-020,2,A,P3,15.0,7.493963221495326
sub-020,2,A,P4,15.0,17.972338465270536
sub-020,2,A,O1,15.0,12.008567209987763
sub-020,2,A,O2,15.0,19.386052144210108
sub-020,2,A,F7,15.0,13.117607722747985
sub-020,2,A,F8,15.0,10.953531269001813
sub-020,2,A,T3,15.0,9.844403111874268
sub-020,2,A,T4,15.0,-0.3083988234010714
sub-020,2,A,T5,15.0,11.758631489478269
sub-020,2,A,T6,15.0,24.230321092964257
sub-020,2,A,Fz,15.0,19.28393431236207
sub-020,2,A,Cz,15.0,18.38508615245835
sub-020,2,A,Pz,15.0,19.406431383734454
sub-020,4,A,Fp1,5.0,-7.989246430896174
sub-020,4,A,Fp2,5.0,-7.86870203971361
sub-020,4,A,F3,5.0,0.39260576139263975
sub-020,4,A,F4,5.0,1.9927140250166355
sub-020,4,A,C3,5.0,2.590323967610864
sub-020,4,A,C4,5.0,4.568372644693281
sub-020,4,A,P3,5.0,-10.014339567257915
sub-020,4,A,P4,5.0,-6.294773882593071
sub-020,4,A,O1,5.0,3.0695679458236884
sub-020,4,A,O2,5.0,7.725085620432561
sub-020,4,A,F7,5.0,-7.1767763652689585
sub-020,4,A,F8,5.0,-0.27192925002325263
sub-020,4,A,T3,5.0,-15.498529423894336
sub-020,4,A,T4,5.0,-5.31243865068037
sub-020,4,A,T5,5.0,-1.1563113260488909
sub-020,4,A,T6,5.0,4.66489863534292
sub-020,4,A,Fz,5.0,5.504949357535191
sub-020,4,A,Cz,5.0,5.259995948846578
sub-020,4,A,Pz,5.0,-12.492497111725429
sub-021,0,A,Fp1,5.0,-2.830381716601794
sub-021,0,A,Fp2,5.0,0.39877475089469866
sub-021,0,A,F3,5.0,0.7658350633939076
sub-021,0,A,F4,5.0,2.0274250229608883
sub-021,0,A,C3,5.0,5.842404934922505
sub-021,0,A,C4,5.0,-0.3287936491077125
sub-021,0,A,P3,5.0,-6.477681099815754
sub-021,0,A,P4,5.0,-4.300276683673695
sub-021,0,A,O1,5.0,0.26250103536634334
sub-021,0,A,O2,5.0,1.8405893589170752
sub-021,0,A,F7,5.0,-1.906591569327654
sub-021,0,A,F8,5.0,-8.634622876203442
sub-021,0,A,T3,5.0,-3.4646482572946495
sub-021,0,A,T4,5.0,3.4956504687162533
sub-021,0,A,T5,5.0,-1.6615911414875428
sub-021,0,A,T6,5.0,7.157093637211612
sub-021,0,A,Fz,5.0,1.575711453582789
sub-021,0,A,Cz,5.0,5.2919169379839595
sub-021,0,A,Pz,5.0,-9.726562276103563
sub-021,1,A,Fp1,10.0,1.31971321892735
sub-021,1,A,Fp2,10.0,2.672849362449072
sub-021,1,A,F3,10.0,-3.4507971841947493
sub-021,1,A,F4,10.0,-18.176421887308784
sub-021,1,A,C3,10.0,4.545232917351588
sub-021,1,A,C4,10.0,-0.5971211927484945
sub-021,1,A,P3,10.0,-3.222007689259137
sub-021,1,A,P4,10.0,2.8239027235353085
sub-021,1,A,O1,10.0,1.688727752139485
sub-021,1,A,O2,10.0,5.923150195266715
sub-021,1,A,F7,10.0,3.5750016677508123
sub-021,1,A,F8,10.0,-0.6010220109094729
sub-021,1,A,T3,10.0,3.6493594519642
sub-021,1,A,T4,10.0,-4.151816155027949
sub-021,1,A,T5,10.0,-4.176213193998209
sub-021,1,A,T6,10.0,-14.03305781450917
sub-021,1,A,Fz,10.0,-13.288433585538073
sub-021,1,A,Cz,10.0,-4.231140149821543
sub-021,1,A,Pz,10.0,6.098713417616553
sub-021,2,A,Fp1,15.0,8.170865825901048
sub-021,2,A,Fp2,15.0,-1.053104703806478
sub-021,2,A,F3,15.0,3.406255139650731
sub-021,2,A,F4,15.0,1.9530564116888165
sub-021,2,A,C3,15.0,6.465801932491859
sub-021,2,A,C4,15.0,10.14446617769421
sub-021,2,A,P3,15.0,10.007165012330809
sub-021,2,A,P4,15.0,7.076256867176363
sub-021,2,A,O1,15.0,2.660254903301386
sub-021,2,A,O2,15.0,7.115640510542055
sub-021,2,A,F7,15.0,6.00346904399278
sub-021,2,A,F8,15.0,8.12796739285709
sub-021,2,A,T3,15.0,4.138737392145125
sub-021,2,A,T4,15.0,6.673682218861391
sub-021,2,A,T5,15.0,-13.1358842186018
sub-021,2,A,T6,15.0,7.672591607656162
sub-021,2,A,Fz,15.0,2.435159211757581
sub-021,2,A,Cz,15.0,10.480772087964741
sub-021,2,A,Pz,15.0,10.741134542600223
sub-021,3,A,Fp1,20.0,6.651160060495373
sub-021,3,A,Fp2,20.0,4.831224297536695
sub-021,3,A,F3,20.0,7.761878137050397
sub-021,3,A,F4,20.0,3.369721740732314
sub-021,3,A,C3,20.0,0.9938372662891908
sub-021,3,A,C4,20.0,-4.461202473675399
sub-021,3,A,P3,20.0,4.454134659747049
sub-021,3,A,P4,20.0,4.3681670266454695
sub-021,3,A,O1,20.0,10.392252908777287
sub-021,3,A,O2,20.0,5.009618453606713
sub-021,3,A,F7,20.0,8.495150043300654
sub-021,3,A,F8,20.0,0.3279125380698312
sub-021,3,A,T3,20.0,-2.8497350665617276
sub-021,3,A,T4,20.0,0.4902826467853264
sub-021,3,A,T5,20.0,10.299478523695353
sub-021,3,A,T6,20.0,9.174614753191657
sub-021,3,A,Fz,20.0,5.943993590812661
sub-021,3,A,Cz,20.0,3.358954613840269
sub-021,3,A,Pz,20.0,4.426381167016224
sub-021,4,A,Fp1,5.0,1.1282678727119142
sub-021,4,A,Fp2,5.0,-4.382522431106619
sub-021,4,A,F3,5.0,-2.380455931309129
sub-021,4,A,F4,5.0,-0.47067156736820387
sub-021,4,A,C3,5.0,5.41805673339228
sub-021,4,A,C4,5.0,1.3159726543286707
sub-021,4,A,P3,5.0,4.146396962636748
sub-021,4,A,P4,5.0,-10.316060462693628
sub-021,4,A,O1,5.0,5.576998926990178
sub-021,4,A,O2,5.0,-0.15219586674811642
sub-021,4,A,F7,5.0,-2.0827634603309164
sub-021,4,A,F8,5.0,-8.602618199694982
sub-021,4,A,T3,5.0,-0.1070804602172691
sub-021,4,A,T4,5.0,-2.2788929399463114
sub-021,4,A,T5,5.0,7.288040756955239
sub-021,4,A,T6,5.0,2.4786213494729554
sub-021,4,A,Fz,5.0,-5.517388849774631
sub-021,4,A,Cz,5.0,-1.1069452469317178
sub-021,4,A,Pz,5.0,-11.404586006656404
sub-022,0,A,Fp1,5.0,-7.617795751650215
sub-022,0,A,Fp2,5.0,-10.625063689453194
sub-022,0,A,F3,5.0,4.362967946870702
sub-022,0,A,F4,5.0,2.3695753003831603
sub-022,0,A,C3,5.0,-4.047881439943907
sub-022,0,A,C4,5.0,-1.189701750110938
sub-022,0,A,P3,5.0,-2.4663855214276125
sub-022,0,A,P4,5.0,0.8438672312615297
sub-022,0,A,O1,5.0,4.086559262426
sub-022,0,A,O2,5.0,-2.2836678073636913
sub-022,0,A,F7,5.0,-18.660392407001872
sub-022,0,A,F8,5.0,-2.5681194761976056
sub-022,0,A,T3,5.0,-0.7536011032416428
sub-022,0,A,T4,5.0,-12.357070529864824
sub-022,0,A,T5,5.0,2.982672509271419
sub-022,0,A,T6,5.0,-8.955913392038825
sub-022,0,A,Fz,5.0,2.0673122562913484
sub-022,0,A,Cz,5.0,4.151759478442603
sub-022,0,A,Pz,5.0,1.9639142876161044
sub-022,3,A,Fp1,20.0,8.464913289583432
sub-022,3,A,Fp2,20.0,7.804685746272463
sub-022,3,A,F3,20.0,5.117941572522017
sub-022,3,A,F4,20.0,-3.1798992631567886
sub-022,3,A,C3,20.0,9.739671094399089
sub-022,3,A,C4,20.0,2.801473570736654
sub-022,3,A,P3,20.0,-1.1743088518758702
sub-022,3,A,P4,20.0,8.360626280923006
sub-022,3,A,O1,20.0,11.516938903638943
sub-022,3,A,O2,20.0,13.441590102391965
sub-022,3,A,F7,20.0,7.463953621204063
sub-022,3,A,F8,20.0,-5.70669012356015
sub-022,3,A,T3,20.0,8.84470626871875
sub-022,3,A,T4,20.0,7.88992874642963
sub-022,3,A,T5,20.0,3.826389454098567
sub-022,3,A,T6,20.0,8.466771868135734
sub-022,3,A,Fz,20.0,2.9690028477650507
sub-022,3,A,Cz,20.0,-5.395127907009314
sub-022,3,A,Pz,20.0,6.328293509034147
sub-022,4,A,Fp1,10.0,4.672305128412823
sub-022,4,A,Fp2,10.0,12.297653291161623
sub-022,4,A,F3,10.0,11.388024385370654
sub-022,4,A,F4,10.0,10.025947954556289
sub-022,4,A,C3,10.0,8.552862815528472
sub-022,4,A,C4,10.0,1.0960310856916216
sub-022,4,A,P3,10.0,13.350094576213314
sub-022,4,A,P4,10.0,13.419679780325534
sub-022,4,A,O1,10.0,14.602050845707153
sub-022,4,A,O2,10.0,14.718490149620676
sub-022,4,A,F7,10.0,9.076780763049094
sub-022,4,A,F8,10.0,8.929535475437717
sub-022,4,A,T3,10.0,7.422339023707281
sub-022,4,A,T4,10.0,4.12365618531338
sub-022,4,A,T5,10.0,2.833009904499237
sub-022,4,A,T6,10.0,7.0736748792766075
sub-022,4,A,Fz,10.0,9.288339470299304
sub-022,4,A,Cz,10.0,9.647886074520207
sub-022,4,A,Pz,10.0,13.564251375438275
sub-023,0,A,Fp1,5.0,-0.59353911784581
sub-023,0,A,Fp2,5.0,0.36010498495632565
sub-023,0,A,F3,5.0,3.7192057057498173
sub-023,0,A,F4,5.0,3.3569985263425832
sub-023,0,A,C3,5.0,0.6454725862318182
sub-023,0,A,C4,5.0,2.167055012632402
sub-023,0,A,P3,5.0,0.653703019739015
sub-023,0,A,P4,5.0,1.3127225066097576
sub-023,0,A,O1,5.0,6.670704314824253
sub-023,0,A,O2,5.0,6.3904872789656855
sub-023,0,A,F7,5.0,-0.19871193143084998
sub-023,0,A,F8,5.0,2.921143103396047
sub-023,0,A,T3,5.0,-3.6607626315918678
sub-023,0,A,T4,5.0,-4.582813557445675
sub-023,0,A,T5,5.0,6.261509787533424
sub-023,0,A,T6,5.0,2.9769576231014465
sub-023,0,A,Fz,5.0,4.120302810858517
sub-023,0,A,Cz,5.0,7.60316029187932
sub-023,0,A,Pz,5.0,3.49311612120088
sub-023,2,A,Fp1,15.0,-2.7860008055020273
sub-023,2,A,Fp2,15.0,-0.09320308998704782
sub-023,2,A,F3,15.0,6.271686405104847
sub-023,2,A,F4,15.0,12.354555237215493
sub-023,2,A,C3,15.0,11.256487101513828
sub-023,2,A,C4,15.0,11.120313217481408
sub-023,2,A,P3,15.0,9.391335878066931
sub-023,2,A,P4,15.0,4.882440797385374
sub-023,2,A,O1,15.0,12.365963110557283
sub-023,2,A,O2,15.0,24.407636287848746
sub-023,2,A,F7,15.0,1.0836509339853544
sub-023,2,A,F8,15.0,-0.6005425404829863
sub-023,2,A,T3,15.0,9.735005452820007
sub-023,2,A,T4,15.0,1.7255265830432198
sub-023,2,A,T5,15.0,9.810712141016623
sub-023,2,A,T6,15.0,15.84624109766085
sub-023,2,A,Fz,15.0,15.302091261528151
sub-023,2,A,Cz,15.0,15.292452267621442
sub-023,2,A,Pz,15.0,5.042738796372886
sub-024,0,A,Fp1,5.0,-0.49553755609217054
sub-024,0,A,Fp2,5.0,-2.18342359969986
sub-024,0,A,F3,5.0,-0.7932878788675597
sub-024,0,A,F4,5.0,5.741051171197007
sub-024,0,A,C3,5.0,-2.314065617959536
sub-024,0,A,C4,5.0,2.588499762469501
sub-024,0,A,P3,5.0,-5.3682947328156105
sub-024,0,A,P4,5.0,-0.5676872821682778
sub-024,0,A,O1,5.0,-8.294940352042882
sub-024,0,A,O2,5.0,-2.219750507280744
sub-024,0,A,F7,5.0,-4.107277235617687
sub-024,0,A,F8,5.0,1.2551911235747726
sub-024,0,A,T3,5.0,3.7986319853119257
sub-024,0,A,T4,5.0,1.983931955004905
sub-024,0,A,T5,5.0,-4.057617107228753
sub-024,0,A,T6,5.0,0.8473915090425564
sub-024,0,A,Fz,5.0,-5.399273769986013
sub-024,0,A,Cz,5.0,2.8541748399569613
sub-024,0,A,Pz,5.0,-1.705054439965551
sub-024,1,A,Fp1,10.0,6.852503477342652
sub-024,1,A,Fp2,10.0,6.46590579200812
sub-024,1,A,F3,10.0,5.543764178868418
sub-024,1,A,F4,10.0,10.265273597193724
sub-024,1,A,C3,10.0,8.875303746920244
sub-024,1,A,C4,10.0,9.294664137211116
sub-024,1,A,P3,10.0,5.22576552199847
sub-024,1,A,P4,10.0,7.8386539887826245
sub-024,1,A,O1,10.0,16.561298389591133
sub-024,1,A,O2,10.0,13.076655484437556
sub-024,1,A,F7,10.0,6.164888360505291
sub-024,1,A,F8,10.0,10.555724784110858
sub-024,1,A,T3,10.0,5.742796343250534
sub-024,1,A,T4,10.0,9.136345094357521
sub-024,1,A,T5,10.0,12.2614878165665
sub-024,1,A,T6,10.0,9.941763092187635
sub-024,1,A,Fz,10.0,10.547814379256783
sub-024,1,A,Cz,10.0,12.849016288233448
sub-024,1,A,Pz,10.0,15.213500235314463
sub-024,2,A,Fp1,15.0,4.558540482330366
sub-024,2,A,Fp2,15.0,-2.4765575223259546
sub-024,2,A,F3,15.0,7.2694717831750975
sub-024,2,A,F4,15.0,1.4869015766899765
sub-024,2,A,C3,15.0,6.837721528465348
sub-024,2,A,C4,15.0,6.895428497410753
sub-024,2,A,P3,15.0,4.17416027848718
sub-024,2,A,P4,15.0,3.928610511573199
sub-024,2,A,O1,15.0,14.119307103751558
sub-024,2,A,O2,15.0,13.499193157096594
sub-024,2,A,F7,15.0,4.111481735111431
sub-024,2,A,F8,15.0,1.912008979918074
sub-024,2,A,T3,15.0,-1.1936222720976768
sub-024,2,A,T4,15.0,-0.18072019726294977
sub-024,2,A,T5,15.0,9.02133260422302
sub-024,2,A,T6,15.0,6.685174975923998
sub-024,2,A,Fz,15.0,12.782341359891998
sub-024,2,A,Cz,15.0,10.874022924728617
sub-024,2,A,Pz,15.0,6.230458650559925
sub-024,3,A,Fp1,20.0,8.411368695058101
sub-024,3,A,Fp2,20.0,7.30332159231462
sub-024,3,A,F3,20.0,6.840025845073554
sub-024,3,A,F4,20.0,0.8153750079292356
sub-024,3,A,C3,20.0,4.888709159928846
sub-024,3,A,C4,20.0,-5.706604104370867
sub-024,3,A,P3,20.0,3.874396144830226
sub-024,3,A,P4,20.0,10.086774016729391
sub-024,3,A,O1,20.0,6.194685887791216
sub-024,3,A,O2,20.0,4.500421726766199
sub-024,3,A,F7,20.0,1.3767471633328348
sub-024,3,A,F8,20.0,1.2669744967704095
sub-024,3,A,T3,20.0,1.972719985373645
sub-024,3,A,T4,20.0,4.28018107059644
sub-024,3,A,T5,20.0,7.924750709131575
sub-024,3,A,T6,20.0,13.413928532867578
sub-024,3,A,Fz,20.0,7.096191447864928
sub-024,3,A,Cz,20.0,11.592871762216134
sub-024,3,A,Pz,20.0,11.445642398810683
sub-025,0,A,Fp1,5.0,0.4942292644420215
sub-025,0,A,Fp2,5.0,0.19367182359741106
sub-025,0,A,F3,5.0,-0.23473120139805212
sub-025,0,A,F4,5.0,-2.8036757241347336
sub-025,0,A,C3,5.0,-0.3559248006434247
sub-025,0,A,C4,5.0,-2.945991904872289
sub-025,0,A,P3,5.0,-1.6987494765578803
sub-025,0,A,P4,5.0,-1.1954941345041918
sub-025,0,A,O1,5.0,4.073304882442204
sub-025,0,A,O2,5.0,3.974543506055539
sub-025,0,A,F7,5.0,1.5754632118507026
sub-025,0,A,F8,5.0,2.090437541773769
sub-025,0,A,T3,5.0,-2.5553605651530757
sub-025,0,A,T4,5.0,2.6485827383502376
sub-025,0,A,T5,5.0,-4.129367720583783
sub-025,0,A,T6,5.0,1.5342632580802151
sub-025,0,A,Fz,5.0,0.7274139931139196
sub-025,0,A,Cz,5.0,4.4151966911009275
sub-025,0,A,Pz,5.0,-0.27992069939422487
sub-025,1,A,Fp1,10.0,4.090253774202578
sub-025,1,A,Fp2,10.0,-3.386066996478121
sub-025,1,A,F3,10.0,-15.213881388413807
sub-025,1,A,F4,10.0,-2.065909677583636
sub-025,1,A,C3,10.0,-5.55014975553903
sub-025,1,A,C4,10.0,6.3872210492824095
sub-025,1,A,P3,10.0,-16.969897830050108
sub-025,1,A,P4,10.0,1.5146075601140863
sub-025,1,A,O1,10.0,-2.5814615894891406
sub-025,1,A,O2,10.0,-12.574867052731292
sub-025,1,A,F7,10.0,-0.9094680367286729
sub-025,1,A,F8,10.0,-6.823766875374845
sub-025,1,A,T3,10.0,1.0862469045964738
sub-025,1,A,T4,10.0,-8.05741734957852
sub-025,1,A,T5,10.0,-1.8550843769214755
sub-025,1,A,T6,10.0,-4.622216411142986
sub-025,1,A,Fz,10.0,-7.395295181193018
sub-025,1,A,Cz,10.0,-5.108959667310189
sub-025,1,A,Pz,10.0,-4.347152439893699
sub-025,2,A,Fp1,15.0,-8.750889797685087
sub-025,2,A,Fp2,15.0,-3.8398375134996456
sub-025,2,A,F3,15.0,6.983406079799199
sub-025,2,A,F4,15.0,9.100670273241956
sub-025,2,A,C3,15.0,-0.9138260105875584
sub-025,2,A,C4,15.0,6.123879944744725
sub-025,2,A,P3,15.0,3.373574200329617
sub-025,2,A,P4,15.0,-3.566166034104803
sub-025,2,A,O1,15.0,13.11401703851705
sub-025,2,A,O2,15.0,10.37260818019114
sub-025,2,A,F7,15.0,0.030470908632488112
sub-025,2,A,F8,15.0,-2.066264914723032
sub-025,2,A,T3,15.0,2.5626748318617594
sub-025,2,A,T4,15.0,-4.4157012092127434
sub-025,2,A,T5,15.0,10.07865557263072
sub-025,2,A,T6,15.0,6.212250267714598
sub-025,2,A,Fz,15.0,9.171426532798929
sub-025,2,A,Cz,15.0,10.124075554139074
sub-025,2,A,Pz,15.0,-1.7056257162312822
sub-025,3,A,Fp1,20.0,4.304381151854881
sub-025,3,A,Fp2,20.0,2.294093185172778
sub-025,3,A,F3,20.0,4.342509090984809
sub-025,3,A,F4,20.0,-2.720598230396866
sub-025,3,A,C3,20.0,4.709071474123552
sub-025,3,A,C4,20.0,5.860678896704048
sub-025,3,A,P3,20.0,-3.2159416485268126
sub-025,3,A,P4,20.0,8.6333226938028
sub-025,3,A,O1,20.0,4.224767841159999
sub-025,3,A,O2,20.0,10.557763452756747
sub-025,3,A,F7,20.0,6.365788475746807
sub-025,3,A,F8,20.0,-2.997645082734632
sub-025,3,A,T3,20.0,5.719118030686312
sub-025,3,A,T4,20.0,3.818128203311497
sub-025,3,A,T5,20.0,6.402977116408249
sub-025,3,A,T6,20.0,8.23839956005002
sub-025,3,A,Fz,20.0,0.6673729066053915
sub-025,3,A,Cz,20.0,0.78733386321744
sub-025,3,A,Pz,20.0,8.37865330315736
sub-026,0,A,Fp1,5.0,-2.1724563965755737
sub-026,0,A,Fp2,5.0,-5.855822154046849
sub-026,0,A,F3,5.0,2.1213125004129454
sub-026,0,A,F4,5.0,2.450787182094726
sub-026,0,A,C3,5.0,2.3707521822962043
sub-026,0,A,C4,5.0,-1.680130086356117
sub-026,0,A,P3,5.0,2.1159953922591455
sub-026,0,A,P4,5.0,-0.8746591743294581
sub-026,0,A,O1,5.0,6.690711463235049
sub-026,0,A,O2,5.0,5.76872764015539
sub-026,0,A,F7,5.0,-7.38008514134549
sub-026,0,A,F8,5.0,-7.867282299171659
sub-026,0,A,T3,5.0,2.0862377226777884
sub-026,0,A,T4,5.0,0.4470656140156972
sub-026,0,A,T5,5.0,7.662449323389878
sub-026,0,A,T6,5.0,5.394116142734511
sub-026,0,A,Fz,5.0,5.721975168606353
sub-026,0,A,Cz,5.0,7.517360299064938
sub-026,0,A,Pz,5.0,0.472712146007735
sub-026,1,A,Fp1,10.0,1.4447781603154448
sub-026,1,A,Fp2,10.0,6.6336640436536545
sub-026,1,A,F3,10.0,-2.442336850376497
sub-026,1,A,F4,10.0,2.4770609236427714
sub-026,1,A,C3,10.0,-8.153616017044943
sub-026,1,A,C4,10.0,8.966129517115588
sub-026,1,A,P3,10.0,2.993218811765901
sub-026,1,A,P4,10.0,-6.458522660254946
sub-026,1,A,O1,10.0,10.145098288960334
sub-026,1,A,O2,10.0,9.0075114824293
sub-026,1,A,F7,10.0,2.7852765166647826
sub-026,1,A,F8,10.0,2.9412122329214245
sub-026,1,A,T3,10.0,-1.087591379388455
sub-026,1,A,T4,10.0,-8.099107333736047
sub-026,1,A,T5,10.0,9.15417655213184
sub-026,1,A,T6,10.0,3.999575630560248
sub-026,1,A,Fz,10.0,-2.688121256932133
sub-026,1,A,Cz,10.0,-7.322893634165215
sub-026,1,A,Pz,10.0,5.705221754409333
sub-026,2,A,Fp1,15.0,-0.892799842690461
sub-026,2,A,Fp2,15.0,-5.253443846405839
sub-026,2,A,F3,15.0,5.516612070731044
sub-026,2,A,F4,15.0,7.057491678467231
sub-026,2,A,C3,15.0,11.681751179665547
sub-026,2,A,C4,15.0,-0.36931106386841167
sub-026,2,A,P3,15.0,9.834463123137567
sub-026,2,A,P4,15.0,4.496717508361614
sub-026,2,A,O1,15.0,3.973383392422261
sub-026,2,A,O2,15.0,7.798793002002499
sub-026,2,A,F7,15.0,-0.5050908251186239
sub-026,2,A,F8,15.0,8.702034242829304
sub-026,2,A,T3,15.0,6.498964810542125
sub-026,2,A,T4,15.0,7.418441790444144
sub-026,2,A,T5,15.0,0.33419562093042066
sub-026,2,A,T6,15.0,9.33219720421813
sub-026,2,A,Fz,15.0,8.19559846185306
sub-026,2,A,Cz,15.0,8.712970692684245
sub-026,2,A,Pz,15.0,8.32498230624899
sub-026,3,A,Fp1,20.0,9.80226376421056
sub-026,3,A,Fp2,20.0,1.957444609882987
sub-026,3,A,F3,20.0,10.30477974076154
sub-026,3,A,F4,20.0,7.344651237329009
sub-026,3,A,C3,20.0,14.013686774787253
sub-026,3,A,C4,20.0,7.0773239484939
sub-026,3,A,P3,20.0,6.016160263874286
sub-026,3,A,P4,20.0,10.051769447798563
sub-026,3,A,O1,20.0,11.543576574735088
sub-026,3,A,O2,20.0,13.135472093174219
sub-026,3,A,F7,20.0,11.628605801405252
sub-026,3,A,F8,20.0,2.511225196398037
sub-026,3,A,T3,20.0,6.095838756514668
sub-026,3,A,T4,20.0,4.231318055962061
sub-026,3,A,T5,20.0,13.011342405088879
sub-026,3,A,T6,20.0,13.084771262893797
sub-026,3,A,Fz,20.0,13.371287595343338
sub-026,3,A,Cz,20.0,14.642767234552593
sub-026,3,A,Pz,20.0,-3.3414114704248217
sub-027,0,A,Fp1,5.0,-5.101624628664477
sub-027,0,A,Fp2,5.0,-4.5531021211651215
sub-027,0,A,F3,5.0,-3.5511560711797703
sub-027,0,A,F4,5.0,-5.093998766754387
sub-027,0,A,C3,5.0,-4.866789578080734
sub-027,0,A,C4,5.0,-0.4014241757431816
sub-027,0,A,P3,5.0,3.3421584765499324
sub-027,0,A,P4,5.0,-1.3778897698292618
sub-027,0,A,O1,5.0,5.651547208505839
sub-027,0,A,O2,5.0,2.878352037039959
sub-027,0,A,F7,5.0,6.130458258369179
sub-027,0,A,F8,5.0,3.7027287022898276
sub-027,0,A,T3,5.0,1.1900694403080785
sub-027,0,A,T4,5.0,5.484690314717601
sub-027,0,A,T5,5.0,-0.6781938491924445
sub-027,0,A,T6,5.0,4.738931244556387
sub-027,0,A,Fz,5.0,2.171385525886495
sub-027,0,A,Cz,5.0,1.22217328724566
sub-027,0,A,Pz,5.0,5.971739734860701
sub-027,1,A,Fp1,10.0,3.9675673976733847
sub-027,1,A,Fp2,10.0,9.60434978562001
sub-027,1,A,F3,10.0,8.606478825082593
sub-027,1,A,F4,10.0,6.363601751552089
sub-027,1,A,C3,10.0,-0.9023740663065887
sub-027,1,A,C4,10.0,8.805047029914226
sub-027,1,A,P3,10.0,0.4634703331878603
sub-027,1,A,P4,10.0,4.623876010419266
sub-027,1,A,O1,10.0,8.015484432953988
sub-027,1,A,O2,10.0,7.998146368110931
sub-027,1,A,F7,10.0,11.388121704451295
sub-027,1,A,F8,10.0,10.138205162629943
sub-027,1,A,T3,10.0,-2.3384535386401852
sub-027,1,A,T4,10.0,12.96855522779683
sub-027,1,A,T5,10.0,1.7186505282677444
sub-027,1,A,T6,10.0,8.92134883320855
sub-027,1,A,Fz,10.0,4.354164581552078
sub-027,1,A,Cz,10.0,9.539868964672397
sub-027,1,A,Pz,10.0,16.81067472553761
sub-027,2,A,Fp1,15.0,-1.0793724496018278
sub-027,2,A,Fp2,15.0,8.888397576114084
sub-027,2,A,F3,15.0,4.769515136693537
sub-027,2,A,F4,15.0,2.6301159068654667
sub-027,2,A,C3,15.0,6.622328667399136
sub-027,2,A,C4,15.0,-4.778210599471755
sub-027,2,A,P3,15.0,14.228735590832652
sub-027,2,A,P4,15.0,5.676638419658988
sub-027,2,A,O1,15.0,5.972118281857198
sub-027,2,A,O2,15.0,6.24198957256427
sub-027,2,A,F7,15.0,11.326239590122142
sub-027,2,A,F8,15.0,8.440091549707436
sub-027,2,A,T3,15.0,2.941824396409436
sub-027,2,A,T4,15.0,12.80828280955713
sub-027,2,A,T5,15.0,-0.1896878330268359
sub-027,2,A,T6,15.0,2.5861527661103345
sub-027,2,A,Fz,15.0,4.4545412438528285
sub-027,2,A,Cz,15.0,1.9694359601896259
sub-027,2,A,Pz,15.0,8.563598506616353
sub-027,3,A,Fp1,20.0,0.13129545987339375
sub-027,3,A,Fp2,20.0,1.506176489093576
sub-027,3,A,F3,20.0,0.8157348183483928
sub-027,3,A,F4,20.0,7.986930464266814
sub-027,3,A,C3,20.0,9.425627348920811
sub-027,3,A,C4,20.0,3.5498948192110324
sub-027,3,A,P3,20.0,9.791188497528177
sub-027,3,A,P4,20.0,6.193099540666999
sub-027,3,A,O1,20.0,12.107230085091638
sub-027,3,A,O2,20.0,-2.1714335478685287
sub-027,3,A,F7,20.0,1.7688514500647181
sub-027,3,A,F8,20.0,-0.31318397539248427
sub-027,3,A,T3,20.0,5.952008018407505
sub-027,3,A,T4,20.0,3.1732038226831882
sub-027,3,A,T5,20.0,16.53802810467503
sub-027,3,A,T6,20.0,9.64259574218062
sub-027,3,A,Fz,20.0,7.810803146804054
sub-027,3,A,Cz,20.0,10.164725773931256
sub-027,3,A,Pz,20.0,10.450235236994088
sub-027,4,A,Fp1,15.0,7.3971910487600825
sub-027,4,A,Fp2,15.0,13.610128188029957
sub-027,4,A,F3,15.0,4.812001509306239
sub-027,4,A,F4,15.0,11.066464362808945
sub-027,4,A,C3,15.0,7.191655486905773
sub-027,4,A,C4,15.0,0.5904605878508986
sub-027,4,A,P3,15.0,13.850472830209705
sub-027,4,A,P4,15.0,8.001863520590698
sub-027,4,A,O1,15.0,13.834118409861208
sub-027,4,A,O2,15.0,13.408027086145985
sub-027,4,A,F7,15.0,6.898719949999279
sub-027,4,A,F8,15.0,14.210322319761914
sub-027,4,A,T3,15.0,3.8041585383756473
sub-027,4,A,T4,15.0,8.163469858021427
sub-027,4,A,T5,15.0,9.681407993916954
sub-027,4,A,T6,15.0,3.739214927937271
sub-027,4,A,Fz,15.0,9.721761293998178
sub-027,4,A,Cz,15.0,1.826363766800296
sub-027,4,A,Pz,15.0,14.775302455852309
sub-028,0,A,Fp1,5.0,2.038149190986514
sub-028,0,A,Fp2,5.0,1.073489643585173
sub-028,0,A,F3,5.0,-5.832581360345959
sub-028,0,A,F4,5.0,4.449103197433157
sub-028,0,A,C3,5.0,0.22846787411192535
sub-028,0,A,C4,5.0,-0.28725584756179257
sub-028,0,A,P3,5.0,-2.678618881431128
sub-028,0,A,P4,5.0,3.4744025659214115
sub-028,0,A,O1,5.0,-21.668548634474426
sub-028,0,A,O2,5.0,-2.0371522262694395
sub-028,0,A,F7,5.0,-3.4361823355085748
sub-028,0,A,F8,5.0,-11.466223705045087
sub-028,0,A,T3,5.0,1.652648080274327
sub-028,0,A,T4,5.0,-10.779045397957338
sub-028,0,A,T5,5.0,2.329605680458154
sub-028,0,A,T6,5.0,-8.599625228306412
sub-028,0,A,Fz,5.0,-0.7913998614662405
sub-028,0,A,Cz,5.0,8.03437728419466
sub-028,0,A,Pz,5.0,0.08735807540973636
sub-028,1,A,Fp1,10.0,11.349622948217178
sub-028,1,A,Fp2,10.0,5.162409335346925
sub-028,1,A,F3,10.0,3.863758064039335
sub-028,1,A,F4,10.0,2.7723544614728586
sub-028,1,A,C3,10.0,-13.002615421184098
sub-028,1,A,C4,10.0,-12.136367445087314
sub-028,1,A,P3,10.0,-2.624220201137434
sub-028,1,A,P4,10.0,-1.817427168359991
sub-028,1,A,O1,10.0,7.912577006883072
sub-028,1,A,O2,10.0,6.652131629252045
sub-028,1,A,F7,10.0,6.774314113294561
sub-028,1,A,F8,10.0,-1.9380872837029173
sub-028,1,A,T3,10.0,2.8440152136040724
sub-028,1,A,T4,10.0,-8.16694686616555
sub-028,1,A,T5,10.0,-2.3245547182483195
sub-028,1,A,T6,10.0,5.559902678578542
sub-028,1,A,Fz,10.0,2.7771002822311774
sub-028,1,A,Cz,10.0,-3.7849801061115054
sub-028,1,A,Pz,10.0,6.713218855526785
sub-028,2,A,Fp1,15.0,3.686171890469785
sub-028,2,A,Fp2,15.0,-4.917849743082735
sub-028,2,A,F3,15.0,-6.821307457561506
sub-028,2,A,F4,15.0,3.664922368649146
sub-028,2,A,C3,15.0,1.9912444220638221
sub-028,2,A,C4,15.0,-4.164357824195024
sub-028,2,A,P3,15.0,-9.599943715873545
sub-028,2,A,P4,15.0,-2.2510521218159
sub-028,2,A,O1,15.0,7.19016604269048
sub-028,2,A,O2,15.0,-0.9819009243176431
sub-028,2,A,F7,15.0,0.9020196944117126
sub-028,2,A,F8,15.0,2.1533616499131254
sub-028,2,A,T3,15.0,-1.340040989484528
sub-028,2,A,T4,15.0,0.487086549686788
sub-028,2,A,T5,15.0,-3.5488467137873796
sub-028,2,A,T6,15.0,-0.9758256891139373
sub-028,2,A,Fz,15.0,6.898748930779673
sub-028,2,A,Cz,15.0,-3.031268439885653
sub-028,2,A,Pz,15.0,0.8835751164939433
sub-028,3,A,Fp1,20.0,0.027171353231941895
sub-028,3,A,Fp2,20.0,-2.0644166896352627
sub-028,3,A,F3,20.0,-3.1179408513922304
sub-028,3,A,F4,20.0,0.6397425863580766
sub-028,3,A,C3,20.0,-0.5575934886965338
sub-028,3,A,C4,20.0,1.4076591350316319
sub-028,3,A,P3,20.0,-4.250503250018642
sub-028,3,A,P4,20.0,-6.793861662659238
sub-028,3,A,O1,20.0,-2.5176233039308675
sub-028,3,A,O2,20.0,0.8523741587207833
sub-028,3,A,F7,20.0,5.459582182821459
sub-028,3,A,F8,20.0,-4.39392953262973
sub-028,3,A,T3,20.0,-2.8749363031022708
sub-028,3,A,T4,20.0,-8.226269826294653
sub-028,3,A,T5,20.0,-3.6954262907644218
sub-028,3,A,T6,20.0,3.8066822727987675
sub-028,3,A,Fz,20.0,2.531505316684929
sub-028,3,A,Cz,20.0,-1.2291864635881469
sub-028,3,A,Pz,20.0,-11.172835384359525
sub-029,0,A,Fp1,5.0,-2.0378780240871515
sub-029,0,A,Fp2,5.0,-3.9508215598953145
sub-029,0,A,F3,5.0,0.6382597309828388
sub-029,0,A,F4,5.0,-0.2605563967677383
sub-029,0,A,C3,5.0,-1.970192357769627
sub-029,0,A,C4,5.0,1.837893622257695
sub-029,0,A,P3,5.0,-7.94418546672188
sub-029,0,A,P4,5.0,0.12158747763155042
sub-029,0,A,O1,5.0,-3.723781566575577
sub-029,0,A,O2,5.0,-8.702323658170695
sub-029,0,A,F7,5.0,-3.951796824633726
sub-029,0,A,F8,5.0,-7.885246701848686
sub-029,0,A,T3,5.0,2.4222945528519304
sub-029,0,A,T4,5.0,4.732010133339142
sub-029,0,A,T5,5.0,0.6404631277428574
sub-029,0,A,T6,5.0,2.018732320795708
sub-029,0,A,Fz,5.0,0.37310172815543385
sub-029,0,A,Cz,5.0,-1.7247235530226104
sub-029,0,A,Pz,5.0,-13.347531669640261
sub-029,1,A,Fp1,10.0,1.3081755659902274
sub-029,1,A,Fp2,10.0,6.771644017738195
sub-029,1,A,F3,10.0,2.9388795525382783
sub-029,1,A,F4,10.0,4.626895911271696
sub-029,1,A,C3,10.0,2.813616655489564
sub-029,1,A,C4,10.0,-2.541579266222125
sub-029,1,A,P3,10.0,9.258310182884061
sub-029,1,A,P4,10.0,0.26888388484086256
sub-029,1,A,O1,10.0,8.914890861843363
sub-029,1,A,O2,10.0,2.0083265975201776
sub-029,1,A,F7,10.0,2.762539533470314
sub-029,1,A,F8,10.0,13.943659546894514
sub-029,1,A,T3,10.0,1.9098524747396644
sub-029,1,A,T4,10.0,3.384984613852176
sub-029,1,A,T5,10.0,2.672099194970763
sub-029,1,A,T6,10.0,4.899788684134656
sub-029,1,A,Fz,10.0,6.019561845646697
sub-029,1,A,Cz,10.0,2.105879698247049
sub-029,1,A,Pz,10.0,6.622229754684957
sub-029,2,A,Fp1,15.0,3.7373006146110215
sub-029,2,A,Fp2,15.0,2.3696613383258045
sub-029,2,A,F3,15.0,6.578060547615258
sub-029,2,A,F4,15.0,0.6595026257107012
sub-029,2,A,C3,15.0,8.219797494752049
sub-029,2,A,C4,15.0,2.225521426874073
sub-029,2,A,P3,15.0,2.300574151357213
sub-029,2,A,P4,15.0,3.467413130200834
sub-029,2,A,O1,15.0,8.195438783459883
sub-029,2,A,O2,15.0,2.566048165888713
sub-029,2,A,F7,15.0,8.271470280197796
sub-029,2,A,F8,15.0,6.749918037284173
sub-029,2,A,T3,15.0,-0.5007888497706912
sub-029,2,A,T4,15.0,4.207622877953146
sub-029,2,A,T5,15.0,3.175912679855343
sub-029,2,A,T6,15.0,5.646715813931342
sub-029,2,A,Fz,15.0,3.8713782878548786
sub-029,2,A,Cz,15.0,-1.472990871369533
sub-029,2,A,Pz,15.0,5.355683926899591
sub-029,3,A,Fp1,20.0,3.8558211259189257
sub-029,3,A,Fp2,20.0,3.8263162637363717
sub-029,3,A,F3,20.0,6.377898574149722
sub-029,3,A,F4,20.0,-5.817051926765398
sub-029,3,A,C3,20.0,2.574670976502913
sub-029,3,A,C4,20.0,-0.05340558596527995
sub-029,3,A,P3,20.0,5.231923946786656
sub-029,3,A,P4,20.0,5.771592239025637
sub-029,3,A,O1,20.0,6.283501829608595
sub-029,3,A,O2,20.0,17.638442078972002
sub-029,3,A,F7,20.0,10.724111824371295
sub-029,3,A,F8,20.0,-3.1135000074596197
sub-029,3,A,T3,20.0,0.37513147811630176
sub-029,3,A,T4,20.0,-3.8378489362134056
sub-029,3,A,T5,20.0,-6.08577946823802
sub-029,3,A,T6,20.0,9.288223380667791
sub-029,3,A,Fz,20.0,-0.7904156947692397
sub-029,3,A,Cz,20.0,-8.808423667524966
sub-029,3,A,Pz,20.0,13.87220654869198
sub-030,0,A,Fp1,5.0,-1.8185094159615625
sub-030,0,A,Fp2,5.0,-3.7707389505281657
sub-030,0,A,F3,5.0,2.5938232732065627
sub-030,0,A,F4,5.0,-6.112899574491136
sub-030,0,A,C3,5.0,-3.8381606527904113
sub-030,0,A,C4,5.0,4.1393555184723
sub-030,0,A,P3,5.0,-5.45764887487095
sub-030,0,A,P4,5.0,-0.8260159741586738
sub-030,0,A,O1,5.0,-3.873822474817387
sub-030,0,A,O2,5.0,-1.4091942939339042
sub-030,0,A,F7,5.0,-4.723200133759992
sub-030,0,A,F8,5.0,-11.421951478912495
sub-030,0,A,T3,5.0,0.4725403795395972
sub-030,0,A,T4,5.0,1.1028512634209937
sub-030,0,A,T5,5.0,-2.4908079526026397
sub-030,0,A,T6,5.0,1.47152500134468
sub-030,0,A,Fz,5.0,1.1249836307912482
sub-030,0,A,Cz,5.0,-2.127934831074141
sub-030,0,A,Pz,5.0,-9.948351115778621
sub-030,1,A,Fp1,10.0,-1.3623324038785867
sub-030,1,A,Fp2,10.0,6.346969074198801
sub-030,1,A,F3,10.0,-6.292124011676311
sub-030,1,A,F4,10.0,3.4202164405044555
sub-030,1,A,C3,10.0,2.553221930878397
sub-030,1,A,C4,10.0,-1.4163565728112237
sub-030,1,A,P3,10.0,4.945229987969516
sub-030,1,A,P4,10.0,-6.701574447432011
sub-030,1,A,O1,10.0,2.0408360869754563
sub-030,1,A,O2,10.0,9.208660932507689
sub-030,1,A,F7,10.0,-13.061027068888311
sub-030,1,A,F8,10.0,0.07315631782300126
sub-030,1,A,T3,10.0,-11.548892924340509
sub-030,1,A,T4,10.0,2.1845514400937223
sub-030,1,A,T5,10.0,-3.9853283239708843
sub-030,1,A,T6,10.0,-0.775001241866285
sub-030,1,A,Fz,10.0,-0.4553971486676522
sub-030,1,A,Cz,10.0,0.32124840713679037
sub-030,1,A,Pz,10.0,6.370427694043995
sub-030,2,A,Fp1,15.0,-4.093892794292565
sub-030,2,A,Fp2,15.0,-1.792756860422295
sub-030,2,A,F3,15.0,7.830861142046403
sub-030,2,A,F4,15.0,3.115355160363937
sub-030,2,A,C3,15.0,10.557961883529504
sub-030,2,A,C4,15.0,1.0693280249182096
sub-030,2,A,P3,15.0,-1.862192804559375
sub-030,2,A,P4,15.0,2.4528527791889103
sub-030,2,A,O1,15.0,5.737743313697537
sub-030,2,A,O2,15.0,10.789118791747978
sub-030,2,A,F7,15.0,-1.529687391916853
sub-030,2,A,F8,15.0,3.184735663571643
sub-030,2,A,T3,15.0,-2.405589334254396
sub-030,2,A,T4,15.0,-2.7877926901779593
sub-030,2,A,T5,15.0,4.4342379521872894
sub-030,2,A,T6,15.0,4.087462996945893
sub-030,2,A,Fz,15.0,9.380885292456625
sub-030,2,A,Cz,15.0,10.334807582008459
sub-030,2,A,Pz,15.0,-1.0713703658337206
sub-030,3,A,Fp1,20.0,2.7980294177637632
sub-030,3,A,Fp2,20.0,2.068881290861405
sub-030,3,A,F3,20.0,2.9685906322827496
sub-030,3,A,F4,20.0,1.4714076738237214
sub-030,3,A,C3,20.0,3.7982081167897546
sub-030,3,A,C4,20.0,7.3341185104968485
sub-030,3,A,P3,20.0,2.5613664243993894
sub-030,3,A,P4,20.0,6.560957782134615
sub-030,3,A,O1,20.0,1.3807107067969016
sub-030,3,A,O2,20.0,2.3408257514963395
sub-030,3,A,F7,20.0,4.33963603174475
sub-030,3,A,F8,20.0,1.0187880328014796
sub-030,3,A,T3,20.0,4.952850232808491
sub-030,3,A,T4,20.0,3.655585207359666
sub-030,3,A,T5,20.0,-0.5728565621823465
sub-030,3,A,T6,20.0,6.602474296469474
sub-030,3,A,Fz,20.0,4.883463714057262
sub-030,3,A,Cz,20.0,1.9492970398501077
sub-030,3,A,Pz,20.0,4.140568648462003
sub-031,0,A,Fp1,5.0,3.4650000621712684
sub-031,0,A,Fp2,5.0,1.6781662020828167
sub-031,0,A,F3,5.0,0.15332579198146648
sub-031,0,A,F4,5.0,-0.07809689365630941
sub-031,0,A,C3,5.0,-0.035750803733303374
sub-031,0,A,C4,5.0,-5.862054987798268
sub-031,0,A,P3,5.0,4.170477224527346
sub-031,0,A,P4,5.0,6.768462568712723
sub-031,0,A,O1,5.0,4.883006679182309
sub-031,0,A,O2,5.0,10.646205152030188
sub-031,0,A,F7,5.0,0.04874704144582813
sub-031,0,A,F8,5.0,-7.202096146916354
sub-031,0,A,T3,5.0,-3.0810835712285822
sub-031,0,A,T4,5.0,-4.906766692254913
sub-031,0,A,T5,5.0,0.38449584187336316
sub-031,0,A,T6,5.0,2.718397459316717
sub-031,0,A,Fz,5.0,3.2606466261882834
sub-031,0,A,Cz,5.0,-3.8163618843801475
sub-031,0,A,Pz,5.0,2.386477570027882
sub-031,1,A,Fp1,10.0,-1.4733395645129819
sub-031,1,A,Fp2,10.0,2.810559280067219
sub-031,1,A,F3,10.0,7.652347021116928
sub-031,1,A,F4,10.0,2.8808276710701315
sub-031,1,A,C3,10.0,1.467731759959737
sub-031,1,A,C4,10.0,-1.204667138636579
sub-031,1,A,P3,10.0,-6.815912949327677
sub-031,1,A,P4,10.0,3.5620626014824697
sub-031,1,A,O1,10.0,8.402271383775497
sub-031,1,A,O2,10.0,12.814323196093536
sub-031,1,A,F7,10.0,-3.443781862143753
sub-031,1,A,F8,10.0,1.2650129491967532
sub-031,1,A,T3,10.0,0.6608954586772109
sub-031,1,A,T4,10.0,-5.35451702605915
sub-031,1,A,T5,10.0,6.936580372076473
sub-031,1,A,T6,10.0,11.06845466412082
sub-031,1,A,Fz,10.0,7.954744973078432
sub-031,1,A,Cz,10.0,4.571250297201609
sub-031,1,A,Pz,10.0,1.1960391653481053
sub-031,2,A,Fp1,15.0,6.886132121849505
sub-031,2,A,Fp2,15.0,4.045357177215079
sub-031,2,A,F3,15.0,-1.0478406381537222
sub-031,2,A,F4,15.0,2.023621496752746
sub-031,2,A,C3,15.0,0.7746503275265287
sub-031,2,A,C4,15.0,-3.5612685889481535
sub-031,2,A,P3,15.0,-3.4528025529907094
sub-031,2,A,P4,15.0,3.4319650465761202
sub-031,2,A,O1,15.0,9.303654762521811
sub-031,2,A,O2,15.0,7.377932659427846
sub-031,2,A,F7,15.0,-7.16323024846675
sub-031,2,A,F8,15.0,-0.8769296337346121
sub-031,2,A,T3,15.0,-0.30890766758162225
sub-031,2,A,T4,15.0,-10.95788513294718
sub-031,2,A,T5,15.0,2.005934807370592
sub-031,2,A,T6,15.0,8.383353400567286
sub-031,2,A,Fz,15.0,11.067259033612782
sub-031,2,A,Cz,15.0,5.4531164955647
sub-031,2,A,Pz,15.0,-0.7746804958735921
sub-031,3,A,Fp1,20.0,5.1250267515871055
sub-031,3,A,Fp2,20.0,6.955303130978001
sub-031,3,A,F3,20.0,10.450080274185687
sub-031,3,A,F4,20.0,8.070692681763614
sub-031,3,A,C3,20.0,8.419486104504122
sub-031,3,A,C4,20.0,3.9546786502595825
sub-031,3,A,P3,20.0,11.175517108787936
sub-031,3,A,P4,20.0,14.369300889855888
sub-031,3,A,O1,20.0,16.139901965161638
sub-031,3,A,O2,20.0,23.234126017595678
sub-031,3,A,F7,20.0,15.0931343207767
sub-031,3,A,F8,20.0,4.793143185358516
sub-031,3,A,T3,20.0,5.8069502274446325
sub-031,3,A,T4,20.0,3.2759820166431526
sub-031,3,A,T5,20.0,-14.859628643540416
sub-031,3,A,T6,20.0,19.16504097495611
sub-031,3,A,Fz,20.0,13.514481017707677
sub-031,3,A,Cz,20.0,16.333193463896787
sub-031,3,A,Pz,20.0,21.73138847140173
sub-032,0,A,Fp1,5.0,3.3144348423269356
sub-032,0,A,Fp2,5.0,1.050778704059649
sub-032,0,A,F3,5.0,5.5370204759896655
sub-032,0,A,F4,5.0,5.389316294633787
sub-032,0,A,C3,5.0,5.8801889822223945
sub-032,0,A,C4,5.0,7.196734847456284
sub-032,0,A,P3,5.0,1.2509015599146118
sub-032,0,A,P4,5.0,4.7716206534494345
sub-032,0,A,O1,5.0,5.876242771565172
sub-032,0,A,O2,5.0,3.30917976294917
sub-032,0,A,F7,5.0,5.1054190759454885
sub-032,0,A,F8,5.0,0.3331140641524807
sub-032,0,A,T3,5.0,3.728462978377796
sub-032,0,A,T4,5.0,-2.9196564506187492
sub-032,0,A,T5,5.0,2.7558381219003083
sub-032,0,A,T6,5.0,9.753904343703788
sub-032,0,A,Fz,5.0,-3.7426828665566725
sub-032,0,A,Cz,5.0,2.214686845725205
sub-032,0,A,Pz,5.0,7.806686707689194
sub-032,1,A,Fp1,10.0,0.2955845950109076
sub-032,1,A,Fp2,10.0,-13.21293093830187
sub-032,1,A,F3,10.0,1.9717525238898346
sub-032,1,A,F4,10.0,-8.67019700969861
sub-032,1,A,C3,10.0,-4.879704114682245
sub-032,1,A,C4,10.0,2.705421461103536
sub-032,1,A,P3,10.0,-3.991660856596943
sub-032,1,A,P4,10.0,1.8524712058222634
sub-032,1,A,O1,10.0,-0.012789039234072073
sub-032,1,A,O2,10.0,3.5611004332659895
sub-032,1,A,F7,10.0,5.426103302832428
sub-032,1,A,F8,10.0,-0.3149703038096224
sub-032,1,A,T3,10.0,-12.839451367526244
sub-032,1,A,T4,10.0,-0.23121445645255648
sub-032,1,A,T5,10.0,-1.5660079356457515
sub-032,1,A,T6,10.0,5.560780294869822
sub-032,1,A,Fz,10.0,-8.661019176762355
sub-032,1,A,Cz,10.0,0.4468268701308268
sub-032,1,A,Pz,10.0,6.751409688280592
sub-032,2,A,Fp1,15.0,0.6886841768841756
sub-032,2,A,Fp2,15.0,-0.6178524613951031
sub-032,2,A,F3,15.0,2.7580808547736444
sub-032,2,A,F4,15.0,6.848949720108159
sub-032,2,A,C3,15.0,-1.476896648352396
sub-032,2,A,C4,15.0,3.1867659855885613
sub-032,2,A,P3,15.0,0.7997790286144981
sub-032,2,A,P4,15.0,3.4295955549369883
sub-032,2,A,O1,15.0,4.705693882202348
sub-032,2,A,O2,15.0,4.176487669891612
sub-032,2,A,F7,15.0,-2.427408217106541
sub-032,2,A,F8,15.0,3.214007353063712
sub-032,2,A,T3,15.0,1.6681317110125855
sub-032,2,A,T4,15.0,5.984601882630132
sub-032,2,A,T5,15.0,4.815831652209771
sub-032,2,A,T6,15.0,7.8973550558372265
sub-032,2,A,Fz,15.0,6.418579566004611
sub-032,2,A,Cz,15.0,7.7829945699263305
sub-032,2,A,Pz,15.0,7.09808139056788
sub-032,3,A,Fp1,20.0,5.081980035503265
sub-032,3,A,Fp2,20.0,5.765813735741849
sub-032,3,A,F3,20.0,2.518876932005363
sub-032,3,A,F4,20.0,0.7369881276695939
sub-032,3,A,C3,20.0,0.8480345603969037
sub-032,3,A,C4,20.0,2.6388844819156603
sub-032,3,A,P3,20.0,2.0580254638680016
sub-032,3,A,P4,20.0,7.161392062769044
sub-032,3,A,O1,20.0,6.5312744446772895
sub-032,3,A,O2,20.0,7.495446828609725
sub-032,3,A,F7,20.0,3.3898887505265063
sub-032,3,A,F8,20.0,0.6022582773294048
sub-032,3,A,T3,20.0,6.691350456984859
sub-032,3,A,T4,20.0,0.8541399986969357
sub-032,3,A,T5,20.0,-5.995430577169695
sub-032,3,A,T6,20.0,6.147097071287177
sub-032,3,A,Fz,20.0,1.26086286327198
sub-032,3,A,Cz,20.0,-0.414355325413969
sub-032,3,A,Pz,20.0,6.866468274582576
sub-033,0,A,Fp1,5.0,1.42150225138268
sub-033,0,A,Fp2,5.0,1.8621780604604656
sub-033,0,A,F3,5.0,6.143622011249698
sub-033,0,A,F4,5.0,1.1112169248143573
sub-033,0,A,C3,5.0,-1.6439547275507138
sub-033,0,A,C4,5.0,6.661008728922001
sub-033,0,A,P3,5.0,-3.6889616666734364
sub-033,0,A,P4,5.0,3.80457957366267
sub-033,0,A,O1,5.0,-5.320179737018086
sub-033,0,A,O2,5.0,-4.636551932540879
sub-033,0,A,F7,5.0,-4.200434766350247
sub-033,0,A,F8,5.0,1.1103041836205811
sub-033,0,A,T3,5.0,-5.262971719825927
sub-033,0,A,T4,5.0,0.8213332139228834
sub-033,0,A,T5,5.0,-4.320139237892074
sub-033,0,A,T6,5.0,0.8633255858980043
sub-033,0,A,Fz,5.0,4.95259320652159
sub-033,0,A,Cz,5.0,4.865846085287838
sub-033,0,A,Pz,5.0,4.649214466637078
sub-033,2,A,Fp1,15.0,-12.668470715294415
sub-033,2,A,Fp2,15.0,1.032718273742575
sub-033,2,A,F3,15.0,3.322497746239264
sub-033,2,A,F4,15.0,3.0184965838655504
sub-033,2,A,C3,15.0,-0.3227776715691663
sub-033,2,A,C4,15.0,1.1933822227601085
sub-033,2,A,P3,15.0,0.14268122893302146
sub-033,2,A,P4,15.0,0.31100218428058846
sub-033,2,A,O1,15.0,4.414700904822546
sub-033,2,A,O2,15.0,8.581400493052804
sub-033,2,A,F7,15.0,-7.380870709216473
sub-033,2,A,F8,15.0,4.0851668232771186
sub-033,2,A,T3,15.0,-13.298009405066061
sub-033,2,A,T4,15.0,3.6730666914622683
sub-033,2,A,T5,15.0,-3.7879738920587784
sub-033,2,A,T6,15.0,-14.002328993046753
sub-033,2,A,Fz,15.0,2.692774674014201
sub-033,2,A,Cz,15.0,3.2103240613529054
sub-033,2,A,Pz,15.0,10.908543867972417
sub-034,0,A,Fp1,5.0,0.6292336322640517
sub-034,0,A,Fp2,5.0,-1.3959293567350541
sub-034,0,A,F3,5.0,6.418379030800071
sub-034,0,A,F4,5.0,2.2979930330241882
sub-034,0,A,C3,5.0,-0.5570061356825078
sub-034,0,A,C4,5.0,-0.04772805663476122
sub-034,0,A,P3,5.0,-0.3995960764615276
sub-034,0,A,P4,5.0,4.952459628061371
sub-034,0,A,O1,5.0,5.5026389444067565
sub-034,0,A,O2,5.0,8.66987750609891
sub-034,0,A,F7,5.0,-1.7961696198214814
sub-034,0,A,F8,5.0,3.7072925096216958
sub-034,0,A,T3,5.0,-1.291690428102221
sub-034,0,A,T4,5.0,2.128209233026826
sub-034,0,A,T5,5.0,-0.8826362661721983
sub-034,0,A,T6,5.0,6.989340465956002
sub-034,0,A,Fz,5.0,4.501104738210841
sub-034,0,A,Cz,5.0,0.9760862372081803
sub-034,0,A,Pz,5.0,1.5586604431793418
sub-034,1,A,Fp1,10.0,4.2528075998153
sub-034,1,A,Fp2,10.0,6.4178602091097225
sub-034,1,A,F3,10.0,3.144801746422477
sub-034,1,A,F4,10.0,5.579495786013106
sub-034,1,A,C3,10.0,-4.76453854097998
sub-034,1,A,C4,10.0,0.10787192459567939
sub-034,1,A,P3,10.0,8.516462329617683
sub-034,1,A,P4,10.0,4.042126034408687
sub-034,1,A,O1,10.0,15.769253642749279
sub-034,1,A,O2,10.0,10.47932734611412
sub-034,1,A,F7,10.0,3.2773742191309543
sub-034,1,A,F8,10.0,5.458509111307444
sub-034,1,A,T3,10.0,1.0162264292916943
sub-034,1,A,T4,10.0,4.047996404453668
sub-034,1,A,T5,10.0,4.604970309419621
sub-034,1,A,T6,10.0,1.742577837990381
sub-034,1,A,Fz,10.0,4.854955426785625
sub-034,1,A,Cz,10.0,8.14144318928783
sub-034,1,A,Pz,10.0,12.347391658280918
sub-034,2,A,Fp1,15.0,3.425965900505377
sub-034,2,A,Fp2,15.0,6.1161447746196576
sub-034,2,A,F3,15.0,2.279405592939653
sub-034,2,A,F4,15.0,4.312184013962327
sub-034,2,A,C3,15.0,-0.6201241797854034
sub-034,2,A,C4,15.0,3.9395910133631435
sub-034,2,A,P3,15.0,3.206141394720028
sub-034,2,A,P4,15.0,0.479263847481484
sub-034,2,A,O1,15.0,3.948034986748743
sub-034,2,A,O2,15.0,6.526456832726206
sub-034,2,A,F7,15.0,-2.9834005539613164
sub-034,2,A,F8,15.0,2.9454166918807303
sub-034,2,A,T3,15.0,2.5457126297306143
sub-034,2,A,T4,15.0,6.393127083752487
sub-034,2,A,T5,15.0,1.730381584917482
sub-034,2,A,T6,15.0,1.599675141137055
sub-034,2,A,Fz,15.0,5.443778428308716
sub-034,2,A,Cz,15.0,11.649863061662042
sub-034,2,A,Pz,15.0,8.017422168712944
sub-034,3,A,Fp1,20.0,-2.600759587568861
sub-034,3,A,Fp2,20.0,-4.326131420102234
sub-034,3,A,F3,20.0,-8.254443051012052
sub-034,3,A,F4,20.0,-0.3886211662647082
sub-034,3,A,C3,20.0,0.10193978138395303
sub-034,3,A,C4,20.0,6.387355646642373
sub-034,3,A,P3,20.0,3.853658036660244
sub-034,3,A,P4,20.0,2.5050196056938456
sub-034,3,A,O1,20.0,4.303241499438856
sub-034,3,A,O2,20.0,8.187172021489111
sub-034,3,A,F7,20.0,-7.696037098944152
sub-034,3,A,F8,20.0,5.035490275440689
sub-034,3,A,T3,20.0,-4.350833933573382
sub-034,3,A,T4,20.0,-1.0566562504213377
sub-034,3,A,T5,20.0,-2.5742552891416977
sub-034,3,A,T6,20.0,1.3389463578932967
sub-034,3,A,Fz,20.0,-13.247445107646733
sub-034,3,A,Cz,20.0,-6.179865950294282
sub-034,3,A,Pz,20.0,5.894196376916508
sub-035,0,A,Fp1,5.0,-3.750106186774635
sub-035,0,A,Fp2,5.0,1.5780390973442149
sub-035,0,A,F3,5.0,-3.6757928038061163
sub-035,0,A,F4,5.0,9.16818962583505
sub-035,0,A,C3,5.0,-2.07683652614315
sub-035,0,A,C4,5.0,1.881760354715964
sub-035,0,A,P3,5.0,-0.3381963527842766
sub-035,0,A,P4,5.0,1.89787234844756
sub-035,0,A,O1,5.0,6.60711636159278
sub-035,0,A,O2,5.0,0.9620138244539354
sub-035,0,A,F7,5.0,-8.983948238928
sub-035,0,A,F8,5.0,0.5674414066190618
sub-035,0,A,T3,5.0,-5.122429086158467
sub-035,0,A,T4,5.0,-1.1557410665220895
sub-035,0,A,T5,5.0,1.4203993670278894
sub-035,0,A,T6,5.0,-4.56674221472119
sub-035,0,A,Fz,5.0,3.4930715439567113
sub-035,0,A,Cz,5.0,6.032737960732235
sub-035,0,A,Pz,5.0,-3.61675293200428
sub-035,1,A,Fp1,10.0,3.772731323735772
sub-035,1,A,Fp2,10.0,1.008168571991194
sub-035,1,A,F3,10.0,1.3655772085140359
sub-035,1,A,F4,10.0,-1.659342275502813
sub-035,1,A,C3,10.0,-0.9323165238953003
sub-035,1,A,C4,10.0,-15.92534932637895
sub-035,1,A,P3,10.0,7.447201412291835
sub-035,1,A,P4,10.0,6.203026730922973
sub-035,1,A,O1,10.0,11.232527369851349
sub-035,1,A,O2,10.0,7.950825470784286
sub-035,1,A,F7,10.0,9.153454296929285
sub-035,1,A,F8,10.0,3.3222661710810892
sub-035,1,A,T3,10.0,5.040562710151409
sub-035,1,A,T4,10.0,-2.50050299210965
sub-035,1,A,T5,10.0,-15.359633574278304
sub-035,1,A,T6,10.0,0.7004833695395906
sub-035,1,A,Fz,10.0,-0.9204274520138788
sub-035,1,A,Cz,10.0,-1.7763798146559742
sub-035,1,A,Pz,10.0,9.434951770986457
sub-035,2,A,Fp1,15.0,2.1321684420566154
sub-035,2,A,Fp2,15.0,0.7642401726829069
sub-035,2,A,F3,15.0,1.4136594776789781
sub-035,2,A,F4,15.0,3.439953852014244
sub-035,2,A,C3,15.0,8.36250645810357
sub-035,2,A,C4,15.0,4.092912990321531
sub-035,2,A,P3,15.0,9.881456568770963
sub-035,2,A,P4,15.0,4.855801966678056
sub-035,2,A,O1,15.0,13.051007121115566
sub-035,2,A,O2,15.0,9.938368475100878
sub-035,2,A,F7,15.0,8.517076870239183
sub-035,2,A,F8,15.0,7.6894699426637505
sub-035,2,A,T3,15.0,10.501098022851885
sub-035,2,A,T4,15.0,12.529561227454462
sub-035,2,A,T5,15.0,4.193314951137083
sub-035,2,A,T6,15.0,1.973470441388192
sub-035,2,A,Fz,15.0,6.245389965361355
sub-035,2,A,Cz,15.0,-1.5809398168366664
sub-035,2,A,Pz,15.0,10.468131198084553
sub-035,3,A,Fp1,20.0,1.4227422318536553
sub-035,3,A,Fp2,20.0,5.5344171225072225
sub-035,3,A,F3,20.0,5.452470673871389
sub-035,3,A,F4,20.0,4.249414792735702
sub-035,3,A,C3,20.0,3.069928221674489
sub-035,3,A,C4,20.0,1.1314291342291733
sub-035,3,A,P3,20.0,9.920772428873763
sub-035,3,A,P4,20.0,1.0541374806513204
sub-035,3,A,O1,20.0,9.62209746303855
sub-035,3,A,O2,20.0,4.641398788048219
sub-035,3,A,F7,20.0,1.9983798453785762
sub-035,3,A,F8,20.0,3.7192284904080513
sub-035,3,A,T3,20.0,-6.373771292085126
sub-035,3,A,T4,20.0,-7.511876387800579
sub-035,3,A,T5,20.0,5.08397028173553
sub-035,3,A,T6,20.0,-17.531150554130033
sub-035,3,A,Fz,20.0,6.964737204322702
sub-035,3,A,Cz,20.0,2.0350019292096144
sub-035,3,A,Pz,20.0,6.211188140679886
sub-035,4,A,Fp1,5.0,-2.8748091211976985
sub-035,4,A,Fp2,5.0,0.7172052246827352
sub-035,4,A,F3,5.0,-5.429016255264573
sub-035,4,A,F4,5.0,3.779879232598857
sub-035,4,A,C3,5.0,1.6498206896693666
sub-035,4,A,C4,5.0,0.6452164079879431
sub-035,4,A,P3,5.0,-0.3255512695490151
sub-035,4,A,P4,5.0,-2.4198906180202746
sub-035,4,A,O1,5.0,-0.2602781655041126
sub-035,4,A,O2,5.0,-2.518908125092501
sub-035,4,A,F7,5.0,0.2918785524215855
sub-035,4,A,F8,5.0,-2.2897796423203305
sub-035,4,A,T3,5.0,4.66374026099975
sub-035,4,A,T4,5.0,-2.936588994899951
sub-035,4,A,T5,5.0,-4.338808159829
sub-035,4,A,T6,5.0,-5.5313384847915295
sub-035,4,A,Fz,5.0,1.0645995139598572
sub-035,4,A,Cz,5.0,-1.867954832612514
sub-035,4,A,Pz,5.0,-1.4839472969017098
sub-036,0,A,Fp1,5.0,0.8827699525730048
sub-036,0,A,Fp2,5.0,-1.7775776459208639
sub-036,0,A,F3,5.0,-2.694705409202784
sub-036,0,A,F4,5.0,-1.3376474200352217
sub-036,0,A,C3,5.0,2.8174419281046523
sub-036,0,A,C4,5.0,3.308375443224199
sub-036,0,A,P3,5.0,0.31388605860790664
sub-036,0,A,P4,5.0,8.154070847681291
sub-036,0,A,O1,5.0,1.6512398742640146
sub-036,0,A,O2,5.0,6.093949266156963
sub-036,0,A,F7,5.0,-4.698231110917062
sub-036,0,A,F8,5.0,-3.154200739951989
sub-036,0,A,T3,5.0,1.683677675333707
sub-036,0,A,T4,5.0,-4.296431712338248
sub-036,0,A,T5,5.0,3.249799802137722
sub-036,0,A,T6,5.0,3.115178628279897
sub-036,0,A,Fz,5.0,-4.1485165941019115
sub-036,0,A,Cz,5.0,-1.0885730801034916
sub-036,0,A,Pz,5.0,3.279198874312899
sub-036,1,A,Fp1,10.0,6.668544846653655
sub-036,1,A,Fp2,10.0,3.8938537601092964
sub-036,1,A,F3,10.0,1.9944573208976346
sub-036,1,A,F4,10.0,-0.555907756530699
sub-036,1,A,C3,10.0,1.8265754716807703
sub-036,1,A,C4,10.0,7.413361223048365
sub-036,1,A,P3,10.0,8.580769638326334
sub-036,1,A,P4,10.0,11.052782184389292
sub-036,1,A,O1,10.0,11.334244159321209
sub-036,1,A,O2,10.0,9.089375181570752
sub-036,1,A,F7,10.0,8.352130595860544
sub-036,1,A,F8,10.0,5.541633925844945
sub-036,1,A,T3,10.0,2.583968242876283
sub-036,1,A,T4,10.0,6.35795634051756
sub-036,1,A,T5,10.0,7.259731831734188
sub-036,1,A,T6,10.0,9.261144237071727
sub-036,1,A,Fz,10.0,1.2981200254019085
sub-036,1,A,Cz,10.0,9.016940063130123
sub-036,1,A,Pz,10.0,14.101756511664263
sub-036,2,A,Fp1,15.0,2.012841347257799
sub-036,2,A,Fp2,15.0,-0.960697469501014
sub-036,2,A,F3,15.0,5.713697273945036
sub-036,2,A,F4,15.0,2.7398073717751945
sub-036,2,A,C3,15.0,7.890930727706125
sub-036,2,A,C4,15.0,1.6406323354666443
sub-036,2,A,P3,15.0,6.796676960407054
sub-036,2,A,P4,15.0,5.316960624658406
sub-036,2,A,O1,15.0,5.267971660875492
sub-036,2,A,O2,15.0,11.130565750430762
sub-036,2,A,F7,15.0,0.2886436648086555
sub-036,2,A,F8,15.0,4.004687800028223
sub-036,2,A,T3,15.0,4.71514537662758
sub-036,2,A,T4,15.0,5.323906236523776
sub-036,2,A,T5,15.0,2.2228262288505864
sub-036,2,A,T6,15.0,5.2775839794826895
sub-036,2,A,Fz,15.0,5.909033786999097
sub-036,2,A,Cz,15.0,6.2174015653581405
sub-036,2,A,Pz,15.0,0.8644618965269706
sub-036,3,A,Fp1,20.0,4.682407685960793
sub-036,3,A,Fp2,20.0,-0.9488883383077796
sub-036,3,A,F3,20.0,-6.230321762618832
sub-036,3,A,F4,20.0,1.4336037495785006
sub-036,3,A,C3,20.0,1.6587652509981752
sub-036,3,A,C4,20.0,-1.200344546666443
sub-036,3,A,P3,20.0,5.330224113181789
sub-036,3,A,P4,20.0,-1.1526678912718231
sub-036,3,A,O1,20.0,5.2981211110570925
sub-036,3,A,O2,20.0,4.8480609164679365
sub-036,3,A,F7,20.0,-5.188983319887442
sub-036,3,A,F8,20.0,4.712387235414531
sub-036,3,A,T3,20.0,-3.39358449629815
sub-036,3,A,T4,20.0,5.519497689474674
sub-036,3,A,T5,20.0,-1.5202762640466372
sub-036,3,A,T6,20.0,1.4757294841545177
sub-036,3,A,Fz,20.0,2.1439615607711047
sub-036,3,A,Cz,20.0,5.956716231658906
sub-036,3,A,Pz,20.0,10.91095497155944
sub-037,0,C,Fp1,5.0,-6.21826361550506
sub-037,0,C,Fp2,5.0,3.2568085252536165
sub-037,0,C,F3,5.0,-6.164847748982346
sub-037,0,C,F4,5.0,1.1868199325684363
sub-037,0,C,C3,5.0,-2.3454867628896965
sub-037,0,C,C4,5.0,0.2983296532032683
sub-037,0,C,P3,5.0,8.103320023334076
sub-037,0,C,P4,5.0,-10.145144747043096
sub-037,0,C,O1,5.0,5.770148332944379
sub-037,0,C,O2,5.0,5.3934867758477765
sub-037,0,C,F7,5.0,-9.594847633870053
sub-037,0,C,F8,5.0,5.2989240137280635
sub-037,0,C,T3,5.0,-8.004365759909286
sub-037,0,C,T4,5.0,8.417303310283463
sub-037,0,C,T5,5.0,-2.873513441382489
sub-037,0,C,T6,5.0,8.236165325080263
sub-037,0,C,Fz,5.0,0.7244901977020044
sub-037,0,C,Cz,5.0,3.4455848317604323
sub-037,0,C,Pz,5.0,8.410855392254282
sub-037,1,C,Fp1,10.0,10.311668341664825
sub-037,1,C,Fp2,10.0,15.62089999359618
sub-037,1,C,F3,10.0,6.84657958779844
sub-037,1,C,F4,10.0,12.314857578447764
sub-037,1,C,C3,10.0,5.254983466003087
sub-037,1,C,C4,10.0,2.0463024042111475
sub-037,1,C,P3,10.0,13.55159302928847
sub-037,1,C,P4,10.0,5.986727256400709
sub-037,1,C,O1,10.0,12.707642985148711
sub-037,1,C,O2,10.0,11.170742226988706
sub-037,1,C,F7,10.0,6.53490205458366
sub-037,1,C,F8,10.0,14.15204650470811
sub-037,1,C,T3,10.0,-13.064339929622221
sub-037,1,C,T4,10.0,3.458970849084124
sub-037,1,C,T5,10.0,9.137175495168643
sub-037,1,C,T6,10.0,-3.3749994748124044
sub-037,1,C,Fz,10.0,14.687785606813827
sub-037,1,C,Cz,10.0,9.95071996607754
sub-037,1,C,Pz,10.0,15.421817571635044
sub-037,2,C,Fp1,15.0,13.941882125835129
sub-037,2,C,Fp2,15.0,9.293866843004789
sub-037,2,C,F3,15.0,9.435905993776464
sub-037,2,C,F4,15.0,11.34868977324889
sub-037,2,C,C3,15.0,-10.582489679876526
sub-037,2,C,C4,15.0,2.4552191848881826
sub-037,2,C,P3,15.0,11.042764415771005
sub-037,2,C,P4,15.0,11.170202116624576
sub-037,2,C,O1,15.0,11.686258181261138
sub-037,2,C,O2,15.0,12.83283280250169
sub-037,2,C,F7,15.0,11.801560385745343
sub-037,2,C,F8,15.0,6.318143018084125
sub-037,2,C,T3,15.0,-0.7628760008513992
sub-037,2,C,T4,15.0,-0.8039137641837996
sub-037,2,C,T5,15.0,9.74171163308527
sub-037,2,C,T6,15.0,10.802746858675539
sub-037,2,C,Fz,15.0,7.614388197958113
sub-037,2,C,Cz,15.0,-1.1354321650467833
sub-037,2,C,Pz,15.0,11.443726426183233
sub-037,3,C,Fp1,20.0,-3.4408513677339334
sub-037,3,C,Fp2,20.0,-9.758235824506281
sub-037,3,C,F3,20.0,-0.9098654738095678
sub-037,3,C,F4,20.0,-2.6731925914790944
sub-037,3,C,C3,20.0,-0.17941348498804677
sub-037,3,C,C4,20.0,-4.219819743485479
sub-037,3,C,P3,20.0,2.7997376346178844
sub-037,3,C,P4,20.0,6.255051598036097
sub-037,3,C,O1,20.0,-14.880023149176424
sub-037,3,C,O2,20.0,-13.369448560077739
sub-037,3,C,F7,20.0,-4.112300990679876
sub-037,3,C,F8,20.0,-2.4651480782070085
sub-037,3,C,T3,20.0,-4.547687909208053
sub-037,3,C,T4,20.0,0.7215871972475079
sub-037,3,C,T5,20.0,5.531455084613514
sub-037,3,C,T6,20.0,-4.3906960701120195
sub-037,3,C,Fz,20.0,1.1302524685915474
sub-037,3,C,Cz,20.0,-0.588998837627518
sub-037,3,C,Pz,20.0,5.512566951426185
sub-038,0,C,Fp1,5.0,-11.982611971370648
sub-038,0,C,Fp2,5.0,1.1578591576237283
sub-038,0,C,F3,5.0,-9.037260294737674
sub-038,0,C,F4,5.0,0.7875193526610509
sub-038,0,C,C3,5.0,1.5820880493654574
sub-038,0,C,C4,5.0,-6.970858633687323
sub-038,0,C,P3,5.0,0.37492056585669054
sub-038,0,C,P4,5.0,-3.090525352293145
sub-038,0,C,O1,5.0,-1.5848534493241702
sub-038,0,C,O2,5.0,-11.822908750663274
sub-038,0,C,F7,5.0,-2.639219141337337
sub-038,0,C,F8,5.0,-4.413691443647
sub-038,0,C,T3,5.0,3.9559467823587733
sub-038,0,C,T4,5.0,-4.561332841036021
sub-038,0,C,T5,5.0,-1.7101341634143061
sub-038,0,C,T6,5.0,-3.5096373502993687
sub-038,0,C,Fz,5.0,4.382317313159008
sub-038,0,C,Cz,5.0,3.691365595542451
sub-038,0,C,Pz,5.0,-5.079774031226987
sub-038,1,C,Fp1,10.0,3.572148158759635
sub-038,1,C,Fp2,10.0,2.018473009049503
sub-038,1,C,F3,10.0,3.724782040624857
sub-038,1,C,F4,10.0,0.2040701027863445
sub-038,1,C,C3,10.0,1.2865150912107757
sub-038,1,C,C4,10.0,3.2401056000060704
sub-038,1,C,P3,10.0,3.9274678586787495
sub-038,1,C,P4,10.0,2.5195237413293037
sub-038,1,C,O1,10.0,5.679146427727446
sub-038,1,C,O2,10.0,6.303383741458971
sub-038,1,C,F7,10.0,2.900989149159059
sub-038,1,C,F8,10.0,3.3196893801786915
sub-038,1,C,T3,10.0,5.823707856149984
sub-038,1,C,T4,10.0,7.3979310273690775
sub-038,1,C,T5,10.0,3.670019069785055
sub-038,1,C,T6,10.0,0.8641585649940515
sub-038,1,C,Fz,10.0,6.060446440879853
sub-038,1,C,Cz,10.0,7.380650656038887
sub-038,1,C,Pz,10.0,2.6108993697972247
sub-038,2,C,Fp1,15.0,2.761850659723687
sub-038,2,C,Fp2,15.0,5.672908287130137
sub-038,2,C,F3,15.0,4.151589312851677
sub-038,2,C,F4,15.0,2.3525631299184373
sub-038,2,C,C3,15.0,1.2246664365412387
sub-038,2,C,C4,15.0,6.271069645779113
sub-038,2,C,P3,15.0,10.083356805241454
sub-038,2,C,P4,15.0,0.17218520249122793
sub-038,2,C,O1,15.0,10.298286770678999
sub-038,2,C,O2,15.0,4.782149489974667
sub-038,2,C,F7,15.0,9.059892914615006
sub-038,2,C,F8,15.0,6.139648629901929
sub-038,2,C,T3,15.0,-3.149856532702444
sub-038,2,C,T4,15.0,8.62921235889574
sub-038,2,C,T5,15.0,7.613077776496179
sub-038,2,C,T6,15.0,-6.674499271462349
sub-038,2,C,Fz,15.0,4.400760678909283
sub-038,2,C,Cz,15.0,4.387479492115069
sub-038,2,C,Pz,15.0,8.400207262784928
sub-038,3,C,Fp1,20.0,6.891123350822802
sub-038,3,C,Fp2,20.0,10.730332883662006
sub-038,3,C,F3,20.0,-0.3438521423148524
sub-038,3,C,F4,20.0,5.451544468579961
sub-038,3,C,C3,20.0,7.4267125375216025
sub-038,3,C,C4,20.0,4.742139818286324
sub-038,3,C,P3,20.0,11.006087946579242
sub-038,3,C,P4,20.0,2.7795561396998836
sub-038,3,C,O1,20.0,11.373097305480256
sub-038,3,C,O2,20.0,7.867587314989606
sub-038,3,C,F7,20.0,1.3724851804980884
sub-038,3,C,F8,20.0,8.772323154375748
sub-038,3,C,T3,20.0,3.0664362900799924
sub-038,3,C,T4,20.0,6.686482707691436
sub-038,3,C,T5,20.0,9.70341358717466
sub-038,3,C,T6,20.0,2.6765588546386065
sub-038,3,C,Fz,20.0,5.288749520306424
sub-038,3,C,Cz,20.0,5.228280423697464
sub-038,3,C,Pz,20.0,11.292609197833151
sub-039,0,C,Fp1,5.0,5.881089803023681
sub-039,0,C,Fp2,5.0,-1.1219827437481658
sub-039,0,C,F3,5.0,10.931044100468718
sub-039,0,C,F4,5.0,4.7699074626848095
sub-039,0,C,C3,5.0,2.785116094472961
sub-039,0,C,C4,5.0,9.563494719019337
sub-039,0,C,P3,5.0,-4.400853075529021
sub-039,0,C,P4,5.0,-1.2261175581580612
sub-039,0,C,O1,5.0,12.853741777451987
sub-039,0,C,O2,5.0,14.14557492301163
sub-039,0,C,F7,5.0,2.34972433595845
sub-039,0,C,F8,5.0,3.2698417502891393
sub-039,0,C,T3,5.0,-10.900519904590782
sub-039,0,C,T4,5.0,6.862864807805419
sub-039,0,C,T5,5.0,7.355761710403233
sub-039,0,C,T6,5.0,4.772584914290834
sub-039,0,C,Fz,5.0,-0.35346164329696994
sub-039,0,C,Cz,5.0,1.5233827600827698
sub-039,0,C,Pz,5.0,-14.035126941559293
sub-039,1,C,Fp1,10.0,8.638267127883614
sub-039,1,C,Fp2,10.0,5.811384865652068
sub-039,1,C,F3,10.0,3.5075561097765533
sub-039,1,C,F4,10.0,6.898951755091403
sub-039,1,C,C3,10.0,5.022591832657637
sub-039,1,C,C4,10.0,3.5095915600624754
sub-039,1,C,P3,10.0,-4.274956435932557
sub-039,1,C,P4,10.0,-4.358908291079091
sub-039,1,C,O1,10.0,3.7632506660151406
sub-039,1,C,O2,10.0,3.691368824705499
sub-039,1,C,F7,10.0,-6.437523186144362
sub-039,1,C,F8,10.0,0.2767130511963121
sub-039,1,C,T3,10.0,3.3541597139746804
sub-039,1,C,T4,10.0,-2.182784705282752
sub-039,1,C,T5,10.0,1.1665359470791055
sub-039,1,C,T6,10.0,4.10421243353433
sub-039,1,C,Fz,10.0,7.0777509230350635
sub-039,1,C,Cz,10.0,-1.8571253971453585
sub-039,1,C,Pz,10.0,-6.041477121999703
sub-039,2,C,Fp1,15.0,8.038301394646835
sub-039,2,C,Fp2,15.0,6.998288704742167
sub-039,2,C,F3,15.0,3.1010359975082817
sub-039,2,C,F4,15.0,5.558967506199912
sub-039,2,C,C3,15.0,7.2942053664979545
sub-039,2,C,C4,15.0,9.16391180613166
sub-039,2,C,P3,15.0,9.87975981465024
sub-039,2,C,P4,15.0,3.649665028044429
sub-039,2,C,O1,15.0,13.421095712990677
sub-039,2,C,O2,15.0,15.839446829529146
sub-039,2,C,F7,15.0,4.532265066196837
sub-039,2,C,F8,15.0,6.8484879569087544
sub-039,2,C,T3,15.0,0.7529810465058004
sub-039,2,C,T4,15.0,10.885808847947303
sub-039,2,C,T5,15.0,5.601964970781863
sub-039,2,C,T6,15.0,10.403829044775083
sub-039,2,C,Fz,15.0,9.442089377738792
sub-039,2,C,Cz,15.0,11.394281230844578
sub-039,2,C,Pz,15.0,12.808618142149141
sub-039,3,C,Fp1,20.0,-1.087033503373432
sub-039,3,C,Fp2,20.0,2.380321504461468
sub-039,3,C,F3,20.0,2.8999300984658696
sub-039,3,C,F4,20.0,3.92379882273203
sub-039,3,C,C3,20.0,4.937057653905274
sub-039,3,C,C4,20.0,0.8427268509034981
sub-039,3,C,P3,20.0,2.8848124120916547
sub-039,3,C,P4,20.0,9.94362078649549
sub-039,3,C,O1,20.0,6.0704072184307964
sub-039,3,C,O2,20.0,6.393003704094943
sub-039,3,C,F7,20.0,6.683402799150001
sub-039,3,C,F8,20.0,2.5808630817553624
sub-039,3,C,T3,20.0,4.327433642853337
sub-039,3,C,T4,20.0,3.684414364861433
sub-039,3,C,T5,20.0,10.596993027304844
sub-039,3,C,T6,20.0,1.624850125256462
sub-039,3,C,Fz,20.0,6.121969000140991
sub-039,3,C,Cz,20.0,7.673095222690743
sub-039,3,C,Pz,20.0,12.77152870355434
sub-039,6,C,Fp1,5.0,0.9821881345051289
sub-039,6,C,Fp2,5.0,2.788336891684564
sub-039,6,C,F3,5.0,7.452278651983279
sub-039,6,C,F4,5.0,5.1049283149898725
sub-039,6,C,C3,5.0,-12.311661753015024
sub-039,6,C,C4,5.0,2.1237753688125673
sub-039,6,C,P3,5.0,-0.09523707623173455
sub-039,6,C,P4,5.0,2.397946524116981
sub-039,6,C,O1,5.0,8.314158140552578
sub-039,6,C,O2,5.0,0.7183390584410969
sub-039,6,C,F7,5.0,2.151140904713755
sub-039,6,C,F8,5.0,-16.446389854726423
sub-039,6,C,T3,5.0,9.161850031553897
sub-039,6,C,T4,5.0,2.110598396053317
sub-039,6,C,T5,5.0,9.65084909689278
sub-039,6,C,T6,5.0,-0.6505970321564859
sub-039,6,C,Fz,5.0,8.853509722766146
sub-039,6,C,Cz,5.0,2.2616008868222606
sub-039,6,C,Pz,5.0,-2.378659783542236
sub-039,7,C,Fp1,10.0,2.363350953994231
sub-039,7,C,Fp2,10.0,-1.5494595543362686
sub-039,7,C,F3,10.0,2.0718643776340584
sub-039,7,C,F4,10.0,-17.910355723419798
sub-039,7,C,C3,10.0,3.9296494234537467
sub-039,7,C,C4,10.0,-4.1794773101515705
sub-039,7,C,P3,10.0,-11.24970868383538
sub-039,7,C,P4,10.0,-8.263739409963996
sub-039,7,C,O1,10.0,7.198486021496473
sub-039,7,C,O2,10.0,7.188150257844612
sub-039,7,C,F7,10.0,-10.395681797228631
sub-039,7,C,F8,10.0,-6.814722939672432
sub-039,7,C,T3,10.0,-5.472645348102462
sub-039,7,C,T4,10.0,-1.1990989178490576
sub-039,7,C,T5,10.0,-6.432847113166499
sub-039,7,C,T6,10.0,-0.3658506116896104
sub-039,7,C,Fz,10.0,-1.8243457494421982
sub-039,7,C,Cz,10.0,0.9644904910110369
sub-039,7,C,Pz,10.0,-1.102152123437006
sub-040,0,C,Fp1,5.0,2.9011096899419146
sub-040,0,C,Fp2,5.0,0.45475023110035184
sub-040,0,C,F3,5.0,6.778167192479688
sub-040,0,C,F4,5.0,0.012746464876490208
sub-040,0,C,C3,5.0,0.49608756134817045
sub-040,0,C,C4,5.0,-5.66261357785951
sub-040,0,C,P3,5.0,3.6634248232136652
sub-040,0,C,P4,5.0,7.3895754920687216
sub-040,0,C,O1,5.0,7.968729720074339
sub-040,0,C,O2,5.0,13.98351193268374
sub-040,0,C,F7,5.0,5.7321643420826955
sub-040,0,C,F8,5.0,1.7829401446951616
sub-040,0,C,T3,5.0,4.367472627544884
sub-040,0,C,T4,5.0,6.670169302333987
sub-040,0,C,T5,5.0,0.7667119757222985
sub-040,0,C,T6,5.0,5.431406777844094
sub-040,0,C,Fz,5.0,1.9321493813496677
sub-040,0,C,Cz,5.0,-4.08414876844194
sub-040,0,C,Pz,5.0,4.444769501843876
sub-040,1,C,Fp1,10.0,-0.37650529549227696
sub-040,1,C,Fp2,10.0,-0.20114912743884858
sub-040,1,C,F3,10.0,4.680496182904458
sub-040,1,C,F4,10.0,2.0645041508628283
sub-040,1,C,C3,10.0,4.009398011609856
sub-040,1,C,C4,10.0,0.266754945728795
sub-040,1,C,P3,10.0,0.10741790877817847
sub-040,1,C,P4,10.0,-0.14529667731511425
sub-040,1,C,O1,10.0,2.3166362211371085
sub-040,1,C,O2,10.0,-7.101071352796425
sub-040,1,C,F7,10.0,-9.075430493937349
sub-040,1,C,F8,10.0,-0.053309557122321154
sub-040,1,C,T3,10.0,1.2099370491892023
sub-040,1,C,T4,10.0,-3.1007137379228498
sub-040,1,C,T5,10.0,2.3497675679603796
sub-040,1,C,T6,10.0,-1.183426416481235
sub-040,1,C,Fz,10.0,1.68361141406451
sub-040,1,C,Cz,10.0,4.20772997791784
sub-040,1,C,Pz,10.0,-0.9078130157801649
sub-040,2,C,Fp1,15.0,3.6627302766662506
sub-040,2,C,Fp2,15.0,-6.470649732449289
sub-040,2,C,F3,15.0,-0.8724694215653612
sub-040,2,C,F4,15.0,-0.9170624534523546
sub-040,2,C,C3,15.0,2.3805830377460477
sub-040,2,C,C4,15.0,-0.3081100200222497
sub-040,2,C,P3,15.0,3.24672753238917
sub-040,2,C,P4,15.0,4.796001903894893
sub-040,2,C,O1,15.0,6.0320452318392235
sub-040,2,C,O2,15.0,5.7285206254532826
sub-040,2,C,F7,15.0,5.638983548351188
sub-040,2,C,F8,15.0,-0.3719885394655137
sub-040,2,C,T3,15.0,4.07556361464429
sub-040,2,C,T4,15.0,5.41633067432067
sub-040,2,C,T5,15.0,2.997612157086931
sub-040,2,C,T6,15.0,6.291976428444482
sub-040,2,C,Fz,15.0,-2.6319064033030353
sub-040,2,C,Cz,15.0,0.11109650141193758
sub-040,2,C,Pz,15.0,7.528213819770856
sub-040,3,C,Fp1,20.0,-4.821255333761879
sub-040,3,C,Fp2,20.0,-2.865960748243981
sub-040,3,C,F3,20.0,-2.617867831417305
sub-040,3,C,F4,20.0,2.441847724697629
sub-040,3,C,C3,20.0,-0.9803460678342244
sub-040,3,C,C4,20.0,0.22519282161388854
sub-040,3,C,P3,20.0,-5.381208728058157
sub-040,3,C,P4,20.0,-9.585493404485813
sub-040,3,C,O1,20.0,-10.049341650161022
sub-040,3,C,O2,20.0,-6.822873618019763
sub-040,3,C,F7,20.0,0.06234312701619374
sub-040,3,C,F8,20.0,3.568681783182446
sub-040,3,C,T3,20.0,5.054219239841043
sub-040,3,C,T4,20.0,-1.3523223462944898
sub-040,3,C,T5,20.0,-5.034831132083805
sub-040,3,C,T6,20.0,-2.4395335602014225
sub-040,3,C,Fz,20.0,-8.847561176776006
sub-040,3,C,Cz,20.0,-5.773700120945383
sub-040,3,C,Pz,20.0,-4.2898258565848675
sub-041,0,C,Fp1,5.0,1.3099016125293788
sub-041,0,C,Fp2,5.0,2.9300978615043594
sub-041,0,C,F3,5.0,-2.8284205653719843
sub-041,0,C,F4,5.0,-3.714181016856362
sub-041,0,C,C3,5.0,4.73234180209498
sub-041,0,C,C4,5.0,-6.66604159890322
sub-041,0,C,P3,5.0,1.3578382803592814
sub-041,0,C,P4,5.0,0.2888570868203112
sub-041,0,C,O1,5.0,5.474643874557867
sub-041,0,C,O2,5.0,3.7669992176629523
sub-041,0,C,F7,5.0,2.9620999072245233
sub-041,0,C,F8,5.0,-12.319557572337878
sub-041,0,C,T3,5.0,-0.5971524275087652
sub-041,0,C,T4,5.0,-13.647904869434262
sub-041,0,C,T5,5.0,-0.04968325901804568
sub-041,0,C,T6,5.0,-9.519212670450205
sub-041,0,C,Fz,5.0,-17.2920039756315
sub-041,0,C,Cz,5.0,8.301980094448833
sub-041,0,C,Pz,5.0,4.180563059032117
sub-041,1,C,Fp1,10.0,10.765150768192917
sub-041,1,C,Fp2,10.0,12.871658760687739
sub-041,1,C,F3,10.0,6.07156261308349
sub-041,1,C,F4,10.0,12.085569534983389
sub-041,1,C,C3,10.0,-2.8374380824182794
sub-041,1,C,C4,10.0,2.4827185196553345
sub-041,1,C,P3,10.0,10.68497074222596
sub-041,1,C,P4,10.0,13.913086079962948
sub-041,1,C,O1,10.0,11.806285995350462
sub-041,1,C,O2,10.0,13.54080754730675
sub-041,1,C,F7,10.0,8.211147655582234
sub-041,1,C,F8,10.0,6.612924593716772
sub-041,1,C,T3,10.0,8.958711728014931
sub-041,1,C,T4,10.0,-0.1650741557192631
sub-041,1,C,T5,10.0,5.916623925634829
sub-041,1,C,T6,10.0,4.339242597576095
sub-041,1,C,Fz,10.0,6.162160402999728
sub-041,1,C,Cz,10.0,6.349620881843784
sub-041,1,C,Pz,10.0,17.300942662747477
sub-041,2,C,Fp1,15.0,3.437990019522965
sub-041,2,C,Fp2,15.0,5.723267547167864
sub-041,2,C,F3,15.0,5.484852760548321
sub-041,2,C,F4,15.0,6.699567397383497
sub-041,2,C,C3,15.0,9.63875958003494
sub-041,2,C,C4,15.0,2.27373823236057
sub-041,2,C,P3,15.0,3.9309707889662784
sub-041,2,C,P4,15.0,7.324609740259347
sub-041,2,C,O1,15.0,8.966480788438565
sub-041,2,C,O2,15.0,11.880879153721999
sub-041,2,C,F7,15.0,2.5774300065556854
sub-041,2,C,F8,15.0,7.348046038277037
sub-041,2,C,T3,15.0,-1.0605875401279727
sub-041,2,C,T4,15.0,7.568392621071992
sub-041,2,C,T5,15.0,-0.33064575643427496
sub-041,2,C,T6,15.0,8.614793711251602
sub-041,2,C,Fz,15.0,3.9950644578915955
sub-041,2,C,Cz,15.0,4.416292265801646
sub-041,2,C,Pz,15.0,9.560921055024487
sub-041,3,C,Fp1,20.0,6.994740359040472
sub-041,3,C,Fp2,20.0,5.662106673977311
sub-041,3,C,F3,20.0,10.660442641240591
sub-041,3,C,F4,20.0,5.791733912122787
sub-041,3,C,C3,20.0,3.8466620951852275
sub-041,3,C,C4,20.0,5.487354893547386
sub-041,3,C,P3,20.0,8.20560736374501
sub-041,3,C,P4,20.0,7.767676299394481
sub-041,3,C,O1,20.0,14.589303564056591
sub-041,3,C,O2,20.0,14.459744288258827
sub-041,3,C,F7,20.0,13.304212543813623
sub-041,3,C,F8,20.0,8.407740782030148
sub-041,3,C,T3,20.0,7.7294434036323
sub-041,3,C,T4,20.0,6.5041959801934
sub-041,3,C,T5,20.0,6.883411676846557
sub-041,3,C,T6,20.0,9.738721214484377
sub-041,3,C,Fz,20.0,7.6608793832430315
sub-041,3,C,Cz,20.0,1.7535205731428505
sub-041,3,C,Pz,20.0,7.418783236824927
sub-042,0,C,Fp1,5.0,10.32556911456892
sub-042,0,C,Fp2,5.0,9.946423605994099
sub-042,0,C,F3,5.0,3.5973549105308615
sub-042,0,C,F4,5.0,6.995884128185543
sub-042,0,C,C3,5.0,7.289866396030065
sub-042,0,C,C4,5.0,-3.2974609342540253
sub-042,0,C,P3,5.0,12.172646686858961
sub-042,0,C,P4,5.0,1.6835471366341639
sub-042,0,C,O1,5.0,9.6406800554204
sub-042,0,C,O2,5.0,10.191457011385443
sub-042,0,C,F7,5.0,5.582572082829137
sub-042,0,C,F8,5.0,3.787629389949527
sub-042,0,C,T3,5.0,2.53321395207169
sub-042,0,C,T4,5.0,7.584597861404801
sub-042,0,C,T5,5.0,8.727155792591558
sub-042,0,C,T6,5.0,10.772589671548975
sub-042,0,C,Fz,5.0,8.055766286479184
sub-042,0,C,Cz,5.0,8.446326712210606
sub-042,0,C,Pz,5.0,8.821992079060998
sub-042,1,C,Fp1,10.0,5.759079076449641
sub-042,1,C,Fp2,10.0,9.920067182339208
sub-042,1,C,F3,10.0,-1.5698713902367165
sub-042,1,C,F4,10.0,9.807826196600693
sub-042,1,C,C3,10.0,4.253516840609245
sub-042,1,C,C4,10.0,6.799494108866818
sub-042,1,C,P3,10.0,-1.5413032724359057
sub-042,1,C,P4,10.0,4.381095386235062
sub-042,1,C,O1,10.0,2.8986320887440638
sub-042,1,C,O2,10.0,-8.637460373879799
sub-042,1,C,F7,10.0,-1.7293913238071499
sub-042,1,C,F8,10.0,5.083667564928994
sub-042,1,C,T3,10.0,0.8886531466410423
sub-042,1,C,T4,10.0,0.02721344153420867
sub-042,1,C,T5,10.0,8.918168652825072
sub-042,1,C,T6,10.0,5.995485537079772
sub-042,1,C,Fz,10.0,13.813587403863528
sub-042,1,C,Cz,10.0,9.647638844482842
sub-042,1,C,Pz,10.0,4.766434924396235
sub-042,2,C,Fp1,15.0,12.117470007825258
sub-042,2,C,Fp2,15.0,9.932927178837387
sub-042,2,C,F3,15.0,-10.25948890425088
sub-042,2,C,F4,15.0,8.95599773914845
sub-042,2,C,C3,15.0,9.41595968668181
sub-042,2,C,C4,15.0,1.3596869594110326
sub-042,2,C,P3,15.0,8.344347074246826
sub-042,2,C,P4,15.0,-1.8383300836994523
sub-042,2,C,O1,15.0,-3.974409926338992
sub-042,2,C,O2,15.0,5.0621371841791
sub-042,2,C,F7,15.0,-2.9066305875497687
sub-042,2,C,F8,15.0,-3.0832867503167654
sub-042,2,C,T3,15.0,-1.0252082794611053
sub-042,2,C,T4,15.0,5.021338466955003
sub-042,2,C,T5,15.0,-2.6132700366578754
sub-042,2,C,T6,15.0,4.828311176780828
sub-042,2,C,Fz,15.0,5.786087308133105
sub-042,2,C,Cz,15.0,6.15637112005542
sub-042,2,C,Pz,15.0,5.543303287110675
sub-042,3,C,Fp1,20.0,12.200942143540956
sub-042,3,C,Fp2,20.0,0.6163755758125287
sub-042,3,C,F3,20.0,1.5409660653709676
sub-042,3,C,F4,20.0,-0.986608894323266
sub-042,3,C,C3,20.0,2.246355361339497
sub-042,3,C,C4,20.0,-3.9823845096865877
sub-042,3,C,P3,20.0,3.650365052862724
sub-042,3,C,P4,20.0,3.051843096698068
sub-042,3,C,O1,20.0,4.123039445867741
sub-042,3,C,O2,20.0,9.402747521806688
sub-042,3,C,F7,20.0,1.7173854115681022
sub-042,3,C,F8,20.0,-10.158846119496317
sub-042,3,C,T3,20.0,-10.972383302767199
sub-042,3,C,T4,20.0,-1.932744619090745
sub-042,3,C,T5,20.0,-12.086259801122788
sub-042,3,C,T6,20.0,9.311032039385816
sub-042,3,C,Fz,20.0,3.177988846604748
sub-042,3,C,Cz,20.0,2.8760582973348177
sub-042,3,C,Pz,20.0,2.594441827606422
sub-042,4,C,Fp1,5.0,2.5536033697974494
sub-042,4,C,Fp2,5.0,6.892304221792682
sub-042,4,C,F3,5.0,-6.868991320524954
sub-042,4,C,F4,5.0,-2.5022997299437275
sub-042,4,C,C3,5.0,13.86040107368201
sub-042,4,C,C4,5.0,3.544697929596387
sub-042,4,C,P3,5.0,8.875837686497048
sub-042,4,C,P4,5.0,4.644205769536856
sub-042,4,C,O1,5.0,-5.439352319209371
sub-042,4,C,O2,5.0,8.666786939977994
sub-042,4,C,F7,5.0,-0.19693651124132933
sub-042,4,C,F8,5.0,-1.6847558745122306
sub-042,4,C,T3,5.0,8.650738896254227
sub-042,4,C,T4,5.0,3.953358654484773
sub-042,4,C,T5,5.0,1.9139838170431096
sub-042,4,C,T6,5.0,1.8712618814221258
sub-042,4,C,Fz,5.0,-6.519631334222391
sub-042,4,C,Cz,5.0,10.386774311916732
sub-042,4,C,Pz,5.0,7.4072778188841895
sub-043,2,C,Fp1,15.0,-2.149139952018249
sub-043,2,C,Fp2,15.0,4.667333122543525
sub-043,2,C,F3,15.0,5.017274375139175
sub-043,2,C,F4,15.0,10.718311327641374
sub-043,2,C,C3,15.0,1.8736461434183567
sub-043,2,C,C4,15.0,9.048576737734496
sub-043,2,C,P3,15.0,9.851441842034887
sub-043,2,C,P4,15.0,1.9725744618631416
sub-043,2,C,O1,15.0,10.936634779944235
sub-043,2,C,O2,15.0,6.316724341727355
sub-043,2,C,F7,15.0,6.117451220560088
sub-043,2,C,F8,15.0,9.697102204091742
sub-043,2,C,T3,15.0,0.8081361682804893
sub-043,2,C,T4,15.0,8.51538394879061
sub-043,2,C,T5,15.0,7.276872123210944
sub-043,2,C,T6,15.0,-2.859205586981934
sub-043,2,C,Fz,15.0,8.113935490706504
sub-043,2,C,Cz,15.0,9.750771658447192
sub-043,2,C,Pz,15.0,7.654971900248323
sub-043,3,C,Fp1,20.0,14.058003637698128
sub-043,3,C,Fp2,20.0,12.241239002378157
sub-043,3,C,F3,20.0,20.78784290926078
sub-043,3,C,F4,20.0,16.360167985276355
sub-043,3,C,C3,20.0,-16.75591214198172
sub-043,3,C,C4,20.0,6.489721036196109
sub-043,3,C,P3,20.0,13.45732335404044
sub-043,3,C,P4,20.0,15.073269718115146
sub-043,3,C,O1,20.0,23.321405466357167
sub-043,3,C,O2,20.0,19.93691742978735
sub-043,3,C,F7,20.0,20.075358742363555
sub-043,3,C,F8,20.0,15.412755718664508
sub-043,3,C,T3,20.0,-1.859209469289858
sub-043,3,C,T4,20.0,6.837783719968858
sub-043,3,C,T5,20.0,14.525957438863813
sub-043,3,C,T6,20.0,6.664893764072756
sub-043,3,C,Fz,20.0,17.418740345396543
sub-043,3,C,Cz,20.0,8.114748160359094
sub-043,3,C,Pz,20.0,19.36874792173075
sub-044,0,C,Fp1,5.0,2.567750320037672
sub-044,0,C,Fp2,5.0,4.737549846250096
sub-044,0,C,F3,5.0,8.006819402654422
sub-044,0,C,F4,5.0,1.5250174456351098
sub-044,0,C,C3,5.0,2.899157112438973
sub-044,0,C,C4,5.0,0.44410736908413123
sub-044,0,C,P3,5.0,5.5845331559797575
sub-044,0,C,P4,5.0,6.2210586799061645
sub-044,0,C,O1,5.0,5.793352814044471
sub-044,0,C,O2,5.0,6.1304929221742555
sub-044,0,C,F7,5.0,-3.3204161871635307
sub-044,0,C,F8,5.0,-1.8099882276873946
sub-044,0,C,T3,5.0,4.7442604251156855
sub-044,0,C,T4,5.0,1.1434932589054396
sub-044,0,C,T5,5.0,8.29383435199878
sub-044,0,C,T6,5.0,8.427205732708776
sub-044,0,C,Fz,5.0,5.598952997442264
sub-044,0,C,Cz,5.0,5.951940164638074
sub-044,0,C,Pz,5.0,3.749573515669362
sub-044,1,C,Fp1,10.0,4.9027439231770975
sub-044,1,C,Fp2,10.0,3.407134045051883
sub-044,1,C,F3,10.0,-0.926542392112878
sub-044,1,C,F4,10.0,0.6698234910990869
sub-044,1,C,C3,10.0,-2.165094728988926
sub-044,1,C,C4,10.0,-3.298712388313821
sub-044,1,C,P3,10.0,9.449242399630812
sub-044,1,C,P4,10.0,4.692622817773039
sub-044,1,C,O1,10.0,6.553633413309927
sub-044,1,C,O2,10.0,5.320689508157782
sub-044,1,C,F7,10.0,-1.0192898297709714
sub-044,1,C,F8,10.0,6.7390103700983515
sub-044,1,C,T3,10.0,1.7415807758549684
sub-044,1,C,T4,10.0,1.1857796081306982
sub-044,1,C,T5,10.0,0.4145464085914996
sub-044,1,C,T6,10.0,1.2728249526775806
sub-044,1,C,Fz,10.0,0.5624516238709684
sub-044,1,C,Cz,10.0,0.353172633084367
sub-044,1,C,Pz,10.0,7.345059134987818
sub-044,2,C,Fp1,15.0,4.759492067255127
sub-044,2,C,Fp2,15.0,1.9741304037221914
sub-044,2,C,F3,15.0,7.42545104169775
sub-044,2,C,F4,15.0,7.314188797157611
sub-044,2,C,C3,15.0,1.9613714346784734
sub-044,2,C,C4,15.0,9.381784465954524
sub-044,2,C,P3,15.0,1.2340713667881062
sub-044,2,C,P4,15.0,3.405534908116536
sub-044,2,C,O1,15.0,6.155508546988498
sub-044,2,C,O2,15.0,-1.7032867442235775
sub-044,2,C,F7,15.0,0.9628786214548057
sub-044,2,C,F8,15.0,2.996040359082987
sub-044,2,C,T3,15.0,-6.428075128386669
sub-044,2,C,T4,15.0,-6.10763075675218
sub-044,2,C,T5,15.0,2.1544562741189024
sub-044,2,C,T6,15.0,5.317647837881086
sub-044,2,C,Fz,15.0,7.8509621994989836
sub-044,2,C,Cz,15.0,7.806806232792765
sub-044,2,C,Pz,15.0,2.698377549409774
sub-044,3,C,Fp1,20.0,1.7412948793828333
sub-044,3,C,Fp2,20.0,1.4845460606109782
sub-044,3,C,F3,20.0,-0.27694723488072004
sub-044,3,C,F4,20.0,2.546897179162512
sub-044,3,C,C3,20.0,0.2619327645241374
sub-044,3,C,C4,20.0,4.896912284790813
sub-044,3,C,P3,20.0,0.6310014925443154
sub-044,3,C,P4,20.0,-1.2612748518247632
sub-044,3,C,O1,20.0,8.24945687885117
sub-044,3,C,O2,20.0,8.163167829019061
sub-044,3,C,F7,20.0,-0.4011224139013294
sub-044,3,C,F8,20.0,-4.512300352309197
sub-044,3,C,T3,20.0,-3.340662555493024
sub-044,3,C,T4,20.0,-0.8073353075118367
sub-044,3,C,T5,20.0,-0.1067474562317724
sub-044,3,C,T6,20.0,4.995123037139945
sub-044,3,C,Fz,20.0,0.1066205575672722
sub-044,3,C,Cz,20.0,0.4407443327520383
sub-044,3,C,Pz,20.0,5.4661340118621995
sub-044,4,C,Fp1,5.0,-16.99192298786924
sub-044,4,C,Fp2,5.0,-9.566705314906335
sub-044,4,C,F3,5.0,-3.7839728762033538
sub-044,4,C,F4,5.0,-1.806421982822778
sub-044,4,C,C3,5.0,-2.3095903196050442
sub-044,4,C,C4,5.0,-4.984138616893618
sub-044,4,C,P3,5.0,-6.6240106657850735
sub-044,4,C,P4,5.0,-5.851441416426023
sub-044,4,C,O1,5.0,0.1977427341345125
sub-044,4,C,O2,5.0,-1.753206213082895
sub-044,4,C,F7,5.0,-2.13205602920668
sub-044,4,C,F8,5.0,0.9858238349062322
sub-044,4,C,T3,5.0,-22.797478136606195
sub-044,4,C,T4,5.0,-2.0546223652436852
sub-044,4,C,T5,5.0,-3.122827912259871
sub-044,4,C,T6,5.0,-3.1177112412210373
sub-044,4,C,Fz,5.0,-2.2081607896104116
sub-044,4,C,Cz,5.0,-0.4104637382513766
sub-044,4,C,Pz,5.0,-20.931479279693626
sub-045,0,C,Fp1,5.0,-15.937024099874794
sub-045,0,C,Fp2,5.0,-15.503749920630733
sub-045,0,C,F3,5.0,-12.737984896266752
sub-045,0,C,F4,5.0,-4.052378720244441
sub-045,0,C,C3,5.0,-5.929630344376745
sub-045,0,C,C4,5.0,-10.479710539782594
sub-045,0,C,P3,5.0,-9.71079152184975
sub-045,0,C,P4,5.0,-15.830425128175731
sub-045,0,C,O1,5.0,-5.396222118876068
sub-045,0,C,O2,5.0,-14.804914875548656
sub-045,0,C,F7,5.0,-3.09093681549738
sub-045,0,C,F8,5.0,-3.5662925481529513
sub-045,0,C,T3,5.0,-9.365625363350413
sub-045,0,C,T4,5.0,-9.192465675218287
sub-045,0,C,T5,5.0,-7.051633428836364
sub-045,0,C,T6,5.0,-11.300015437603017
sub-045,0,C,Fz,5.0,-5.081418393943644
sub-045,0,C,Cz,5.0,-16.246135316470948
sub-045,0,C,Pz,5.0,-8.05426759802459
sub-045,1,C,Fp1,10.0,-11.037851958841658
sub-045,1,C,Fp2,10.0,-5.09775700633901
sub-045,1,C,F3,10.0,3.427860283904758
sub-045,1,C,F4,10.0,3.3766731304005715
sub-045,1,C,C3,10.0,-0.35078882167210335
sub-045,1,C,C4,10.0,-1.4320381293141882
sub-045,1,C,P3,10.0,-11.10602863905412
sub-045,1,C,P4,10.0,-10.773001598631087
sub-045,1,C,O1,10.0,-1.3834124373306997
sub-045,1,C,O2,10.0,4.684224496029505
sub-045,1,C,F7,10.0,-2.6307672730382303
sub-045,1,C,F8,10.0,-6.269037913512708
sub-045,1,C,T3,10.0,1.4254999651909288
sub-045,1,C,T4,10.0,-2.7531946690653823
sub-045,1,C,T5,10.0,-4.323780752844087
sub-045,1,C,T6,10.0,5.052611364764164
sub-045,1,C,Fz,10.0,0.9593425415952733
sub-045,1,C,Cz,10.0,2.481128077003269
sub-045,1,C,Pz,10.0,-6.324078445761307
sub-045,2,C,Fp1,15.0,6.208663408488645
sub-045,2,C,Fp2,15.0,5.586816535809355
sub-045,2,C,F3,15.0,2.3879336185160702
sub-045,2,C,F4,15.0,-0.16867331687719087
sub-045,2,C,C3,15.0,4.373386884423426
sub-045,2,C,C4,15.0,-4.29273004066176
sub-045,2,C,P3,15.0,9.827449572971258
sub-045,2,C,P4,15.0,2.972759747038656
sub-045,2,C,O1,15.0,12.093203456021396
sub-045,2,C,O2,15.0,7.463605835377436
sub-045,2,C,F7,15.0,5.658034966825955
sub-045,2,C,F8,15.0,-10.75376327539535
sub-045,2,C,T3,15.0,0.7816093639144196
sub-045,2,C,T4,15.0,1.5070457071794776
sub-045,2,C,T5,15.0,12.107922699547055
sub-045,2,C,T6,15.0,6.397983249487892
sub-045,2,C,Fz,15.0,-3.3990446115434114
sub-045,2,C,Cz,15.0,-2.7341985494116012
sub-045,2,C,Pz,15.0,-3.377500472353638
sub-045,6,C,Fp1,10.0,3.6514005754933674
sub-045,6,C,Fp2,10.0,2.8168319227334604
sub-045,6,C,F3,10.0,-1.6269525741641486
sub-045,6,C,F4,10.0,2.561737895883771
sub-045,6,C,C3,10.0,5.05762930835873
sub-045,6,C,C4,10.0,7.811797344538977
sub-045,6,C,P3,10.0,-1.3825140058092664
sub-045,6,C,P4,10.0,-3.747442013762475
sub-045,6,C,O1,10.0,2.102132044732078
sub-045,6,C,O2,10.0,-0.6858964471105247
sub-045,6,C,F7,10.0,1.9257681466451873
sub-045,6,C,F8,10.0,6.029207843452914
sub-045,6,C,T3,10.0,-10.751501996858588
sub-045,6,C,T4,10.0,6.71774501395841
sub-045,6,C,T5,10.0,-1.888628101917178
sub-045,6,C,T6,10.0,-3.494744364901965
sub-045,6,C,Fz,10.0,-8.890491695085696
sub-045,6,C,Cz,10.0,0.10900446494201806
sub-045,6,C,Pz,10.0,-5.039410733716169
sub-046,0,C,Fp1,5.0,10.599155423967964
sub-046,0,C,Fp2,5.0,5.656999865016265
sub-046,0,C,F3,5.0,12.370052733336355
sub-046,0,C,F4,5.0,4.313094624628523
sub-046,0,C,C3,5.0,3.7543342730649467
sub-046,0,C,C4,5.0,-9.295591691211134
sub-046,0,C,P3,5.0,6.13213025524033
sub-046,0,C,P4,5.0,10.791326156958998
sub-046,0,C,O1,5.0,11.277625300212568
sub-046,0,C,O2,5.0,12.876334097692666
sub-046,0,C,F7,5.0,10.01099311111796
sub-046,0,C,F8,5.0,4.764137982586061
sub-046,0,C,T3,5.0,4.122321408040222
sub-046,0,C,T4,5.0,3.6885737736709947
sub-046,0,C,T5,5.0,4.015900832562216
sub-046,0,C,T6,5.0,12.86012154689011
sub-046,0,C,Fz,5.0,11.733370365846012
sub-046,0,C,Cz,5.0,11.799774938006964
sub-046,0,C,Pz,5.0,11.003778582256185
sub-046,1,C,Fp1,10.0,10.704829330530742
sub-046,1,C,Fp2,10.0,6.072097670937655
sub-046,1,C,F3,10.0,10.185735078112984
sub-046,1,C,F4,10.0,9.324949377207828
sub-046,1,C,C3,10.0,6.609833511320947
sub-046,1,C,C4,10.0,0.879638870706848
sub-046,1,C,P3,10.0,1.6370559121059038
sub-046,1,C,P4,10.0,8.172905751761212
sub-046,1,C,O1,10.0,7.483887505443278
sub-046,1,C,O2,10.0,11.419609542050317
sub-046,1,C,F7,10.0,9.265269618752418
sub-046,1,C,F8,10.0,-0.36908081063419773
sub-046,1,C,T3,10.0,7.44136878350536
sub-046,1,C,T4,10.0,2.10026998811722
sub-046,1,C,T5,10.0,6.438278495986701
sub-046,1,C,T6,10.0,10.282385184030362
sub-046,1,C,Fz,10.0,10.857343806793125
sub-046,1,C,Cz,10.0,9.544155676485671
sub-046,1,C,Pz,10.0,1.6053815198061503
sub-046,2,C,Fp1,15.0,4.243982632332369
sub-046,2,C,Fp2,15.0,5.702650195305016
sub-046,2,C,F3,15.0,-8.126984764864169
sub-046,2,C,F4,15.0,6.991130227284444
sub-046,2,C,C3,15.0,-7.585996152545226
sub-046,2,C,C4,15.0,-1.955622107266051
sub-046,2,C,P3,15.0,-6.142193524644156
sub-046,2,C,P4,15.0,9.753028460072876
sub-046,2,C,O1,15.0,9.819815981134614
sub-046,2,C,O2,15.0,11.317650682797694
sub-046,2,C,F7,15.0,-4.773635924578176
sub-046,2,C,F8,15.0,-3.8209960980752973
sub-046,2,C,T3,15.0,1.9669193898062205
sub-046,2,C,T4,15.0,-0.8789484143270619
sub-046,2,C,T5,15.0,12.876263334331213
sub-046,2,C,T6,15.0,10.485891140605546
sub-046,2,C,Fz,15.0,4.090342583176889
sub-046,2,C,Cz,15.0,3.5000119608004447
sub-046,2,C,Pz,15.0,5.7776215858069735
sub-046,3,C,Fp1,20.0,5.007932602178712
sub-046,3,C,Fp2,20.0,8.295236073742196
sub-046,3,C,F3,20.0,6.498881984068818
sub-046,3,C,F4,20.0,7.979957634596739
sub-046,3,C,C3,20.0,-1.383176032505855
sub-046,3,C,C4,20.0,2.532507788197791
sub-046,3,C,P3,20.0,7.565591224187578
sub-046,3,C,P4,20.0,5.519974190722758
sub-046,3,C,O1,20.0,10.761439132351803
sub-046,3,C,O2,20.0,11.598418496428188
sub-046,3,C,F7,20.0,4.178390509685054
sub-046,3,C,F8,20.0,8.924572984839553
sub-046,3,C,T3,20.0,-0.4852409709712275
sub-046,3,C,T4,20.0,5.220695142854081
sub-046,3,C,T5,20.0,3.6030235102503614
sub-046,3,C,T6,20.0,1.540226821657567
sub-046,3,C,Fz,20.0,8.68499263445879
sub-046,3,C,Cz,20.0,-8.346868709953487
sub-046,3,C,Pz,20.0,8.197509260424434
sub-046,4,C,Fp1,5.0,8.497606498670322
sub-046,4,C,Fp2,5.0,7.46530494931278
sub-046,4,C,F3,5.0,-4.2534420984748165
sub-046,4,C,F4,5.0,-0.2027971451835704
sub-046,4,C,C3,5.0,6.2185276743493265
sub-046,4,C,C4,5.0,-1.0561905636717168
sub-046,4,C,P3,5.0,6.650128042372485
sub-046,4,C,P4,5.0,1.3203482815385914
sub-046,4,C,O1,5.0,6.918183339224177
sub-046,4,C,O2,5.0,7.135125354059953
sub-046,4,C,F7,5.0,0.27719805432457434
sub-046,4,C,F8,5.0,2.696604526103885
sub-046,4,C,T3,5.0,-5.563019762596967
sub-046,4,C,T4,5.0,-2.272280452819518
sub-046,4,C,T5,5.0,-3.145802987043704
sub-046,4,C,T6,5.0,0.07627642066513746
sub-046,4,C,Fz,5.0,1.2996644676870424
sub-046,4,C,Cz,5.0,3.3520955634350047
sub-046,4,C,Pz,5.0,9.778039307351156
sub-047,0,C,Fp1,5.0,1.9070752567881366
sub-047,0,C,Fp2,5.0,-5.571062846844982
sub-047,0,C,F3,5.0,3.2751419875208136
sub-047,0,C,F4,5.0,2.10633900224149
sub-047,0,C,C3,5.0,-0.07805237651092475
sub-047,0,C,C4,5.0,6.0802705598559035
sub-047,0,C,P3,5.0,1.8466136336137173
sub-047,0,C,P4,5.0,-3.482664060647478
sub-047,0,C,O1,5.0,7.599600966681809
sub-047,0,C,O2,5.0,-4.841975238429875
sub-047,0,C,F7,5.0,4.037163198150332
sub-047,0,C,F8,5.0,4.186389654881753
sub-047,0,C,T3,5.0,-1.616283149315164
sub-047,0,C,T4,5.0,2.6764330059742973
sub-047,0,C,T5,5.0,10.225706439886178
sub-047,0,C,T6,5.0,0.07658679353253528
sub-047,0,C,Fz,5.0,2.327882223282178
sub-047,0,C,Cz,5.0,2.9992388043268314
sub-047,0,C,Pz,5.0,-0.0856202483316519
sub-047,1,C,Fp1,10.0,7.369271662079802
sub-047,1,C,Fp2,10.0,7.2599545016675044
sub-047,1,C,F3,10.0,6.853630005355734
sub-047,1,C,F4,10.0,2.9276764972634495
sub-047,1,C,C3,10.0,8.303279415288893
sub-047,1,C,C4,10.0,3.539698945339898
sub-047,1,C,P3,10.0,10.308693359164423
sub-047,1,C,P4,10.0,8.130688974062897
sub-047,1,C,O1,10.0,7.670626215738626
sub-047,1,C,O2,10.0,6.808078497712105
sub-047,1,C,F7,10.0,10.260090898645277
sub-047,1,C,F8,10.0,7.626351906752751
sub-047,1,C,T3,10.0,6.1887606883797055
sub-047,1,C,T4,10.0,7.0559059429057
sub-047,1,C,T5,10.0,-6.011472085264611
sub-047,1,C,T6,10.0,6.7802547059684235
sub-047,1,C,Fz,10.0,2.8352160068724075
sub-047,1,C,Cz,10.0,9.056776845172891
sub-047,1,C,Pz,10.0,13.458600685890918
sub-047,2,C,Fp1,15.0,5.358119468634524
sub-047,2,C,Fp2,15.0,5.845539694837009
sub-047,2,C,F3,15.0,5.901475106942298
sub-047,2,C,F4,15.0,5.133931328560539
sub-047,2,C,C3,15.0,-1.8288156012051977
sub-047,2,C,C4,15.0,4.5992429106985595
sub-047,2,C,P3,15.0,11.48695430411265
sub-047,2,C,P4,15.0,1.293912898743098
sub-047,2,C,O1,15.0,13.074075107914949
sub-047,2,C,O2,15.0,9.368556901091733
sub-047,2,C,F7,15.0,1.0778819386564868
sub-047,2,C,F8,15.0,10.19496304017084
sub-047,2,C,T3,15.0,-0.454439431027878
sub-047,2,C,T4,15.0,3.104711016136422
sub-047,2,C,T5,15.0,12.02959459178118
sub-047,2,C,T6,15.0,0.05807429415619184
sub-047,2,C,Fz,15.0,10.871854907421117
sub-047,2,C,Cz,15.0,7.951133388309662
sub-047,2,C,Pz,15.0,9.773446537016165
sub-047,3,C,Fp1,20.0,9.059136060550536
sub-047,3,C,Fp2,20.0,11.368864186034951
sub-047,3,C,F3,20.0,5.047944973476578
sub-047,3,C,F4,20.0,14.135340527344551
sub-047,3,C,C3,20.0,1.8829281711056434
sub-047,3,C,C4,20.0,7.460148502497513
sub-047,3,C,P3,20.0,13.966586422101239
sub-047,3,C,P4,20.0,6.007426971322457
sub-047,3,C,O1,20.0,14.912759106247854
sub-047,3,C,O2,20.0,11.538634560190669
sub-047,3,C,F7,20.0,5.923595678733565
sub-047,3,C,F8,20.0,11.545832823708773
sub-047,3,C,T3,20.0,1.5535152497148417
sub-047,3,C,T4,20.0,5.433859183167964
sub-047,3,C,T5,20.0,9.54228887484134
sub-047,3,C,T6,20.0,3.160801144533958
sub-047,3,C,Fz,20.0,7.837863701705283
sub-047,3,C,Cz,20.0,4.463854254759819
sub-047,3,C,Pz,20.0,14.373984552017214
sub-047,4,C,Fp1,10.0,9.050733414966285
sub-047,4,C,Fp2,10.0,7.859268211899914
sub-047,4,C,F3,10.0,4.448353868191573
sub-047,4,C,F4,10.0,-1.602376626872801
sub-047,4,C,C3,10.0,9.915932849459757
sub-047,4,C,C4,10.0,14.888675383196011
sub-047,4,C,P3,10.0,13.354696602141779
sub-047,4,C,P4,10.0,-6.8858795652266425
sub-047,4,C,O1,10.0,-0.5623770825489487
sub-047,4,C,O2,10.0,-4.901596868027099
sub-047,4,C,F7,10.0,2.78169481984547
sub-047,4,C,F8,10.0,7.541613427122426
sub-047,4,C,T3,10.0,12.566896429210892
sub-047,4,C,T4,10.0,5.6279783427363
sub-047,4,C,T5,10.0,3.3276670674003506
sub-047,4,C,T6,10.0,1.5470539009031201
sub-047,4,C,Fz,10.0,5.55419507719344
sub-047,4,C,Cz,10.0,13.06015616027782
sub-047,4,C,Pz,10.0,15.136101364828672
sub-048,0,C,Fp1,5.0,-8.727351598319107
sub-048,0,C,Fp2,5.0,-7.447578935880431
sub-048,0,C,F3,5.0,-7.9092154330268984
sub-048,0,C,F4,5.0,1.5519817660152566
sub-048,0,C,C3,5.0,-4.46916018374005
sub-048,0,C,C4,5.0,5.500517182409068
sub-048,0,C,P3,5.0,-2.132436179916077
sub-048,0,C,P4,5.0,-9.367779449440022
sub-048,0,C,O1,5.0,0.06582985346553757
sub-048,0,C,O2,5.0,-2.6355046064898726
sub-048,0,C,F7,5.0,-4.325919024469592
sub-048,0,C,F8,5.0,-0.3348351379198375
sub-048,0,C,T3,5.0,4.935908276884394
sub-048,0,C,T4,5.0,4.013780533094075
sub-048,0,C,T5,5.0,0.40574751672892073
sub-048,0,C,T6,5.0,-1.9643527920001391
sub-048,0,C,Fz,5.0,2.1113062584792535
sub-048,0,C,Cz,5.0,-10.465683197246868
sub-048,0,C,Pz,5.0,2.2710032349422367
sub-048,2,C,Fp1,15.0,3.7268960120642785
sub-048,2,C,Fp2,15.0,7.483647566677984
sub-048,2,C,F3,15.0,2.9868491047984547
sub-048,2,C,F4,15.0,4.336182029641458
sub-048,2,C,C3,15.0,2.44032931041382
sub-048,2,C,C4,15.0,2.137336962989928
sub-048,2,C,P3,15.0,7.432021859944836
sub-048,2,C,P4,15.0,3.692490533142963
sub-048,2,C,O1,15.0,8.762411820246031
sub-048,2,C,O2,15.0,8.365631535973577
sub-048,2,C,F7,15.0,-1.9375414370834467
sub-048,2,C,F8,15.0,8.779138398514124
sub-048,2,C,T3,15.0,-0.1938990208178195
sub-048,2,C,T4,15.0,8.582474579207467
sub-048,2,C,T5,15.0,10.459964527329916
sub-048,2,C,T6,15.0,6.371684439272757
sub-048,2,C,Fz,15.0,4.4274649871373075
sub-048,2,C,Cz,15.0,8.188587888448506
sub-048,2,C,Pz,15.0,9.480223265491258
sub-048,3,C,Fp1,20.0,6.066162810598989
sub-048,3,C,Fp2,20.0,3.663204525823107
sub-048,3,C,F3,20.0,-1.9760537068563373
sub-048,3,C,F4,20.0,-4.613644140878016
sub-048,3,C,C3,20.0,-1.7139736253235531
sub-048,3,C,C4,20.0,7.531922109743938
sub-048,3,C,P3,20.0,0.4710234128028703
sub-048,3,C,P4,20.0,8.51969331601244
sub-048,3,C,O1,20.0,8.561906656807315
sub-048,3,C,O2,20.0,9.107797542725681
sub-048,3,C,F7,20.0,1.069714385556341
sub-048,3,C,F8,20.0,4.719790452683696
sub-048,3,C,T3,20.0,5.709971903304894
sub-048,3,C,T4,20.0,4.601132728887142
sub-048,3,C,T5,20.0,7.52918755543996
sub-048,3,C,T6,20.0,4.5587365365866335
sub-048,3,C,Fz,20.0,-1.9040633901903472
sub-048,3,C,Cz,20.0,8.16111331475869
sub-048,3,C,Pz,20.0,6.863002981296004
sub-048,4,C,Fp1,5.0,3.7560112741737783
sub-048,4,C,Fp2,5.0,4.441090257459678
sub-048,4,C,F3,5.0,3.7067511765766836
sub-048,4,C,F4,5.0,0.5254302040547923
sub-048,4,C,C3,5.0,11.764679415462515
sub-048,4,C,C4,5.0,4.781646606644879
sub-048,4,C,P3,5.0,12.24129133270761
sub-048,4,C,P4,5.0,2.413036534498199
sub-048,4,C,O1,5.0,6.191549438362686
sub-048,4,C,O2,5.0,4.532400291375619
sub-048,4,C,F7,5.0,3.2378020258016846
sub-048,4,C,F8,5.0,8.448895783343108
sub-048,4,C,T3,5.0,1.275494907107556
sub-048,4,C,T4,5.0,13.939063418167738
sub-048,4,C,T5,5.0,-3.556439081832261
sub-048,4,C,T6,5.0,6.13992077215452
sub-048,4,C,Fz,5.0,-5.284863302479269
sub-048,4,C,Cz,5.0,9.165658033736399
sub-048,4,C,Pz,5.0,9.743983551921461
sub-049,0,C,Fp1,5.0,-5.097567116825487
sub-049,0,C,Fp2,5.0,-21.35923913657193
sub-049,0,C,F3,5.0,-5.762439069946494
sub-049,0,C,F4,5.0,-1.192279355428245
sub-049,0,C,C3,5.0,-3.4352066207913543
sub-049,0,C,C4,5.0,-3.230519174644943
sub-049,0,C,P3,5.0,-4.5817904268481655
sub-049,0,C,P4,5.0,-6.456718258114349
sub-049,0,C,O1,5.0,-2.72438020518726
sub-049,0,C,O2,5.0,-6.783764806078877
sub-049,0,C,F7,5.0,6.133904834699468
sub-049,0,C,F8,5.0,5.72267439098395
sub-049,0,C,T3,5.0,-2.844240938957365
sub-049,0,C,T4,5.0,1.4817502070518955
sub-049,0,C,T5,5.0,0.9186317515282691
sub-049,0,C,T6,5.0,-0.035361775483028185
sub-049,0,C,Fz,5.0,-8.138469877522596
sub-049,0,C,Cz,5.0,3.3891616747222457
sub-049,0,C,Pz,5.0,3.692670166544188
sub-049,1,C,Fp1,10.0,1.070236285170609
sub-049,1,C,Fp2,10.0,-4.081016526042775
sub-049,1,C,F3,10.0,7.642737751673943
sub-049,1,C,F4,10.0,-1.2549711639939798
sub-049,1,C,C3,10.0,2.5237667321782182
sub-049,1,C,C4,10.0,3.9493813594204425
sub-049,1,C,P3,10.0,6.5977176004909
sub-049,1,C,P4,10.0,9.055517605209474
sub-049,1,C,O1,10.0,3.5102663486378987
sub-049,1,C,O2,10.0,12.589731375813471
sub-049,1,C,F7,10.0,10.377731448566013
sub-049,1,C,F8,10.0,-4.077895501020865
sub-049,1,C,T3,10.0,8.585354165560897
sub-049,1,C,T4,10.0,3.8784297486804338
sub-049,1,C,T5,10.0,4.000496921442691
sub-049,1,C,T6,10.0,10.575778015730089
sub-049,1,C,Fz,10.0,6.731402887357674
sub-049,1,C,Cz,10.0,2.3865544504911207
sub-049,1,C,Pz,10.0,13.382529478856462
sub-049,2,C,Fp1,15.0,8.029468301480088
sub-049,2,C,Fp2,15.0,7.682449827966873
sub-049,2,C,F3,15.0,10.48471026553614
sub-049,2,C,F4,15.0,14.780869141420625
sub-049,2,C,C3,15.0,4.77297275130128
sub-049,2,C,C4,15.0,13.689664007590139
sub-049,2,C,P3,15.0,15.260488700654182
sub-049,2,C,P4,15.0,9.982082262498702
sub-049,2,C,O1,15.0,19.92223072499013
sub-049,2,C,O2,15.0,14.662449083461851
sub-049,2,C,F7,15.0,7.664435155143864
sub-049,2,C,F8,15.0,13.288212284748667
sub-049,2,C,T3,15.0,0.9119179683444688
sub-049,2,C,T4,15.0,12.107642325980535
sub-049,2,C,T5,15.0,14.114762021166944
sub-049,2,C,T6,15.0,15.560130448221042
sub-049,2,C,Fz,15.0,10.194935960955267
sub-049,2,C,Cz,15.0,-2.1754894519197245
sub-049,2,C,Pz,15.0,15.413354673175538
sub-049,3,C,Fp1,20.0,13.237965135801142
sub-049,3,C,Fp2,20.0,10.519537991542173
sub-049,3,C,F3,20.0,12.822363653046105
sub-049,3,C,F4,20.0,10.180804710564535
sub-049,3,C,C3,20.0,-0.9990500329677509
sub-049,3,C,C4,20.0,6.469034172231317
sub-049,3,C,P3,20.0,4.062756730614131
sub-049,3,C,P4,20.0,6.6050678928919515
sub-049,3,C,O1,20.0,22.264993891610935
sub-049,3,C,O2,20.0,18.282240122879372
sub-049,3,C,F7,20.0,12.700083317717434
sub-049,3,C,F8,20.0,10.771363318335679
sub-049,3,C,T3,20.0,7.142483372403517
sub-049,3,C,T4,20.0,6.4897091859616705
sub-049,3,C,T5,20.0,14.486792158430603
sub-049,3,C,T6,20.0,11.39941244698167
sub-049,3,C,Fz,20.0,11.729440050100099
sub-049,3,C,Cz,20.0,1.9462562042339517
sub-049,3,C,Pz,20.0,10.522915632340768
sub-049,4,C,Fp1,5.0,13.546253871139168
sub-049,4,C,Fp2,5.0,6.197767237151521
sub-049,4,C,F3,5.0,8.160918300631716
sub-049,4,C,F4,5.0,1.7464742941196936
sub-049,4,C,C3,5.0,1.7879664626707392
sub-049,4,C,C4,5.0,5.074551156802757
sub-049,4,C,P3,5.0,-4.623080335708752
sub-049,4,C,P4,5.0,4.119958373975826
sub-049,4,C,O1,5.0,2.879039486095105
sub-049,4,C,O2,5.0,0.21332305010452027
sub-049,4,C,F7,5.0,4.054117234179077
sub-049,4,C,F8,5.0,4.995784076681508
sub-049,4,C,T3,5.0,4.4229726381804495
sub-049,4,C,T4,5.0,8.332898489184863
sub-049,4,C,T5,5.0,-4.4486871176085145
sub-049,4,C,T6,5.0,2.4594252723571746
sub-049,4,C,Fz,5.0,2.87650123780248
sub-049,4,C,Cz,5.0,7.0741155237660225
sub-049,4,C,Pz,5.0,8.197497576761174
sub-050,0,C,Fp1,5.0,-0.4759997080798622
sub-050,0,C,Fp2,5.0,0.10222848268853557
sub-050,0,C,F3,5.0,0.9498661857852209
sub-050,0,C,F4,5.0,-0.3338723930111708
sub-050,0,C,C3,5.0,-0.20507146889035155
sub-050,0,C,C4,5.0,-1.1602587034895915
sub-050,0,C,P3,5.0,-2.1244296821003337
sub-050,0,C,P4,5.0,-2.3932182849337744
sub-050,0,C,O1,5.0,2.7070528187879472
sub-050,0,C,O2,5.0,4.803529619968558
sub-050,0,C,F7,5.0,-2.5876973306513635
sub-050,0,C,F8,5.0,-0.5599942976309882
sub-050,0,C,T3,5.0,2.373864418207068
sub-050,0,C,T4,5.0,1.8964073224628408
sub-050,0,C,T5,5.0,2.010634351608317
sub-050,0,C,T6,5.0,2.755931401114502
sub-050,0,C,Fz,5.0,2.3787677186450598
sub-050,0,C,Cz,5.0,-0.8960495644561262
sub-050,0,C,Pz,5.0,-2.8506997710721023
sub-050,1,C,Fp1,10.0,12.36167281216699
sub-050,1,C,Fp2,10.0,9.868051646692837
sub-050,1,C,F3,10.0,5.135373857963507
sub-050,1,C,F4,10.0,-5.3281734638406615
sub-050,1,C,C3,10.0,9.595463061853225
sub-050,1,C,C4,10.0,7.185283061886244
sub-050,1,C,P3,10.0,7.007744143811738
sub-050,1,C,P4,10.0,10.511230891053593
sub-050,1,C,O1,10.0,0.41126447730899357
sub-050,1,C,O2,10.0,13.752942634274131
sub-050,1,C,F7,10.0,9.145794249777488
sub-050,1,C,F8,10.0,4.795749426517421
sub-050,1,C,T3,10.0,3.215264215486444
sub-050,1,C,T4,10.0,3.938106795969598
sub-050,1,C,T5,10.0,5.3473018881647825
sub-050,1,C,T6,10.0,7.838943615708893
sub-050,1,C,Fz,10.0,-0.1197576885603565
sub-050,1,C,Cz,10.0,15.607984142593054
sub-050,1,C,Pz,10.0,9.857727928108345
sub-050,2,C,Fp1,15.0,14.938425944662434
sub-050,2,C,Fp2,15.0,14.286838230538612
sub-050,2,C,F3,15.0,5.153731857044548
sub-050,2,C,F4,15.0,13.180289302597814
sub-050,2,C,C3,15.0,5.12318105328153
sub-050,2,C,C4,15.0,-5.768540826402234
sub-050,2,C,P3,15.0,19.02963440014214
sub-050,2,C,P4,15.0,17.668243165169624
sub-050,2,C,O1,15.0,13.257281517453112
sub-050,2,C,O2,15.0,9.308729212467075
sub-050,2,C,F7,15.0,16.119181186985724
sub-050,2,C,F8,15.0,17.575526931279878
sub-050,2,C,T3,15.0,10.902940334990785
sub-050,2,C,T4,15.0,9.789314460036373
sub-050,2,C,T5,15.0,4.7250065918759345
sub-050,2,C,T6,15.0,3.2709188384168026
sub-050,2,C,Fz,15.0,5.091077167923394
sub-050,2,C,Cz,15.0,8.811982247030501
sub-050,2,C,Pz,15.0,18.752036206561666
sub-050,3,C,Fp1,20.0,3.58198164847606
sub-050,3,C,Fp2,20.0,3.8554402542621418
sub-050,3,C,F3,20.0,-1.378622570604672
sub-050,3,C,F4,20.0,-2.07360556887615
sub-050,3,C,C3,20.0,5.268628109194609
sub-050,3,C,C4,20.0,5.131385974289145
sub-050,3,C,P3,20.0,7.2095736902118155
sub-050,3,C,P4,20.0,5.045716266999457
sub-050,3,C,O1,20.0,-3.204141802749931
sub-050,3,C,O2,20.0,1.2973151007785706
sub-050,3,C,F7,20.0,3.2475436261569617
sub-050,3,C,F8,20.0,6.300014535292224
sub-050,3,C,T3,20.0,3.94012623556237
sub-050,3,C,T4,20.0,6.725131132489629
sub-050,3,C,T5,20.0,0.7287337332241111
sub-050,3,C,T6,20.0,4.2383845301985374
sub-050,3,C,Fz,20.0,-6.049603117757511
sub-050,3,C,Cz,20.0,7.3933655130608935
sub-050,3,C,Pz,20.0,10.31408912582624
sub-050,4,C,Fp1,5.0,5.6437392785116804
sub-050,4,C,Fp2,5.0,5.4434611895903195
sub-050,4,C,F3,5.0,-8.946036682524264
sub-050,4,C,F4,5.0,3.3606795419392634
sub-050,4,C,C3,5.0,2.253720995679836
sub-050,4,C,C4,5.0,8.771663067645317
sub-050,4,C,P3,5.0,1.2046312824375691
sub-050,4,C,P4,5.0,6.368683385649987
sub-050,4,C,O1,5.0,8.866508068663077
sub-050,4,C,O2,5.0,9.763040588676748
sub-050,4,C,F7,5.0,5.286773524586156
sub-050,4,C,F8,5.0,6.127015443268156
sub-050,4,C,T3,5.0,8.2462464315175
sub-050,4,C,T4,5.0,5.409820683129273
sub-050,4,C,T5,5.0,11.066232525016824
sub-050,4,C,T6,5.0,5.50868515125571
sub-050,4,C,Fz,5.0,3.8710225981316153
sub-050,4,C,Cz,5.0,9.551224703656853
sub-050,4,C,Pz,5.0,12.620479078403616
sub-051,0,C,Fp1,5.0,-2.3230948155720843
sub-051,0,C,Fp2,5.0,-3.666828402628201
sub-051,0,C,F3,5.0,-4.947912814091009
sub-051,0,C,F4,5.0,-2.9016213233655384
sub-051,0,C,C3,5.0,-2.6836360908314734
sub-051,0,C,C4,5.0,-1.4172861020118799
sub-051,0,C,P3,5.0,-6.9487946306470985
sub-051,0,C,P4,5.0,-4.781228172540896
sub-051,0,C,O1,5.0,-4.032527331889054
sub-051,0,C,O2,5.0,-0.2687920583295438
sub-051,0,C,F7,5.0,1.7211939188626733
sub-051,0,C,F8,5.0,-0.7574066671806994
sub-051,0,C,T3,5.0,-0.24031259157632545
sub-051,0,C,T4,5.0,-3.891022090582715
sub-051,0,C,T5,5.0,-0.2883682238378511
sub-051,0,C,T6,5.0,-5.421584137424223
sub-051,0,C,Fz,5.0,-8.198569208101228
sub-051,0,C,Cz,5.0,-0.8736268883928846
sub-051,0,C,Pz,5.0,-8.06327849730164
sub-051,1,C,Fp1,10.0,8.114279994275673
sub-051,1,C,Fp2,10.0,2.2755418227135733
sub-051,1,C,F3,10.0,5.460361361965001
sub-051,1,C,F4,10.0,-0.3399407107484584
sub-051,1,C,C3,10.0,3.671325616666723
sub-051,1,C,C4,10.0,-5.228370584461564
sub-051,1,C,P3,10.0,-1.2984852868561034
sub-051,1,C,P4,10.0,3.1928290558695838
sub-051,1,C,O1,10.0,10.559212890124519
sub-051,1,C,O2,10.0,17.197880131527832
sub-051,1,C,F7,10.0,2.086673125897778
sub-051,1,C,F8,10.0,-7.166284782002359
sub-051,1,C,T3,10.0,-1.8777012040948529
sub-051,1,C,T4,10.0,-10.35514552250053
sub-051,1,C,T5,10.0,-0.26655052182760886
sub-051,1,C,T6,10.0,1.3257919633147408
sub-051,1,C,Fz,10.0,10.08489358503243
sub-051,1,C,Cz,10.0,3.2590687403539005
sub-051,1,C,Pz,10.0,0.8778828232355207
sub-051,2,C,Fp1,15.0,13.812928248894515
sub-051,2,C,Fp2,15.0,4.598709743957739
sub-051,2,C,F3,15.0,9.84170263310541
sub-051,2,C,F4,15.0,0.7510462223648289
sub-051,2,C,C3,15.0,5.009143747837835
sub-051,2,C,C4,15.0,7.606486596330865
sub-051,2,C,P3,15.0,6.654883031944399
sub-051,2,C,P4,15.0,8.947726602979177
sub-051,2,C,O1,15.0,10.296816617712967
sub-051,2,C,O2,15.0,9.407096279747867
sub-051,2,C,F7,15.0,11.97908930247735
sub-051,2,C,F8,15.0,-11.221993852227223
sub-051,2,C,T3,15.0,10.405276114169045
sub-051,2,C,T4,15.0,-2.962705428822719
sub-051,2,C,T5,15.0,8.22413875969395
sub-051,2,C,T6,15.0,1.3575717962096348
sub-051,2,C,Fz,15.0,6.736329730981387
sub-051,2,C,Cz,15.0,8.970945186711013
sub-051,2,C,Pz,15.0,11.735545664196145
sub-051,3,C,Fp1,20.0,4.254006159268124
sub-051,3,C,Fp2,20.0,10.469105978779606
sub-051,3,C,F3,20.0,2.8306840719132365
sub-051,3,C,F4,20.0,6.851449796637312
sub-051,3,C,C3,20.0,2.7463747225387722
sub-051,3,C,C4,20.0,3.8752680859533872
sub-051,3,C,P3,20.0,5.2992811410227905
sub-051,3,C,P4,20.0,2.758210326234769
sub-051,3,C,O1,20.0,8.628690691494105
sub-051,3,C,O2,20.0,4.779284728836944
sub-051,3,C,F7,20.0,1.3143089980601943
sub-051,3,C,F8,20.0,2.3464479518260144
sub-051,3,C,T3,20.0,-5.264300247177484
sub-051,3,C,T4,20.0,-4.389162243846591
sub-051,3,C,T5,20.0,5.6731390107743485
sub-051,3,C,T6,20.0,-0.23486095910263233
sub-051,3,C,Fz,20.0,7.761235171338358
sub-051,3,C,Cz,20.0,5.812272345373305
sub-051,3,C,Pz,20.0,2.688041642221839
sub-051,4,C,Fp1,5.0,-8.181909794589474
sub-051,4,C,Fp2,5.0,-5.156783643500651
sub-051,4,C,F3,5.0,-6.968705677936049
sub-051,4,C,F4,5.0,0.2407605676323939
sub-051,4,C,C3,5.0,-15.001693969749251
sub-051,4,C,C4,5.0,-9.467596303092536
sub-051,4,C,P3,5.0,-3.915240780526328
sub-051,4,C,P4,5.0,-16.766464944838884
sub-051,4,C,O1,5.0,-17.378959152832753
sub-051,4,C,O2,5.0,-6.904493365943916
sub-051,4,C,F7,5.0,-1.7138972118706473
sub-051,4,C,F8,5.0,-1.376942642816902
sub-051,4,C,T3,5.0,6.328692975285323
sub-051,4,C,T4,5.0,-2.5453588245326992
sub-051,4,C,T5,5.0,1.811024705235805
sub-051,4,C,T6,5.0,-10.04292983393187
sub-051,4,C,Fz,5.0,2.534958523975781
sub-051,4,C,Cz,5.0,-3.6528123285093166
sub-051,4,C,Pz,5.0,-13.34050244009812
sub-052,0,C,Fp1,5.0,9.242010985617917
sub-052,0,C,Fp2,5.0,9.674613912268683
sub-052,0,C,F3,5.0,9.251558518952143
sub-052,0,C,F4,5.0,7.778551211461814
sub-052,0,C,C3,5.0,6.020410344674108
sub-052,0,C,C4,5.0,8.602715236281037
sub-052,0,C,P3,5.0,6.932190025161181
sub-052,0,C,P4,5.0,7.126132775083599
sub-052,0,C,O1,5.0,7.557168959702835
sub-052,0,C,O2,5.0,2.4307315626407755
sub-052,0,C,F7,5.0,6.759458215130775
sub-052,0,C,F8,5.0,2.7196899333121882
sub-052,0,C,T3,5.0,8.206545124538383
sub-052,0,C,T4,5.0,6.935557823927728
sub-052,0,C,T5,5.0,8.638839716850415
sub-052,0,C,T6,5.0,8.076318377076108
sub-052,0,C,Fz,5.0,0.2217332820867582
sub-052,0,C,Cz,5.0,1.3213426491166944
sub-052,0,C,Pz,5.0,5.9680320489448
sub-052,1,C,Fp1,10.0,6.881910532114706
sub-052,1,C,Fp2,10.0,3.493057756851635
sub-052,1,C,F3,10.0,4.441922494932665
sub-052,1,C,F4,10.0,5.268734675313804
sub-052,1,C,C3,10.0,7.246415964469664
sub-052,1,C,C4,10.0,0.6698108925803985
sub-052,1,C,P3,10.0,8.673145327789257
sub-052,1,C,P4,10.0,9.696867114415138
sub-052,1,C,O1,10.0,9.108112577490017
sub-052,1,C,O2,10.0,12.10822288246362
sub-052,1,C,F7,10.0,9.709224647971277
sub-052,1,C,F8,10.0,9.592802262190594
sub-052,1,C,T3,10.0,6.021319237007815
sub-052,1,C,T4,10.0,12.66273054519593
sub-052,1,C,T5,10.0,-1.4808804783263405
sub-052,1,C,T6,10.0,6.022458278713118
sub-052,1,C,Fz,10.0,2.1014416698357516
sub-052,1,C,Cz,10.0,4.0231333569563965
sub-052,1,C,Pz,10.0,12.02666174628333
sub-052,2,C,Fp1,15.0,-1.528223553156613
sub-052,2,C,Fp2,15.0,-12.04525833623649
sub-052,2,C,F3,15.0,6.647882106281236
sub-052,2,C,F4,15.0,8.227323444537793
sub-052,2,C,C3,15.0,3.7837569857302675
sub-052,2,C,C4,15.0,-1.4322808702018583
sub-052,2,C,P3,15.0,-9.323259346571811
sub-052,2,C,P4,15.0,2.2083309054812967
sub-052,2,C,O1,15.0,9.16930001911556
sub-052,2,C,O2,15.0,8.304476325957845
sub-052,2,C,F7,15.0,1.016849582817776
sub-052,2,C,F8,15.0,-4.219575616033354
sub-052,2,C,T3,15.0,1.8281745747694877
sub-052,2,C,T4,15.0,-3.3588398583483228
sub-052,2,C,T5,15.0,3.1334342843538394
sub-052,2,C,T6,15.0,7.386766396923124
sub-052,2,C,Fz,15.0,11.218514469145129
sub-052,2,C,Cz,15.0,2.757292913198291
sub-052,2,C,Pz,15.0,-3.599693289566965
sub-052,3,C,Fp1,20.0,1.2039577448158825
sub-052,3,C,Fp2,20.0,-0.94988287540526
sub-052,3,C,F3,20.0,-1.0054331672366144
sub-052,3,C,F4,20.0,-0.697289198438814
sub-052,3,C,C3,20.0,-5.145068587153132
sub-052,3,C,C4,20.0,3.8262284244778337
sub-052,3,C,P3,20.0,5.20107193520438
sub-052,3,C,P4,20.0,4.536347192128131
sub-052,3,C,O1,20.0,5.4919697376627195
sub-052,3,C,O2,20.0,3.626536753504715
sub-052,3,C,F7,20.0,2.2060711146278416
sub-052,3,C,F8,20.0,3.0545971848849667
sub-052,3,C,T3,20.0,0.7985563474832852
sub-052,3,C,T4,20.0,4.317134006658533
sub-052,3,C,T5,20.0,3.8015543609014815
sub-052,3,C,T6,20.0,3.6167091011260926
sub-052,3,C,Fz,20.0,1.2662732221031412
sub-052,3,C,Cz,20.0,2.0836135921973855
sub-052,3,C,Pz,20.0,3.7830646001909174
sub-052,4,C,Fp1,10.0,5.41172829866259
sub-052,4,C,Fp2,10.0,7.49662409756078
sub-052,4,C,F3,10.0,-4.204583630126963
sub-052,4,C,F4,10.0,-3.3393413195367168
sub-052,4,C,C3,10.0,-5.140681008903226
sub-052,4,C,C4,10.0,4.720876839600432
sub-052,4,C,P3,10.0,-0.3047344101094745
sub-052,4,C,P4,10.0,0.3566658264211084
sub-052,4,C,O1,10.0,7.828955492887713
sub-052,4,C,O2,10.0,4.407992961320668
sub-052,4,C,F7,10.0,0.029987630183938845
sub-052,4,C,F8,10.0,2.144297965237837
sub-052,4,C,T3,10.0,0.3476803077965417
sub-052,4,C,T4,10.0,4.60623709593929
sub-052,4,C,T5,10.0,1.3661151240294136
sub-052,4,C,T6,10.0,-0.5921957392471143
sub-052,4,C,Fz,10.0,-10.254517611875986
sub-052,4,C,Cz,10.0,5.000883182621735
sub-052,4,C,Pz,10.0,1.7687475381449125
sub-053,0,C,Fp1,5.0,-1.1020345401966338
sub-053,0,C,Fp2,5.0,-0.8496615758597458
sub-053,0,C,F3,5.0,0.16707686222132484
sub-053,0,C,F4,5.0,-8.32895043408504
sub-053,0,C,C3,5.0,2.710647110567695
sub-053,0,C,C4,5.0,4.959548063153926
sub-053,0,C,P3,5.0,2.311840652191429
sub-053,0,C,P4,5.0,2.5343698745858045
sub-053,0,C,O1,5.0,5.136112331641511
sub-053,0,C,O2,5.0,-0.8095456372389245
sub-053,0,C,F7,5.0,-6.898836733688554
sub-053,0,C,F8,5.0,-4.113560474406922
sub-053,0,C,T3,5.0,-2.9171100432496058
sub-053,0,C,T4,5.0,-6.718021467681846
sub-053,0,C,T5,5.0,-4.960395186250496
sub-053,0,C,T6,5.0,-6.487768649482967
sub-053,0,C,Fz,5.0,-7.120786522941489
sub-053,0,C,Cz,5.0,5.50767851461411
sub-053,0,C,Pz,5.0,3.1732125935409177
sub-053,1,C,Fp1,10.0,0.06492376669221285
sub-053,1,C,Fp2,10.0,4.389348145401208
sub-053,1,C,F3,10.0,-4.095609215492976
sub-053,1,C,F4,10.0,8.488222978169757
sub-053,1,C,C3,10.0,-1.958831669067781
sub-053,1,C,C4,10.0,-7.975137238419919
sub-053,1,C,P3,10.0,-9.047296840853145
sub-053,1,C,P4,10.0,4.931637165032924
sub-053,1,C,O1,10.0,2.348693719424709
sub-053,1,C,O2,10.0,9.439460513594899
sub-053,1,C,F7,10.0,-12.27666240898296
sub-053,1,C,F8,10.0,1.4436555409011709
sub-053,1,C,T3,10.0,0.10550541103745466
sub-053,1,C,T4,10.0,-5.564885793984705
sub-053,1,C,T5,10.0,-4.934772391878172
sub-053,1,C,T6,10.0,2.6874202048821467
sub-053,1,C,Fz,10.0,4.294305489166142
sub-053,1,C,Cz,10.0,-2.4707362320780133
sub-053,1,C,Pz,10.0,1.0853822635297303
sub-053,2,C,Fp1,15.0,5.522541008140195
sub-053,2,C,Fp2,15.0,3.9644830047649897
sub-053,2,C,F3,15.0,6.740029441012439
sub-053,2,C,F4,15.0,4.917635884030151
sub-053,2,C,C3,15.0,8.981150967756498
sub-053,2,C,C4,15.0,9.214677934433888
sub-053,2,C,P3,15.0,-1.73569515869761
sub-053,2,C,P4,15.0,1.6100937226717362
sub-053,2,C,O1,15.0,10.004877540911565
sub-053,2,C,O2,15.0,11.445559598099361
sub-053,2,C,F7,15.0,1.2084516263296643
sub-053,2,C,F8,15.0,4.379146564420565
sub-053,2,C,T3,15.0,0.36596598172835054
sub-053,2,C,T4,15.0,-8.28648131741166
sub-053,2,C,T5,15.0,3.377095362898361
sub-053,2,C,T6,15.0,0.4915397934397253
sub-053,2,C,Fz,15.0,4.818256995320614
sub-053,2,C,Cz,15.0,10.309257697903318
sub-053,2,C,Pz,15.0,-1.0750441667672797
sub-053,3,C,Fp1,20.0,4.821118796619709
sub-053,3,C,Fp2,20.0,4.691314889705727
sub-053,3,C,F3,20.0,-1.9021232745986216
sub-053,3,C,F4,20.0,-6.582785959161914
sub-053,3,C,C3,20.0,2.675684033413654
sub-053,3,C,C4,20.0,-3.7165994140581837
sub-053,3,C,P3,20.0,8.911233148906682
sub-053,3,C,P4,20.0,-8.445609134954177
sub-053,3,C,O1,20.0,4.490266923714491
sub-053,3,C,O2,20.0,2.4299386756822403
sub-053,3,C,F7,20.0,0.5695485170486153
sub-053,3,C,F8,20.0,9.19376242131374
sub-053,3,C,T3,20.0,3.515108779534542
sub-053,3,C,T4,20.0,14.389842817956822
sub-053,3,C,T5,20.0,-11.30443629104242
sub-053,3,C,T6,20.0,10.54440360947844
sub-053,3,C,Fz,20.0,-2.6360624566864095
sub-053,3,C,Cz,20.0,6.053295287386986
sub-053,3,C,Pz,20.0,10.274445060414102
sub-053,4,C,Fp1,5.0,13.194592384809114
sub-053,4,C,Fp2,5.0,4.684456845155823
sub-053,4,C,F3,5.0,5.238745367951042
sub-053,4,C,F4,5.0,0.44949224661171927
sub-053,4,C,C3,5.0,4.7074646656493915
sub-053,4,C,C4,5.0,-4.073914482090833
sub-053,4,C,P3,5.0,11.331418962370005
sub-053,4,C,P4,5.0,6.381567226515824
sub-053,4,C,O1,5.0,14.84122408460115
sub-053,4,C,O2,5.0,7.535859913747078
sub-053,4,C,F7,5.0,8.98996301225451
sub-053,4,C,F8,5.0,1.3710121136664286
sub-053,4,C,T3,5.0,2.339650882034792
sub-053,4,C,T4,5.0,5.870504396492265
sub-053,4,C,T5,5.0,3.1170215625123268
sub-053,4,C,T6,5.0,10.582614318873837
sub-053,4,C,Fz,5.0,-1.4694752219213114
sub-053,4,C,Cz,5.0,6.10397121962833
sub-053,4,C,Pz,5.0,13.643042650794184
sub-054,0,C,Fp1,5.0,-7.109768712759918
sub-054,0,C,Fp2,5.0,-8.294305565780283
sub-054,0,C,F3,5.0,-6.902881643237478
sub-054,0,C,F4,5.0,-4.168758794268566
sub-054,0,C,C3,5.0,-4.18856965027764
sub-054,0,C,C4,5.0,-11.77475844072652
sub-054,0,C,P3,5.0,1.4935409030631166
sub-054,0,C,P4,5.0,-6.805002740906519
sub-054,0,C,O1,5.0,3.5228740602616986
sub-054,0,C,O2,5.0,3.32502383013995
sub-054,0,C,F7,5.0,-5.00694098836186
sub-054,0,C,F8,5.0,-6.382769316956364
sub-054,0,C,T3,5.0,2.671376130472866
sub-054,0,C,T4,5.0,-8.72671324963552
sub-054,0,C,T5,5.0,7.472759800972005
sub-054,0,C,T6,5.0,1.859914117415479
sub-054,0,C,Fz,5.0,-4.9841482165432245
sub-054,0,C,Cz,5.0,-3.2748141773196386
sub-054,0,C,Pz,5.0,-1.7062629717056184
sub-054,1,C,Fp1,10.0,3.218019339448027
sub-054,1,C,Fp2,10.0,3.08512906235705
sub-054,1,C,F3,10.0,2.538379323669755
sub-054,1,C,F4,10.0,2.491562001255227
sub-054,1,C,C3,10.0,1.2450314190804406
sub-054,1,C,C4,10.0,-1.5048208981091524
sub-054,1,C,P3,10.0,-1.2629781910379436
sub-054,1,C,P4,10.0,-2.5947209433958434
sub-054,1,C,O1,10.0,-0.32132990556113283
sub-054,1,C,O2,10.0,-5.6170333474737895
sub-054,1,C,F7,10.0,-1.094081709107953
sub-054,1,C,F8,10.0,2.4260240957325085
sub-054,1,C,T3,10.0,-1.4198982283668253
sub-054,1,C,T4,10.0,-1.026677227909298
sub-054,1,C,T5,10.0,-3.9159131694751292
sub-054,1,C,T6,10.0,-5.630523129471449
sub-054,1,C,Fz,10.0,0.9254717540069335
sub-054,1,C,Cz,10.0,-0.007821391204809396
sub-054,1,C,Pz,10.0,-3.4097044105253334
sub-054,2,C,Fp1,15.0,0.5594392116228654
sub-054,2,C,Fp2,15.0,3.2347324193988647
sub-054,2,C,F3,15.0,4.9205828182879365
sub-054,2,C,F4,15.0,2.6925918615674744
sub-054,2,C,C3,15.0,-26.814600609064364
sub-054,2,C,C4,15.0,4.18214295553816
sub-054,2,C,P3,15.0,10.80852679816392
sub-054,2,C,P4,15.0,1.348870369953485
sub-054,2,C,O1,15.0,11.871477727878352
sub-054,2,C,O2,15.0,5.935072159866807
sub-054,2,C,F7,15.0,3.393788170150782
sub-054,2,C,F8,15.0,13.983653546250123
sub-054,2,C,T3,15.0,-0.24097742753097928
sub-054,2,C,T4,15.0,10.470954681333293
sub-054,2,C,T5,15.0,10.888160225494685
sub-054,2,C,T6,15.0,1.183748234985044
sub-054,2,C,Fz,15.0,5.576865602375559
sub-054,2,C,Cz,15.0,0.31889894389142664
sub-054,2,C,Pz,15.0,9.396377059245735
sub-054,3,C,Fp1,20.0,4.105791045932311
sub-054,3,C,Fp2,20.0,0.1132982355023138
sub-054,3,C,F3,20.0,3.832342243832704
sub-054,3,C,F4,20.0,4.810485607730646
sub-054,3,C,C3,20.0,1.046455721316312
sub-054,3,C,C4,20.0,4.202276001685819
sub-054,3,C,P3,20.0,4.096576797640052
sub-054,3,C,P4,20.0,-2.3154845507617474
sub-054,3,C,O1,20.0,14.634767253683707
sub-054,3,C,O2,20.0,13.82447285014646
sub-054,3,C,F7,20.0,4.333746121080588
sub-054,3,C,F8,20.0,7.849201354151491
sub-054,3,C,T3,20.0,-4.286447257977143
sub-054,3,C,T4,20.0,3.9275945422377427
sub-054,3,C,T5,20.0,8.824749657392662
sub-054,3,C,T6,20.0,8.359671920617522
sub-054,3,C,Fz,20.0,2.857240438198353
sub-054,3,C,Cz,20.0,4.071364747386218
sub-054,3,C,Pz,20.0,1.1446761472958156
sub-054,5,C,Fp1,5.0,2.695379852857796
sub-054,5,C,Fp2,5.0,-0.1506772024522109
sub-054,5,C,F3,5.0,3.542869772600696
sub-054,5,C,F4,5.0,-2.279374465989121
sub-054,5,C,C3,5.0,-9.436529684401409
sub-054,5,C,C4,5.0,-5.471028550797499
sub-054,5,C,P3,5.0,-1.6575133068021328
sub-054,5,C,P4,5.0,-0.5708505161565314
sub-054,5,C,O1,5.0,6.547644275693372
sub-054,5,C,O2,5.0,5.39479226039208
sub-054,5,C,F7,5.0,-7.2538698266710755
sub-054,5,C,F8,5.0,3.387745119761923
sub-054,5,C,T3,5.0,5.213453541991111
sub-054,5,C,T4,5.0,4.667724007166544
sub-054,5,C,T5,5.0,4.972110128865425
sub-054,5,C,T6,5.0,3.5937738865840645
sub-054,5,C,Fz,5.0,3.07956508774814
sub-054,5,C,Cz,5.0,0.2704564001478222
sub-054,5,C,Pz,5.0,3.150392993780101
sub-054,6,C,Fp1,10.0,7.018231791099785
sub-054,6,C,Fp2,10.0,6.264926619985824
sub-054,6,C,F3,10.0,4.700346306735624
sub-054,6,C,F4,10.0,6.063089858810318
sub-054,6,C,C3,10.0,2.7246037211904217
sub-054,6,C,C4,10.0,12.095442702684869
sub-054,6,C,P3,10.0,8.025519824946661
sub-054,6,C,P4,10.0,3.4870335609126974
sub-054,6,C,O1,10.0,10.251789999254513
sub-054,6,C,O2,10.0,5.422232432862181
sub-054,6,C,F7,10.0,4.272122258512157
sub-054,6,C,F8,10.0,5.29083973913067
sub-054,6,C,T3,10.0,4.452173997563884
sub-054,6,C,T4,10.0,8.372745422270933
sub-054,6,C,T5,10.0,10.164454002164698
sub-054,6,C,T6,10.0,4.7922855451322235
sub-054,6,C,Fz,10.0,5.3106504255722164
sub-054,6,C,Cz,10.0,6.714785308442557
sub-054,6,C,Pz,10.0,-0.09114807494614637
sub-054,7,C,Fp1,20.0,-2.748904976938805
sub-054,7,C,Fp2,20.0,-0.9691363001131073
sub-054,7,C,F3,20.0,8.628495672646867
sub-054,7,C,F4,20.0,9.657106615697103
sub-054,7,C,C3,20.0,5.604161592544706
sub-054,7,C,C4,20.0,11.631203493779818
sub-054,7,C,P3,20.0,7.317179250433559
sub-054,7,C,P4,20.0,7.7994629382713345
sub-054,7,C,O1,20.0,12.536129954779112
sub-054,7,C,O2,20.0,13.767662524004617
sub-054,7,C,F7,20.0,9.989942152589657
sub-054,7,C,F8,20.0,8.00080707850481
sub-054,7,C,T3,20.0,7.3347110159989
sub-054,7,C,T4,20.0,13.207416833740417
sub-054,7,C,T5,20.0,11.452935846667264
sub-054,7,C,T6,20.0,9.34961900935306
sub-054,7,C,Fz,20.0,9.151703868257432
sub-054,7,C,Cz,20.0,7.127903142044307
sub-054,7,C,Pz,20.0,5.218401451993715
sub-055,0,C,Fp1,5.0,-0.8771836044206114
sub-055,0,C,Fp2,5.0,-1.9187563277178143
sub-055,0,C,F3,5.0,-0.867708226410786
sub-055,0,C,F4,5.0,-1.7266647277947014
sub-055,0,C,C3,5.0,1.3477843580838136
sub-055,0,C,C4,5.0,-2.802387174344949
sub-055,0,C,P3,5.0,0.28065391630836456
sub-055,0,C,P4,5.0,-8.222173836566197
sub-055,0,C,O1,5.0,-1.4302420737168429
sub-055,0,C,O2,5.0,1.5703782462642146
sub-055,0,C,F7,5.0,-2.4902948567475858
sub-055,0,C,F8,5.0,-1.0044344651180488
sub-055,0,C,T3,5.0,-1.7711716120408747
sub-055,0,C,T4,5.0,-0.7585091943065879
sub-055,0,C,T5,5.0,1.1739601207032377
sub-055,0,C,T6,5.0,4.16586475115784
sub-055,0,C,Fz,5.0,1.7391717809002043
sub-055,0,C,Cz,5.0,2.081498788562695
sub-055,0,C,Pz,5.0,-2.1943708613342303
sub-055,1,C,Fp1,10.0,4.6582385538447815
sub-055,1,C,Fp2,10.0,4.552927574938152
sub-055,1,C,F3,10.0,3.3517189836843224
sub-055,1,C,F4,10.0,8.871549342924343
sub-055,1,C,C3,10.0,7.935561665320291
sub-055,1,C,C4,10.0,16.896571644001646
sub-055,1,C,P3,10.0,7.4938526128799365
sub-055,1,C,P4,10.0,-1.3707489633511507
sub-055,1,C,O1,10.0,12.03823962997831
sub-055,1,C,O2,10.0,11.244479003125916
sub-055,1,C,F7,10.0,0.31663249838443197
sub-055,1,C,F8,10.0,5.9059221540883735
sub-055,1,C,T3,10.0,8.113555460944188
sub-055,1,C,T4,10.0,14.81482370320826
sub-055,1,C,T5,10.0,12.878739179370127
sub-055,1,C,T6,10.0,-8.38363677887232
sub-055,1,C,Fz,10.0,5.766176204509459
sub-055,1,C,Cz,10.0,8.021064691635015
sub-055,1,C,Pz,10.0,-5.322678694648916
sub-055,2,C,Fp1,15.0,6.7020033334362585
sub-055,2,C,Fp2,15.0,9.22562757002839
sub-055,2,C,F3,15.0,8.20805842209246
sub-055,2,C,F4,15.0,4.923718273175115
sub-055,2,C,C3,15.0,7.722161495556285
sub-055,2,C,C4,15.0,8.625153014792454
sub-055,2,C,P3,15.0,10.127291590694158
sub-055,2,C,P4,15.0,7.050566004653307
sub-055,2,C,O1,15.0,11.194639443287887
sub-055,2,C,O2,15.0,9.66660442524571
sub-055,2,C,F7,15.0,8.388877492191394
sub-055,2,C,F8,15.0,1.157740356231399
sub-055,2,C,T3,15.0,7.132890219174487
sub-055,2,C,T4,15.0,4.266891563126966
sub-055,2,C,T5,15.0,10.34712687795582
sub-055,2,C,T6,15.0,9.010312164684168
sub-055,2,C,Fz,15.0,7.963431469687661
sub-055,2,C,Cz,15.0,7.166525023281478
sub-055,2,C,Pz,15.0,7.918146723499161
sub-055,3,C,Fp1,20.0,-2.9477390007458038
sub-055,3,C,Fp2,20.0,-0.2619034603599294
sub-055,3,C,F3,20.0,5.153340593677639
sub-055,3,C,F4,20.0,5.850712997008648
sub-055,3,C,C3,20.0,2.9783017825839018
sub-055,3,C,C4,20.0,9.534745213391368
sub-055,3,C,P3,20.0,14.206124934996247
sub-055,3,C,P4,20.0,7.750454721451462
sub-055,3,C,O1,20.0,20.698936261799155
sub-055,3,C,O2,20.0,17.36263670772188
sub-055,3,C,F7,20.0,5.611120423137041
sub-055,3,C,F8,20.0,7.347230364106752
sub-055,3,C,T3,20.0,13.2492509174641
sub-055,3,C,T4,20.0,9.71266609446034
sub-055,3,C,T5,20.0,14.346481573712655
sub-055,3,C,T6,20.0,7.84756077281892
sub-055,3,C,Fz,20.0,17.680628555447694
sub-055,3,C,Cz,20.0,8.532704650462152
sub-055,3,C,Pz,20.0,15.577286048400424
sub-055,4,C,Fp1,5.0,-2.2179422830405207
sub-055,4,C,Fp2,5.0,-2.924531814206874
sub-055,4,C,F3,5.0,-6.007124349241302
sub-055,4,C,F4,5.0,-4.963943601892913
sub-055,4,C,C3,5.0,-2.786263406287522
sub-055,4,C,C4,5.0,0.9493805452314323
sub-055,4,C,P3,5.0,-5.399364314237568
sub-055,4,C,P4,5.0,-2.000705119417348
sub-055,4,C,O1,5.0,-5.5083290719570135
sub-055,4,C,O2,5.0,-3.3769606367223814
sub-055,4,C,F7,5.0,-7.255852222736036
sub-055,4,C,F8,5.0,-11.054258730657427
sub-055,4,C,T3,5.0,-2.272061400163941
sub-055,4,C,T4,5.0,0.32491878350240944
sub-055,4,C,T5,5.0,-5.189978569966204
sub-055,4,C,T6,5.0,-1.7438502772289874
sub-055,4,C,Fz,5.0,-6.447022787344247
sub-055,4,C,Cz,5.0,-1.155592479737054
sub-055,4,C,Pz,5.0,-3.601822581551872
sub-056,0,C,Fp1,5.0,-1.3011798429511654
sub-056,0,C,Fp2,5.0,1.3794727131158484
sub-056,0,C,F3,5.0,3.190683356438833
sub-056,0,C,F4,5.0,0.6347122856533651
sub-056,0,C,C3,5.0,3.4212093230298897
sub-056,0,C,C4,5.0,-0.8890535545450655
sub-056,0,C,P3,5.0,4.896529536607662
sub-056,0,C,P4,5.0,-8.97172169815868
sub-056,0,C,O1,5.0,13.318708622391107
sub-056,0,C,O2,5.0,4.52280460482234
sub-056,0,C,F7,5.0,1.3671102993486075
sub-056,0,C,F8,5.0,-0.7261855655736247
sub-056,0,C,T3,5.0,-6.503044344371654
sub-056,0,C,T4,5.0,-9.846310614532687
sub-056,0,C,T5,5.0,2.5428962086925604
sub-056,0,C,T6,5.0,3.4058343459841485
sub-056,0,C,Fz,5.0,-1.5458334603324684
sub-056,0,C,Cz,5.0,-4.239254854942079
sub-056,0,C,Pz,5.0,2.1752497061869325
sub-056,1,C,Fp1,10.0,9.08048678369141
sub-056,1,C,Fp2,10.0,10.755706421818818
sub-056,1,C,F3,10.0,4.011756945523194
sub-056,1,C,F4,10.0,6.280759120286231
sub-056,1,C,C3,10.0,-1.8205072129559776
sub-056,1,C,C4,10.0,-1.9710827585557489
sub-056,1,C,P3,10.0,10.635494801399767
sub-056,1,C,P4,10.0,10.033709154128395
sub-056,1,C,O1,10.0,12.624389749480988
sub-056,1,C,O2,10.0,14.20210071783887
sub-056,1,C,F7,10.0,4.626327893930434
sub-056,1,C,F8,10.0,10.498758599117917
sub-056,1,C,T3,10.0,3.6029135375125025
sub-056,1,C,T4,10.0,6.382404950679735
sub-056,1,C,T5,10.0,1.447997971291977
sub-056,1,C,T6,10.0,2.1133999058376096
sub-056,1,C,Fz,10.0,8.065452888099063
sub-056,1,C,Cz,10.0,1.238302701173179
sub-056,1,C,Pz,10.0,13.75563006656819
sub-056,2,C,Fp1,15.0,-10.973308715363919
sub-056,2,C,Fp2,15.0,1.2934827687516575
sub-056,2,C,F3,15.0,4.94764093662831
sub-056,2,C,F4,15.0,9.474148869728662
sub-056,2,C,C3,15.0,5.296578777220542
sub-056,2,C,C4,15.0,11.418482308245316
sub-056,2,C,P3,15.0,3.764502806407119
sub-056,2,C,P4,15.0,-9.03758879664377
sub-056,2,C,O1,15.0,13.542469021492021
sub-056,2,C,O2,15.0,11.517987694412914
sub-056,2,C,F7,15.0,-2.127281845769148
sub-056,2,C,F8,15.0,3.6335022608698897
sub-056,2,C,T3,15.0,3.1598234544532984
sub-056,2,C,T4,15.0,2.6286795970892656
sub-056,2,C,T5,15.0,12.920432101447272
sub-056,2,C,T6,15.0,-1.3276742212790755
sub-056,2,C,Fz,15.0,9.185906313091458
sub-056,2,C,Cz,15.0,11.280341788837802
sub-056,2,C,Pz,15.0,-4.66667294780865
sub-056,3,C,Fp1,20.0,-3.437861441820033
sub-056,3,C,Fp2,20.0,7.330293018203334
sub-056,3,C,F3,20.0,-8.826633466419022
sub-056,3,C,F4,20.0,7.388098968358426
sub-056,3,C,C3,20.0,-1.6359868977903467
sub-056,3,C,C4,20.0,-2.0982857062979625
sub-056,3,C,P3,20.0,0.8444670264577642
sub-056,3,C,P4,20.0,-3.520449741676222
sub-056,3,C,O1,20.0,9.480949195701912
sub-056,3,C,O2,20.0,7.046603236629146
sub-056,3,C,F7,20.0,-7.645427787015194
sub-056,3,C,F8,20.0,-6.051246591460691
sub-056,3,C,T3,20.0,-2.618038847825701
sub-056,3,C,T4,20.0,-9.09830381481059
sub-056,3,C,T5,20.0,8.401556111577161
sub-056,3,C,T6,20.0,-0.9331583863754984
sub-056,3,C,Fz,20.0,-1.7485893748658934
sub-056,3,C,Cz,20.0,2.7731328890661966
sub-056,3,C,Pz,20.0,0.07823626377198585
sub-056,4,C,Fp1,5.0,1.7852051326813403
sub-056,4,C,Fp2,5.0,5.878654513395949
sub-056,4,C,F3,5.0,1.5643059185813077
sub-056,4,C,F4,5.0,4.958431263423136
sub-056,4,C,C3,5.0,2.0765695626408003
sub-056,4,C,C4,5.0,1.7004122447363188
sub-056,4,C,P3,5.0,4.7677108441500256
sub-056,4,C,P4,5.0,5.571271292274741
sub-056,4,C,O1,5.0,5.588630306498032
sub-056,4,C,O2,5.0,6.387339787156881
sub-056,4,C,F7,5.0,4.430348539537318
sub-056,4,C,F8,5.0,-2.425632334946794
sub-056,4,C,T3,5.0,5.745719059606086
sub-056,4,C,T4,5.0,-13.548054767276511
sub-056,4,C,T5,5.0,11.02144035687103
sub-056,4,C,T6,5.0,3.294481180972524
sub-056,4,C,Fz,5.0,11.515194348979382
sub-056,4,C,Cz,5.0,11.47770392140567
sub-056,4,C,Pz,5.0,-6.355167727562594
sub-057,0,C,Fp1,10.0,3.2851725737671478
sub-057,0,C,Fp2,10.0,6.738354199454866
sub-057,0,C,F3,10.0,9.03251791591645
sub-057,0,C,F4,10.0,5.1263496682206355
sub-057,0,C,C3,10.0,3.986019871491501
sub-057,0,C,C4,10.0,1.6502181203015496
sub-057,0,C,P3,10.0,6.157290166796335
sub-057,0,C,P4,10.0,7.008500656134322
sub-057,0,C,O1,10.0,9.40979772507255
sub-057,0,C,O2,10.0,12.186611510137793
sub-057,0,C,F7,10.0,1.6027015328099525
sub-057,0,C,F8,10.0,8.93236149445594
sub-057,0,C,T3,10.0,6.182497854076869
sub-057,0,C,T4,10.0,5.000263595398521
sub-057,0,C,T5,10.0,5.711089342854062
sub-057,0,C,T6,10.0,11.161597693146545
sub-057,0,C,Fz,10.0,5.630645571828663
sub-057,0,C,Cz,10.0,14.357533409527159
sub-057,0,C,Pz,10.0,11.996906606887261
sub-057,1,C,Fp1,15.0,-2.6676138311825817
sub-057,1,C,Fp2,15.0,-1.8579366896709977
sub-057,1,C,F3,15.0,7.350009406046363
sub-057,1,C,F4,15.0,-0.8942993233609127
sub-057,1,C,C3,15.0,-5.666122029938863
sub-057,1,C,C4,15.0,7.734545346136709
sub-057,1,C,P3,15.0,8.254256429370596
sub-057,1,C,P4,15.0,13.895509508688104
sub-057,1,C,O1,15.0,8.875088402313295
sub-057,1,C,O2,15.0,8.281553324350634
sub-057,1,C,F7,15.0,-1.4003756910158984
sub-057,1,C,F8,15.0,1.3290944490480032
sub-057,1,C,T3,15.0,8.749420928065945
sub-057,1,C,T4,15.0,3.43637799385366
sub-057,1,C,T5,15.0,8.024766147116921
sub-057,1,C,T6,15.0,3.8345673544216896
sub-057,1,C,Fz,15.0,7.354226913409993
sub-057,1,C,Cz,15.0,12.566482262907051
sub-057,1,C,Pz,15.0,13.94305378686348
sub-057,2,C,Fp1,20.0,4.142983572546479
sub-057,2,C,Fp2,20.0,-1.4759686016231877
sub-057,2,C,F3,20.0,13.233039121763152
sub-057,2,C,F4,20.0,12.76632043077848
sub-057,2,C,C3,20.0,-11.812591946167947
sub-057,2,C,C4,20.0,0.8714742107603186
sub-057,2,C,P3,20.0,10.700104208600676
sub-057,2,C,P4,20.0,12.48633169229332
sub-057,2,C,O1,20.0,8.49166935818699
sub-057,2,C,O2,20.0,9.844028363408944
sub-057,2,C,F7,20.0,10.30204490292828
sub-057,2,C,F8,20.0,4.311088719874601
sub-057,2,C,T3,20.0,6.6091230345820655
sub-057,2,C,T4,20.0,6.468119471349092
sub-057,2,C,T5,20.0,4.805338984098538
sub-057,2,C,T6,20.0,8.007790489564663
sub-057,2,C,Fz,20.0,16.569357640552763
sub-057,2,C,Cz,20.0,9.721903773018164
sub-057,2,C,Pz,20.0,14.921416785411992
sub-058,0,C,Fp1,10.0,-8.337813820556487
sub-058,0,C,Fp2,10.0,-11.384099686723449
sub-058,0,C,F3,10.0,-0.11298103851391428
sub-058,0,C,F4,10.0,-4.862835802919633
sub-058,0,C,C3,10.0,0.7582857976321455
sub-058,0,C,C4,10.0,-15.059292157327418
sub-058,0,C,P3,10.0,-4.909734625511099
sub-058,0,C,P4,10.0,-12.556334130015419
sub-058,0,C,O1,10.0,3.8707071937511013
sub-058,0,C,O2,10.0,0.9571421088289994
sub-058,0,C,F7,10.0,-0.01178562186841295
sub-058,0,C,F8,10.0,0.7098422661993895
sub-058,0,C,T3,10.0,-3.230038954028862
sub-058,0,C,T4,10.0,-1.8250582938949231
sub-058,0,C,T5,10.0,-6.596461824378511
sub-058,0,C,T6,10.0,-12.109818255487006
sub-058,0,C,Fz,10.0,-11.637124211355568
sub-058,0,C,Cz,10.0,-5.7310517814117565
sub-058,0,C,Pz,10.0,-3.376393113270773
sub-058,1,C,Fp1,15.0,3.03209703036985
sub-058,1,C,Fp2,15.0,4.906614804324521
sub-058,1,C,F3,15.0,0.8679370498938519
sub-058,1,C,F4,15.0,4.6364946706371555
sub-058,1,C,C3,15.0,7.599459427164625
sub-058,1,C,C4,15.0,3.9361950046427103
sub-058,1,C,P3,15.0,6.734101190730275
sub-058,1,C,P4,15.0,7.389360679412085
sub-058,1,C,O1,15.0,-1.670943644066227
sub-058,1,C,O2,15.0,8.734935019539883
sub-058,1,C,F7,15.0,6.941176537911671
sub-058,1,C,F8,15.0,9.309834150835837
sub-058,1,C,T3,15.0,4.921163934495513
sub-058,1,C,T4,15.0,8.01466454565092
sub-058,1,C,T5,15.0,2.4157237756074674
sub-058,1,C,T6,15.0,6.471507056515136
sub-058,1,C,Fz,15.0,2.3938290305117707
sub-058,1,C,Cz,15.0,9.240895626747326
sub-058,1,C,Pz,15.0,9.239271153416555
sub-058,2,C,Fp1,20.0,-2.5620401556443317
sub-058,2,C,Fp2,20.0,1.0200958924413115
sub-058,2,C,F3,20.0,-4.190965764765091
sub-058,2,C,F4,20.0,-3.942452148037643
sub-058,2,C,C3,20.0,-2.080306496617723
sub-058,2,C,C4,20.0,-0.8259745814738504
sub-058,2,C,P3,20.0,1.2125767371618408
sub-058,2,C,P4,20.0,1.756152502771147
sub-058,2,C,O1,20.0,3.1501905481505172
sub-058,2,C,O2,20.0,-5.619035441749794
sub-058,2,C,F7,20.0,-9.65592133305945
sub-058,2,C,F8,20.0,9.850453702272434
sub-058,2,C,T3,20.0,-6.180646330339737
sub-058,2,C,T4,20.0,-0.4579909669110189
sub-058,2,C,T5,20.0,-4.570235502955377
sub-058,2,C,T6,20.0,-4.335944962368112
sub-058,2,C,Fz,20.0,-4.756962569863536
sub-058,2,C,Cz,20.0,5.217895629403303
sub-058,2,C,Pz,20.0,4.845155136991928
sub-059,0,C,Fp1,5.0,-0.9777847261495471
sub-059,0,C,Fp2,5.0,11.837616041662905
sub-059,0,C,F3,5.0,3.6059868682881646
sub-059,0,C,F4,5.0,8.78562929892509
sub-059,0,C,C3,5.0,-10.142714352913536
sub-059,0,C,C4,5.0,0.0053431642367936395
sub-059,0,C,P3,5.0,10.463277293061248
sub-059,0,C,P4,5.0,5.639055052644306
sub-059,0,C,O1,5.0,11.572447434214837
sub-059,0,C,O2,5.0,10.685806233931025
sub-059,0,C,F7,5.0,-4.16190820518734
sub-059,0,C,F8,5.0,-0.915668729782189
sub-059,0,C,T3,5.0,1.3147015190528664
sub-059,0,C,T4,5.0,-12.562859985836871
sub-059,0,C,T5,5.0,9.470940955709583
sub-059,0,C,T6,5.0,7.514079357120727
sub-059,0,C,Fz,5.0,10.750029493595791
sub-059,0,C,Cz,5.0,6.433678094265943
sub-059,0,C,Pz,5.0,5.243729491309731
sub-059,1,C,Fp1,10.0,6.536554149799457
sub-059,1,C,Fp2,10.0,8.609010562183272
sub-059,1,C,F3,10.0,10.45967439554725
sub-059,1,C,F4,10.0,9.81584027071746
sub-059,1,C,C3,10.0,5.385506296189431
sub-059,1,C,C4,10.0,12.720760104167624
sub-059,1,C,P3,10.0,16.57697245613707
sub-059,1,C,P4,10.0,13.874035924776498
sub-059,1,C,O1,10.0,13.324554733670968
sub-059,1,C,O2,10.0,8.639697274679238
sub-059,1,C,F7,10.0,8.457625509694147
sub-059,1,C,F8,10.0,7.175410042678577
sub-059,1,C,T3,10.0,13.234792048626547
sub-059,1,C,T4,10.0,5.3020562597087295
sub-059,1,C,T5,10.0,13.634221591376015
sub-059,1,C,T6,10.0,5.192327946789899
sub-059,1,C,Fz,10.0,12.390022844010142
sub-059,1,C,Cz,10.0,13.04722369785484
sub-059,1,C,Pz,10.0,15.766477199461653
sub-059,2,C,Fp1,15.0,11.194355091721766
sub-059,2,C,Fp2,15.0,15.551103693471504
sub-059,2,C,F3,15.0,6.59500515289309
sub-059,2,C,F4,15.0,13.886808686431436
sub-059,2,C,C3,15.0,15.984596194273612
sub-059,2,C,C4,15.0,12.206315133955886
sub-059,2,C,P3,15.0,18.544686101150297
sub-059,2,C,P4,15.0,9.022879717406378
sub-059,2,C,O1,15.0,16.455237276880695
sub-059,2,C,O2,15.0,16.3756254478613
sub-059,2,C,F7,15.0,11.409471353712835
sub-059,2,C,F8,15.0,11.742392540497498
sub-059,2,C,T3,15.0,4.762198159635502
sub-059,2,C,T4,15.0,14.989881708552788
sub-059,2,C,T5,15.0,12.665534473087469
sub-059,2,C,T6,15.0,15.806148420198792
sub-059,2,C,Fz,15.0,14.099673658863965
sub-059,2,C,Cz,15.0,18.32861081629051
sub-059,2,C,Pz,15.0,20.7310943692175
sub-059,3,C,Fp1,20.0,9.034475630799497
sub-059,3,C,Fp2,20.0,9.535808064834287
sub-059,3,C,F3,20.0,6.762476734512801
sub-059,3,C,F4,20.0,10.770106488692509
sub-059,3,C,C3,20.0,0.9541292759658839
sub-059,3,C,C4,20.0,10.451190283338347
sub-059,3,C,P3,20.0,14.658253203224692
sub-059,3,C,P4,20.0,8.673042472353037
sub-059,3,C,O1,20.0,11.718373213572917
sub-059,3,C,O2,20.0,11.99189152065987
sub-059,3,C,F7,20.0,2.5639731752659003
sub-059,3,C,F8,20.0,9.416290139950858
sub-059,3,C,T3,20.0,5.947235537877821
sub-059,3,C,T4,20.0,9.313997342132994
sub-059,3,C,T5,20.0,11.707214798659516
sub-059,3,C,T6,20.0,12.989538111209376
sub-059,3,C,Fz,20.0,11.228688995741624
sub-059,3,C,Cz,20.0,13.398478717574243
sub-059,3,C,Pz,20.0,13.828958245403939
sub-060,1,C,Fp1,10.0,-7.854896116318411
sub-060,1,C,Fp2,10.0,6.029445663380116
sub-060,1,C,F3,10.0,9.744578142497264
sub-060,1,C,F4,10.0,11.066515200091002
sub-060,1,C,C3,10.0,11.930001757167645
sub-060,1,C,C4,10.0,12.010839788927669
sub-060,1,C,P3,10.0,4.722242143185761
sub-060,1,C,P4,10.0,3.799747812351813
sub-060,1,C,O1,10.0,14.589358667382932
sub-060,1,C,O2,10.0,20.05303334496286
sub-060,1,C,F7,10.0,5.835160384983874
sub-060,1,C,F8,10.0,5.798645008180107
sub-060,1,C,T3,10.0,4.382568498087254
sub-060,1,C,T4,10.0,9.221889728646001
sub-060,1,C,T5,10.0,10.955394699253988
sub-060,1,C,T6,10.0,14.789198333444878
sub-060,1,C,Fz,10.0,12.410342360754004
sub-060,1,C,Cz,10.0,16.21658379135511
sub-060,1,C,Pz,10.0,10.359709270921144
sub-060,2,C,Fp1,15.0,11.37462773695357
sub-060,2,C,Fp2,15.0,-2.6036981626675555
sub-060,2,C,F3,15.0,6.949101278993615
sub-060,2,C,F4,15.0,1.2249992404081644
sub-060,2,C,C3,15.0,6.569925672745213
sub-060,2,C,C4,15.0,-18.235578471144823
sub-060,2,C,P3,15.0,1.9608009602114016
sub-060,2,C,P4,15.0,8.974178488594543
sub-060,2,C,O1,15.0,4.249541773059055
sub-060,2,C,O2,15.0,11.626613965303639
sub-060,2,C,F7,15.0,6.185855203150462
sub-060,2,C,F8,15.0,5.6406785663986
sub-060,2,C,T3,15.0,-1.2072416556748946
sub-060,2,C,T4,15.0,-1.5974840833319435
sub-060,2,C,T5,15.0,-2.2145921873129377
sub-060,2,C,T6,15.0,9.556294575254993
sub-060,2,C,Fz,15.0,6.3528706174364356
sub-060,2,C,Cz,15.0,6.212129279384109
sub-060,2,C,Pz,15.0,11.757390647134105
sub-060,3,C,Fp1,20.0,13.459673916176092
sub-060,3,C,Fp2,20.0,11.635930482103403
sub-060,3,C,F3,20.0,9.912212616341035
sub-060,3,C,F4,20.0,4.3726637719948585
sub-060,3,C,C3,20.0,-5.3975423067977655
sub-060,3,C,C4,20.0,6.206653017794384
sub-060,3,C,P3,20.0,5.5376846390964785
sub-060,3,C,P4,20.0,8.969253734576467
sub-060,3,C,O1,20.0,11.800961311798785
sub-060,3,C,O2,20.0,11.636384780058899
sub-060,3,C,F7,20.0,13.105364877841893
sub-060,3,C,F8,20.0,1.8706551856661164
sub-060,3,C,T3,20.0,5.348232015052087
sub-060,3,C,T4,20.0,-0.6385102094978738
sub-060,3,C,T5,20.0,2.7834909627296422
sub-060,3,C,T6,20.0,5.19881450130632
sub-060,3,C,Fz,20.0,6.699090198201471
sub-060,3,C,Cz,20.0,1.602366058126437
sub-060,3,C,Pz,20.0,11.826475709216345
sub-061,0,C,Fp1,5.0,0.200000126665604
sub-061,0,C,Fp2,5.0,2.8101529530527065
sub-061,0,C,F3,5.0,5.782124285176742
sub-061,0,C,F4,5.0,2.477942743566168
sub-061,0,C,C3,5.0,1.956930264428505
sub-061,0,C,C4,5.0,-0.5502652582305351
sub-061,0,C,P3,5.0,5.135008577918612
sub-061,0,C,P4,5.0,2.5860495742589045
sub-061,0,C,O1,5.0,8.299975011580033
sub-061,0,C,O2,5.0,0.5888890127148528
sub-061,0,C,F7,5.0,-0.41693652215060895
sub-061,0,C,F8,5.0,-1.849698900466231
sub-061,0,C,T3,5.0,3.700863813832693
sub-061,0,C,T4,5.0,6.184500340925885
sub-061,0,C,T5,5.0,-2.037620397989594
sub-061,0,C,T6,5.0,-1.3068305331313133
sub-061,0,C,Fz,5.0,-0.6172303143058934
sub-061,0,C,Cz,5.0,-2.1347587427441557
sub-061,0,C,Pz,5.0,9.308483493752535
sub-061,1,C,Fp1,10.0,8.437417103799676
sub-061,1,C,Fp2,10.0,11.977158196299012
sub-061,1,C,F3,10.0,11.549798647675
sub-061,1,C,F4,10.0,15.200747532471311
sub-061,1,C,C3,10.0,14.454253982261582
sub-061,1,C,C4,10.0,16.06479079875184
sub-061,1,C,P3,10.0,15.764579260593816
sub-061,1,C,P4,10.0,2.22924147935219
sub-061,1,C,O1,10.0,18.27861548412376
sub-061,1,C,O2,10.0,14.525443680549513
sub-061,1,C,F7,10.0,4.413807013895083
sub-061,1,C,F8,10.0,8.612556658469588
sub-061,1,C,T3,10.0,6.508358397175384
sub-061,1,C,T4,10.0,7.5602209756084315
sub-061,1,C,T5,10.0,20.65843194951789
sub-061,1,C,T6,10.0,14.91829942050273
sub-061,1,C,Fz,10.0,14.953417861895975
sub-061,1,C,Cz,10.0,14.067598214004056
sub-061,1,C,Pz,10.0,9.337468105809482
sub-061,2,C,Fp1,15.0,12.883185860151654
sub-061,2,C,Fp2,15.0,14.018944875722912
sub-061,2,C,F3,15.0,3.927454715149754
sub-061,2,C,F4,15.0,9.178336797719096
sub-061,2,C,C3,15.0,-5.29832367879009
sub-061,2,C,C4,15.0,6.692854453820958
sub-061,2,C,P3,15.0,8.915332692823695
sub-061,2,C,P4,15.0,7.6358962285798935
sub-061,2,C,O1,15.0,15.887210020079044
sub-061,2,C,O2,15.0,12.363887647057844
sub-061,2,C,F7,15.0,-2.606920391569107
sub-061,2,C,F8,15.0,3.992025387089648
sub-061,2,C,T3,15.0,-3.575831932939162
sub-061,2,C,T4,15.0,1.5984285087311436
sub-061,2,C,T5,15.0,13.031861054839542
sub-061,2,C,T6,15.0,7.319551192200145
sub-061,2,C,Fz,15.0,5.8623488961534465
sub-061,2,C,Cz,15.0,10.583545117444025
sub-061,2,C,Pz,15.0,8.585658415333176
sub-061,3,C,Fp1,20.0,12.278333066955016
sub-061,3,C,Fp2,20.0,6.744180111781654
sub-061,3,C,F3,20.0,1.2552753724872565
sub-061,3,C,F4,20.0,3.012777978078634
sub-061,3,C,C3,20.0,3.262491981256886
sub-061,3,C,C4,20.0,2.7160292190719337
sub-061,3,C,P3,20.0,10.794770638745756
sub-061,3,C,P4,20.0,7.005386137963852
sub-061,3,C,O1,20.0,7.854870954400063
sub-061,3,C,O2,20.0,7.561696307985736
sub-061,3,C,F7,20.0,3.578054339995619
sub-061,3,C,F8,20.0,-5.307770032690247
sub-061,3,C,T3,20.0,2.725180971721622
sub-061,3,C,T4,20.0,5.242375249665949
sub-061,3,C,T5,20.0,2.628585301199699
sub-061,3,C,T6,20.0,2.992028200512391
sub-061,3,C,Fz,20.0,0.6154346041087798
sub-061,3,C,Cz,20.0,5.722161218317186
sub-061,3,C,Pz,20.0,6.729635504196575
sub-062,0,C,Fp1,5.0,4.938477202916473
sub-062,0,C,Fp2,5.0,2.906365133702761
sub-062,0,C,F3,5.0,3.216380476671703
sub-062,0,C,F4,5.0,8.834657880533152
sub-062,0,C,C3,5.0,-1.9864199477652933
sub-062,0,C,C4,5.0,6.2269853511314786
sub-062,0,C,P3,5.0,6.5390280857173995
sub-062,0,C,P4,5.0,7.358071560948886
sub-062,0,C,O1,5.0,9.287978057718844
sub-062,0,C,O2,5.0,11.565934433054451
sub-062,0,C,F7,5.0,5.676737470297752
sub-062,0,C,F8,5.0,6.378599044947276
sub-062,0,C,T3,5.0,-1.3509430108439557
sub-062,0,C,T4,5.0,7.467370391450601
sub-062,0,C,T5,5.0,7.698052490463808
sub-062,0,C,T6,5.0,4.123810939204136
sub-062,0,C,Fz,5.0,2.3864763517285565
sub-062,0,C,Cz,5.0,-11.701129092393538
sub-062,0,C,Pz,5.0,10.480728515656851
sub-062,1,C,Fp1,10.0,7.001287281354646
sub-062,1,C,Fp2,10.0,6.67766638084173
sub-062,1,C,F3,10.0,4.6917249590812515
sub-062,1,C,F4,10.0,-0.8024551278079959
sub-062,1,C,C3,10.0,1.4946581692211633
sub-062,1,C,C4,10.0,1.5299915679680938
sub-062,1,C,P3,10.0,3.85046146357402
sub-062,1,C,P4,10.0,6.271845130466066
sub-062,1,C,O1,10.0,4.263651355146037
sub-062,1,C,O2,10.0,4.2116452425511985
sub-062,1,C,F7,10.0,0.083086921207041
sub-062,1,C,F8,10.0,0.5888651870004142
sub-062,1,C,T3,10.0,0.5861506916190609
sub-062,1,C,T4,10.0,1.6550461160467453
sub-062,1,C,T5,10.0,0.6164183013179851
sub-062,1,C,T6,10.0,6.122285368738717
sub-062,1,C,Fz,10.0,6.2900814138231045
sub-062,1,C,Cz,10.0,3.316767380536848
sub-062,1,C,Pz,10.0,5.087664455457279
sub-062,2,C,Fp1,15.0,15.155296666141261
sub-062,2,C,Fp2,15.0,2.0938246776491996
sub-062,2,C,F3,15.0,13.85852833685378
sub-062,2,C,F4,15.0,6.4834082280005685
sub-062,2,C,C3,15.0,10.205968800148579
sub-062,2,C,C4,15.0,3.129618317008674
sub-062,2,C,P3,15.0,7.806892006461375
sub-062,2,C,P4,15.0,14.560511704010128
sub-062,2,C,O1,15.0,13.050547046681602
sub-062,2,C,O2,15.0,14.29621482816853
sub-062,2,C,F7,15.0,13.112583288955317
sub-062,2,C,F8,15.0,7.084875022999867
sub-062,2,C,T3,15.0,6.237565357488963
sub-062,2,C,T4,15.0,6.956137806246412
sub-062,2,C,T5,15.0,3.8845649787712193
sub-062,2,C,T6,15.0,14.820344103383281
sub-062,2,C,Fz,15.0,11.963179387123438
sub-062,2,C,Cz,15.0,4.751493399462352
sub-062,2,C,Pz,15.0,13.65632289015981
sub-062,3,C,Fp1,20.0,8.153919157226962
sub-062,3,C,Fp2,20.0,0.1878932241508241
sub-062,3,C,F3,20.0,7.871529947458092
sub-062,3,C,F4,20.0,1.5001923064589766
sub-062,3,C,C3,20.0,-1.3629087269744113
sub-062,3,C,C4,20.0,-5.781922311612772
sub-062,3,C,P3,20.0,6.420454785402971
sub-062,3,C,P4,20.0,4.093549903755963
sub-062,3,C,O1,20.0,2.4432829460518417
sub-062,3,C,O2,20.0,-3.9526587311747012
sub-062,3,C,F7,20.0,4.129835892342756
sub-062,3,C,F8,20.0,0.6226457444645432
sub-062,3,C,T3,20.0,2.9658596440900533
sub-062,3,C,T4,20.0,-2.604566205912579
sub-062,3,C,T5,20.0,3.793207670658885
sub-062,3,C,T6,20.0,-3.7275365997036496
sub-062,3,C,Fz,20.0,6.873736295967287
sub-062,3,C,Cz,20.0,-9.527032190173548
sub-062,3,C,Pz,20.0,6.8109317843034365
sub-063,0,C,Fp1,5.0,-4.314527221654009
sub-063,0,C,Fp2,5.0,-4.134187278326345
sub-063,0,C,F3,5.0,-1.2957323601266026
sub-063,0,C,F4,5.0,-0.6413780818591587
sub-063,0,C,C3,5.0,2.469546731344802
sub-063,0,C,C4,5.0,0.07273486047655217
sub-063,0,C,P3,5.0,-0.5477353805412595
sub-063,0,C,P4,5.0,-2.1683018733551056
sub-063,0,C,O1,5.0,10.471413123229334
sub-063,0,C,O2,5.0,2.827713689089303
sub-063,0,C,F7,5.0,-2.4514317335287297
sub-063,0,C,F8,5.0,3.267567052527689
sub-063,0,C,T3,5.0,1.8647191418384046
sub-063,0,C,T4,5.0,-8.40404916524746
sub-063,0,C,T5,5.0,4.984731920896186
sub-063,0,C,T6,5.0,-5.763852531082666
sub-063,0,C,Fz,5.0,-1.3595239741377665
sub-063,0,C,Cz,5.0,-1.0223413902360179
sub-063,0,C,Pz,5.0,-7.05674773968242
sub-063,1,C,Fp1,10.0,14.22022240256386
sub-063,1,C,Fp2,10.0,14.934572095461423
sub-063,1,C,F3,10.0,13.524477542632177
sub-063,1,C,F4,10.0,13.839374677846916
sub-063,1,C,C3,10.0,-3.052672994683958
sub-063,1,C,C4,10.0,14.549897242344425
sub-063,1,C,P3,10.0,10.31850454749515
sub-063,1,C,P4,10.0,15.762896935372599
sub-063,1,C,O1,10.0,19.62572916076808
sub-063,1,C,O2,10.0,15.118754790602392
sub-063,1,C,F7,10.0,13.452769321917653
sub-063,1,C,F8,10.0,14.803469615939598
sub-063,1,C,T3,10.0,1.9750722900856585
sub-063,1,C,T4,10.0,6.5531445801057355
sub-063,1,C,T5,10.0,9.491846866316681
sub-063,1,C,T6,10.0,5.264276606501889
sub-063,1,C,Fz,10.0,12.139319372998811
sub-063,1,C,Cz,10.0,6.605435529761818
sub-063,1,C,Pz,10.0,14.343598310353588
sub-063,2,C,Fp1,15.0,3.872614330947038
sub-063,2,C,Fp2,15.0,4.136426519749541
sub-063,2,C,F3,15.0,-3.8276693727912114
sub-063,2,C,F4,15.0,4.915012657333133
sub-063,2,C,C3,15.0,3.406048824514889
sub-063,2,C,C4,15.0,5.992110824513749
sub-063,2,C,P3,15.0,5.441952556474386
sub-063,2,C,P4,15.0,8.142333378750081
sub-063,2,C,O1,15.0,10.251335393765908
sub-063,2,C,O2,15.0,6.397897291825246
sub-063,2,C,F7,15.0,6.924675943176826
sub-063,2,C,F8,15.0,6.729528986907485
sub-063,2,C,T3,15.0,6.712201505062502
sub-063,2,C,T4,15.0,7.375854973035438
sub-063,2,C,T5,15.0,5.883459378181309
sub-063,2,C,T6,15.0,11.576700751926436
sub-063,2,C,Fz,15.0,-0.04901107259182275
sub-063,2,C,Cz,15.0,8.708770163807394
sub-063,2,C,Pz,15.0,9.134576138852754
sub-063,3,C,Fp1,20.0,0.8034862559168583
sub-063,3,C,Fp2,20.0,0.006644519832984775
sub-063,3,C,F3,20.0,1.3309841553435755
sub-063,3,C,F4,20.0,1.0593407669727546
sub-063,3,C,C3,20.0,0.8277635542116661
sub-063,3,C,C4,20.0,7.586870437374178
sub-063,3,C,P3,20.0,6.293423021614279
sub-063,3,C,P4,20.0,8.574797661474724
sub-063,3,C,O1,20.0,8.877438619087975
sub-063,3,C,O2,20.0,7.431342171768938
sub-063,3,C,F7,20.0,3.9836905474163116
sub-063,3,C,F8,20.0,-1.4472265074913726
sub-063,3,C,T3,20.0,5.309713049711728
sub-063,3,C,T4,20.0,1.68135986819882
sub-063,3,C,T5,20.0,7.088693295223711
sub-063,3,C,T6,20.0,4.881313012415394
sub-063,3,C,Fz,20.0,-2.5773242391833757
sub-063,3,C,Cz,20.0,6.5296395158967
sub-063,3,C,Pz,20.0,10.149247025783978
sub-064,0,C,Fp1,5.0,4.516197926516362
sub-064,0,C,Fp2,5.0,3.0308301926626093
sub-064,0,C,F3,5.0,-11.327003762172092
sub-064,0,C,F4,5.0,-4.619124079403511
sub-064,0,C,C3,5.0,2.3637039151974832
sub-064,0,C,C4,5.0,-4.3037319075502385
sub-064,0,C,P3,5.0,3.671592696467388
sub-064,0,C,P4,5.0,0.1626577951631873
sub-064,0,C,O1,5.0,0.3119968170240868
sub-064,0,C,O2,5.0,2.1183724758282967
sub-064,0,C,F7,5.0,3.621319840171062
sub-064,0,C,F8,5.0,-1.4697334637896098
sub-064,0,C,T3,5.0,1.3877519556869888
sub-064,0,C,T4,5.0,-3.084723708393724
sub-064,0,C,T5,5.0,2.3088032504037352
sub-064,0,C,T6,5.0,-1.2858770023162642
sub-064,0,C,Fz,5.0,-5.213614653246593
sub-064,0,C,Cz,5.0,0.12093059612143212
sub-064,0,C,Pz,5.0,3.1433072168504834
sub-065,0,C,Fp1,5.0,1.197906172731436
sub-065,0,C,Fp2,5.0,-2.314597975803665
sub-065,0,C,F3,5.0,-3.667783004267978
sub-065,0,C,F4,5.0,5.052579528098292
sub-065,0,C,C3,5.0,2.752099470931102
sub-065,0,C,C4,5.0,7.0251165544367025
sub-065,0,C,P3,5.0,-0.0037389850550848393
sub-065,0,C,P4,5.0,3.8252307025052072
sub-065,0,C,O1,5.0,11.464871494251627
sub-065,0,C,O2,5.0,11.260182983101997
sub-065,0,C,F7,5.0,2.167901471881524
sub-065,0,C,F8,5.0,4.092837737273155
sub-065,0,C,T3,5.0,7.732283707508241
sub-065,0,C,T4,5.0,4.150743819577634
sub-065,0,C,T5,5.0,9.463386643153605
sub-065,0,C,T6,5.0,4.162966445299988
sub-065,0,C,Fz,5.0,2.7607845160536453
sub-065,0,C,Cz,5.0,7.05120096948355
sub-065,0,C,Pz,5.0,5.998674545931787
sub-066,0,F,Fp1,5.0,2.5419509089051155
sub-066,0,F,Fp2,5.0,-4.568485341327277
sub-066,0,F,F3,5.0,8.19681424914717
sub-066,0,F,F4,5.0,1.8826168939428092
sub-066,0,F,C3,5.0,1.7911518297312075
sub-066,0,F,C4,5.0,5.516014234955145
sub-066,0,F,P3,5.0,4.830828062815817
sub-066,0,F,P4,5.0,10.700553526871698
sub-066,0,F,O1,5.0,10.865974411137373
sub-066,0,F,O2,5.0,10.753490524264219
sub-066,0,F,F7,5.0,4.939930321110054
sub-066,0,F,F8,5.0,-7.183322892756884
sub-066,0,F,T3,5.0,3.390929540424307
sub-066,0,F,T4,5.0,-2.5099680466354797
sub-066,0,F,T5,5.0,-0.9939247784494238
sub-066,0,F,T6,5.0,3.7446714160229493
sub-066,0,F,Fz,5.0,-4.866944063247672
sub-066,0,F,Cz,5.0,-5.831938311497728
sub-066,0,F,Pz,5.0,7.6907040109206175
sub-066,1,F,Fp1,10.0,6.69043985458329
sub-066,1,F,Fp2,10.0,-2.7744982151365294
sub-066,1,F,F3,10.0,7.965380890813409
sub-066,1,F,F4,10.0,11.116309190388305
sub-066,1,F,C3,10.0,11.154880892054157
sub-066,1,F,C4,10.0,7.467954071021177
sub-066,1,F,P3,10.0,7.129208742479052
sub-066,1,F,P4,10.0,3.875624983770564
sub-066,1,F,O1,10.0,9.444228104834117
sub-066,1,F,O2,10.0,8.288131473959698
sub-066,1,F,F7,10.0,2.475255617874637
sub-066,1,F,F8,10.0,2.7489453256585117
sub-066,1,F,T3,10.0,8.822406604691231
sub-066,1,F,T4,10.0,1.8740846909004483
sub-066,1,F,T5,10.0,9.412389659222878
sub-066,1,F,T6,10.0,3.760984285655467
sub-066,1,F,Fz,10.0,7.155881654123437
sub-066,1,F,Cz,10.0,6.849316916826329
sub-066,1,F,Pz,10.0,1.219647976236172
sub-066,2,F,Fp1,15.0,-2.7501141789749237
sub-066,2,F,Fp2,15.0,2.599609909278606
sub-066,2,F,F3,15.0,-8.726389819381033
sub-066,2,F,F4,15.0,8.83535030911727
sub-066,2,F,C3,15.0,6.921781859366083
sub-066,2,F,C4,15.0,6.407394357309895
sub-066,2,F,P3,15.0,-5.581723303420633
sub-066,2,F,P4,15.0,-2.495334386535758
sub-066,2,F,O1,15.0,1.8953269781134225
sub-066,2,F,O2,15.0,1.738594048989999
sub-066,2,F,F7,15.0,-0.5842339958204484
sub-066,2,F,F8,15.0,5.1445985085522015
sub-066,2,F,T3,15.0,2.7060717960624054
sub-066,2,F,T4,15.0,-7.006790586081646
sub-066,2,F,T5,15.0,-6.34876281933923
sub-066,2,F,T6,15.0,-1.9013911414477294
sub-066,2,F,Fz,15.0,0.6658900742804092
sub-066,2,F,Cz,15.0,6.314422757082179
sub-066,2,F,Pz,15.0,-6.8383043320279135
sub-066,3,F,Fp1,20.0,-2.097205023997987
sub-066,3,F,Fp2,20.0,9.429287641509795
sub-066,3,F,F3,20.0,10.192030050327357
sub-066,3,F,F4,20.0,8.719760632807235
sub-066,3,F,C3,20.0,-0.06997247543860183
sub-066,3,F,C4,20.0,-6.204099441754531
sub-066,3,F,P3,20.0,8.64403340563144
sub-066,3,F,P4,20.0,7.491791401723752
sub-066,3,F,O1,20.0,11.250110341440017
sub-066,3,F,O2,20.0,9.166973725998119
sub-066,3,F,F7,20.0,-0.6972261660101746
sub-066,3,F,F8,20.0,10.050830869811001
sub-066,3,F,T3,20.0,2.1792736812701805
sub-066,3,F,T4,20.0,-9.584557927812972
sub-066,3,F,T5,20.0,6.48398874993325
sub-066,3,F,T6,20.0,4.122304202972007
sub-066,3,F,Fz,20.0,13.839715782878306
sub-066,3,F,Cz,20.0,2.804988586276222
sub-066,3,F,Pz,20.0,8.93874582551197
sub-066,4,F,Fp1,15.0,3.1906943453253027
sub-066,4,F,Fp2,15.0,-8.154448826181497
sub-066,4,F,F3,15.0,11.46675306465377
sub-066,4,F,F4,15.0,6.765710825123158
sub-066,4,F,C3,15.0,5.61239728170067
sub-066,4,F,C4,15.0,11.634704858712565
sub-066,4,F,P3,15.0,-16.580263838944624
sub-066,4,F,P4,15.0,12.977259561537846
sub-066,4,F,O1,15.0,7.008945311786702
sub-066,4,F,O2,15.0,9.926380139782777
sub-066,4,F,F7,15.0,9.002858508496223
sub-066,4,F,F8,15.0,-1.5994019917722988
sub-066,4,F,T3,15.0,16.44132490132103
sub-066,4,F,T4,15.0,8.918834644744356
sub-066,4,F,T5,15.0,0.6609071781452475
sub-066,4,F,T6,15.0,15.682235707296764
sub-066,4,F,Fz,15.0,5.916716694348114
sub-066,4,F,Cz,15.0,3.3668182418661203
sub-066,4,F,Pz,15.0,5.88122575711531
sub-067,0,F,Fp1,5.0,1.7181931395397056
sub-067,0,F,Fp2,5.0,6.895010095190035
sub-067,0,F,F3,5.0,1.9422561462740628
sub-067,0,F,F4,5.0,6.704188962951595
sub-067,0,F,C3,5.0,2.415767913872735
sub-067,0,F,C4,5.0,6.969900339011204
sub-067,0,F,P3,5.0,5.686408363017831
sub-067,0,F,P4,5.0,5.457010737651928
sub-067,0,F,O1,5.0,6.597891302435144
sub-067,0,F,O2,5.0,5.485344510577457
sub-067,0,F,F7,5.0,1.093630795537615
sub-067,0,F,F8,5.0,7.638623465031107
sub-067,0,F,T3,5.0,-0.5887860128785795
sub-067,0,F,T4,5.0,-3.5837080045799645
sub-067,0,F,T5,5.0,0.7148084930837446
sub-067,0,F,T6,5.0,5.364591221245316
sub-067,0,F,Fz,5.0,-0.4695247713605105
sub-067,0,F,Cz,5.0,3.475902570435804
sub-067,0,F,Pz,5.0,5.522237145524384
sub-067,1,F,Fp1,10.0,-6.410274905618896
sub-067,1,F,Fp2,10.0,4.982151576152226
sub-067,1,F,F3,10.0,8.798590944599798
sub-067,1,F,F4,10.0,9.387272075197854
sub-067,1,F,C3,10.0,5.698534709205989
sub-067,1,F,C4,10.0,10.165588260681972
sub-067,1,F,P3,10.0,7.716787814097658
sub-067,1,F,P4,10.0,6.961926867175942
sub-067,1,F,O1,10.0,13.055373258790674
sub-067,1,F,O2,10.0,10.877605037986333
sub-067,1,F,F7,10.0,2.1249712982806654
sub-067,1,F,F8,10.0,10.464893717308051
sub-067,1,F,T3,10.0,8.558551535403108
sub-067,1,F,T4,10.0,5.656589774763948
sub-067,1,F,T5,10.0,10.345070912319356
sub-067,1,F,T6,10.0,7.9521316055639435
sub-067,1,F,Fz,10.0,8.109656312865921
sub-067,1,F,Cz,10.0,10.940946460898093
sub-067,1,F,Pz,10.0,12.65725028311341
sub-067,2,F,Fp1,15.0,10.475664193441823
sub-067,2,F,Fp2,15.0,10.338797995147422
sub-067,2,F,F3,15.0,6.013510075219558
sub-067,2,F,F4,15.0,-7.896329678406609
sub-067,2,F,C3,15.0,14.148011362519908
sub-067,2,F,C4,15.0,-1.5088598815188194
sub-067,2,F,P3,15.0,11.961590090121852
sub-067,2,F,P4,15.0,0.12789253805011566
sub-067,2,F,O1,15.0,6.563522504488767
sub-067,2,F,O2,15.0,3.54791730432505
sub-067,2,F,F7,15.0,3.4745541826513926
sub-067,2,F,F8,15.0,12.827652160731226
sub-067,2,F,T3,15.0,3.4667942462048402
sub-067,2,F,T4,15.0,8.321761057205824
sub-067,2,F,T5,15.0,0.15651396022447858
sub-067,2,F,T6,15.0,-5.007247626087271
sub-067,2,F,Fz,15.0,-1.4273289358176755
sub-067,2,F,Cz,15.0,7.186251085915893
sub-067,2,F,Pz,15.0,6.01706491103628
sub-067,3,F,Fp1,20.0,3.4839320932596562
sub-067,3,F,Fp2,20.0,7.488375383045614
sub-067,3,F,F3,20.0,3.691127748067453
sub-067,3,F,F4,20.0,12.333881787944193
sub-067,3,F,C3,20.0,-0.32823490710201403
sub-067,3,F,C4,20.0,12.176258142014815
sub-067,3,F,P3,20.0,15.89444729704389
sub-067,3,F,P4,20.0,6.625586182387117
sub-067,3,F,O1,20.0,15.110056135322928
sub-067,3,F,O2,20.0,12.03104352265569
sub-067,3,F,F7,20.0,10.488694465742787
sub-067,3,F,F8,20.0,11.027740435410088
sub-067,3,F,T3,20.0,-5.098184422791988
sub-067,3,F,T4,20.0,4.082293604351116
sub-067,3,F,T5,20.0,13.493905851797194
sub-067,3,F,T6,20.0,5.312164857560239
sub-067,3,F,Fz,20.0,10.59995331625801
sub-067,3,F,Cz,20.0,5.626652710237563
sub-067,3,F,Pz,20.0,9.723703828233406
sub-067,4,F,Fp1,10.0,4.291676013015656
sub-067,4,F,Fp2,10.0,2.550827634303814
sub-067,4,F,F3,10.0,3.7237062638607
sub-067,4,F,F4,10.0,5.350066034309075
sub-067,4,F,C3,10.0,-3.02460362622615
sub-067,4,F,C4,10.0,2.9399565675770485
sub-067,4,F,P3,10.0,6.541926851893657
sub-067,4,F,P4,10.0,0.05944515196242828
sub-067,4,F,O1,10.0,7.740139987266418
sub-067,4,F,O2,10.0,2.2002861245317002
sub-067,4,F,F7,10.0,6.154595679516252
sub-067,4,F,F8,10.0,4.518796871998186
sub-067,4,F,T3,10.0,2.028206668170571
sub-067,4,F,T4,10.0,2.9723636090563827
sub-067,4,F,T5,10.0,-6.301730344123277
sub-067,4,F,T6,10.0,1.6954965159169177
sub-067,4,F,Fz,10.0,0.2501425267773534
sub-067,4,F,Cz,10.0,3.0876055049005235
sub-067,4,F,Pz,10.0,6.302873494555408
sub-068,0,F,Fp1,5.0,-1.2147805026120797
sub-068,0,F,Fp2,5.0,-7.008997290017657
sub-068,0,F,F3,5.0,4.773928148790683
sub-068,0,F,F4,5.0,7.114483746313118
sub-068,0,F,C3,5.0,-6.995736320401336
sub-068,0,F,C4,5.0,-2.308752685300908
sub-068,0,F,P3,5.0,-4.527433581882996
sub-068,0,F,P4,5.0,-4.151925915537648
sub-068,0,F,O1,5.0,-0.6689067562602756
sub-068,0,F,O2,5.0,-2.24236722781239
sub-068,0,F,F7,5.0,-1.0769216866978808
sub-068,0,F,F8,5.0,-7.399275433976353
sub-068,0,F,T3,5.0,-5.467024696282621
sub-068,0,F,T4,5.0,3.625134140128694
sub-068,0,F,T5,5.0,-7.231415658087066
sub-068,0,F,T6,5.0,-4.815765558396608
sub-068,0,F,Fz,5.0,4.952759252867658
sub-068,0,F,Cz,5.0,-3.067989170318357
sub-068,0,F,Pz,5.0,-2.4085621598476807
sub-068,1,F,Fp1,10.0,-0.05446525310090714
sub-068,1,F,Fp2,10.0,-3.8372037860384367
sub-068,1,F,F3,10.0,3.7775600906795663
sub-068,1,F,F4,10.0,3.9777047070752762
sub-068,1,F,C3,10.0,6.68067172928172
sub-068,1,F,C4,10.0,5.050375962050969
sub-068,1,F,P3,10.0,3.6680027339510293
sub-068,1,F,P4,10.0,2.7549024569828413
sub-068,1,F,O1,10.0,-2.8367187152089226
sub-068,1,F,O2,10.0,4.035076137382852
sub-068,1,F,F7,10.0,1.7622826200087858
sub-068,1,F,F8,10.0,2.1524702360169123
sub-068,1,F,T3,10.0,2.138793771152811
sub-068,1,F,T4,10.0,2.5627017963619254
sub-068,1,F,T5,10.0,-4.622683327893374
sub-068,1,F,T6,10.0,5.67571236709731
sub-068,1,F,Fz,10.0,0.35871298362980186
sub-068,1,F,Cz,10.0,9.215194117203664
sub-068,1,F,Pz,10.0,6.7110943336162245
sub-068,2,F,Fp1,15.0,-0.14105993835590558
sub-068,2,F,Fp2,15.0,-1.954698498122689
sub-068,2,F,F3,15.0,-0.8331813475567741
sub-068,2,F,F4,15.0,-0.13214591057382108
sub-068,2,F,C3,15.0,4.525681443508863
sub-068,2,F,C4,15.0,-1.9221548302767102
sub-068,2,F,P3,15.0,3.3489552802171136
sub-068,2,F,P4,15.0,-5.476004407901956
sub-068,2,F,O1,15.0,2.5624530094256253
sub-068,2,F,O2,15.0,0.3443912186107546
sub-068,2,F,F7,15.0,-11.124234230275526
sub-068,2,F,F8,15.0,1.9174887334091728
sub-068,2,F,T3,15.0,-1.2553756561093585
sub-068,2,F,T4,15.0,-1.3518507523675076
sub-068,2,F,T5,15.0,1.337204451997753
sub-068,2,F,T6,15.0,-1.313485645887818
sub-068,2,F,Fz,15.0,-5.886366998247522
sub-068,2,F,Cz,15.0,-2.6874349738401673
sub-068,2,F,Pz,15.0,-2.191255063099879
sub-068,3,F,Fp1,20.0,2.65779692756015
sub-068,3,F,Fp2,20.0,6.366015588026391
sub-068,3,F,F3,20.0,-0.3167362104951742
sub-068,3,F,F4,20.0,2.4635183010025425
sub-068,3,F,C3,20.0,1.857477467079037
sub-068,3,F,C4,20.0,2.344925959989795
sub-068,3,F,P3,20.0,-3.8942286695002992
sub-068,3,F,P4,20.0,8.945787821101662
sub-068,3,F,O1,20.0,2.195215582924182
sub-068,3,F,O2,20.0,6.669473383257936
sub-068,3,F,F7,20.0,5.494259494132755
sub-068,3,F,F8,20.0,1.3222453121954456
sub-068,3,F,T3,20.0,4.466321816975588
sub-068,3,F,T4,20.0,-0.5696779896943504
sub-068,3,F,T5,20.0,-5.021002307526058
sub-068,3,F,T6,20.0,2.2936927397782805
sub-068,3,F,Fz,20.0,0.9662178954442799
sub-068,3,F,Cz,20.0,3.946365293808796
sub-068,3,F,Pz,20.0,6.765018740607709
sub-068,4,F,Fp1,5.0,-3.347837019664553
sub-068,4,F,Fp2,5.0,-0.6316718597303318
sub-068,4,F,F3,5.0,2.2572534890065286
sub-068,4,F,F4,5.0,-7.605350388712027
sub-068,4,F,C3,5.0,-1.3736362239372824
sub-068,4,F,C4,5.0,3.8504558540807743
sub-068,4,F,P3,5.0,-7.325630278059162
sub-068,4,F,P4,5.0,0.8059357869641383
sub-068,4,F,O1,5.0,1.7903994264992529
sub-068,4,F,O2,5.0,2.185874564872197
sub-068,4,F,F7,5.0,-6.955322601202951
sub-068,4,F,F8,5.0,-5.7951702726930465
sub-068,4,F,T3,5.0,-15.494389790617438
sub-068,4,F,T4,5.0,0.769235601286131
sub-068,4,F,T5,5.0,-8.910648072631513
sub-068,4,F,T6,5.0,-0.380133373548875
sub-068,4,F,Fz,5.0,-3.2371443429948195
sub-068,4,F,Cz,5.0,-4.165937580723609
sub-068,4,F,Pz,5.0,0.250119620702228
sub-069,0,F,Fp1,5.0,-0.08033919614459455
sub-069,0,F,Fp2,5.0,-3.2577904220560527
sub-069,0,F,F3,5.0,6.361756431999882
sub-069,0,F,F4,5.0,7.425200059033746
sub-069,0,F,C3,5.0,6.560196019459916
sub-069,0,F,C4,5.0,-17.243804282722273
sub-069,0,F,P3,5.0,5.787892052343217
sub-069,0,F,P4,5.0,1.1771395712114836
sub-069,0,F,O1,5.0,4.704474859530896
sub-069,0,F,O2,5.0,7.660655934994878
sub-069,0,F,F7,5.0,0.2716038991746502
sub-069,0,F,F8,5.0,0.483647710560416
sub-069,0,F,T3,5.0,-12.018438494570756
sub-069,0,F,T4,5.0,-4.046853264329464
sub-069,0,F,T5,5.0,2.7982299032492284
sub-069,0,F,T6,5.0,5.987434731252676
sub-069,0,F,Fz,5.0,1.0485739631772375
sub-069,0,F,Cz,5.0,9.784898851151716
sub-069,0,F,Pz,5.0,7.652583301791944
sub-069,1,F,Fp1,10.0,-9.853347714140428
sub-069,1,F,Fp2,10.0,4.598503495784994
sub-069,1,F,F3,10.0,7.152250425555967
sub-069,1,F,F4,10.0,-17.29811700797399
sub-069,1,F,C3,10.0,8.527878725833371
sub-069,1,F,C4,10.0,3.2261362647009757
sub-069,1,F,P3,10.0,6.624915114720911
sub-069,1,F,P4,10.0,-1.3527848666129003
sub-069,1,F,O1,10.0,10.64381783749618
sub-069,1,F,O2,10.0,5.832017144871793
sub-069,1,F,F7,10.0,1.7205695268299075
sub-069,1,F,F8,10.0,4.310063815842628
sub-069,1,F,T3,10.0,-0.3645944342871504
sub-069,1,F,T4,10.0,4.646119361776822
sub-069,1,F,T5,10.0,4.245361688041985
sub-069,1,F,T6,10.0,-4.847105916279213
sub-069,1,F,Fz,10.0,7.087577296327913
sub-069,1,F,Cz,10.0,5.865942322595775
sub-069,1,F,Pz,10.0,4.201498593405224
sub-069,2,F,Fp1,15.0,4.733283041850725
sub-069,2,F,Fp2,15.0,3.7618432365556966
sub-069,2,F,F3,15.0,4.08660891812472
sub-069,2,F,F4,15.0,5.66644723392549
sub-069,2,F,C3,15.0,0.9340104502187399
sub-069,2,F,C4,15.0,7.68680478531584
sub-069,2,F,P3,15.0,7.523926123128869
sub-069,2,F,P4,15.0,4.686102181448838
sub-069,2,F,O1,15.0,8.792193881253409
sub-069,2,F,O2,15.0,7.237285460170158
sub-069,2,F,F7,15.0,5.397027785616324
sub-069,2,F,F8,15.0,8.954168159876739
sub-069,2,F,T3,15.0,-0.4912727475790635
sub-069,2,F,T4,15.0,7.174129155011434
sub-069,2,F,T5,15.0,2.785931653869655
sub-069,2,F,T6,15.0,2.598004987850579
sub-069,2,F,Fz,15.0,4.775884797640965
sub-069,2,F,Cz,15.0,9.343071689771769
sub-069,2,F,Pz,15.0,7.943253380167741
sub-069,3,F,Fp1,20.0,-5.192405534558306
sub-069,3,F,Fp2,20.0,5.447830750521378
sub-069,3,F,F3,20.0,-1.2684112055656427
sub-069,3,F,F4,20.0,3.2359949635532175
sub-069,3,F,C3,20.0,7.053489043222095
sub-069,3,F,C4,20.0,2.362362286259952
sub-069,3,F,P3,20.0,2.4307048490005907
sub-069,3,F,P4,20.0,-2.1288079708505854
sub-069,3,F,O1,20.0,-4.318926355546821
sub-069,3,F,O2,20.0,-1.1868717355554994
sub-069,3,F,F7,20.0,3.487849222867232
sub-069,3,F,F8,20.0,-1.621923701084106
sub-069,3,F,T3,20.0,6.111357703146238
sub-069,3,F,T4,20.0,1.4385420540495262
sub-069,3,F,T5,20.0,3.5162173237052494
sub-069,3,F,T6,20.0,-6.100926932095786
sub-069,3,F,Fz,20.0,-5.110488705950834
sub-069,3,F,Cz,20.0,-4.799398782616217
sub-069,3,F,Pz,20.0,-5.18565441657749
sub-069,4,F,Fp1,5.0,2.073685917104947
sub-069,4,F,Fp2,5.0,5.744799040165191
sub-069,4,F,F3,5.0,7.144695464923738
sub-069,4,F,F4,5.0,5.643218895842218
sub-069,4,F,C3,5.0,-1.4595119916184092
sub-069,4,F,C4,5.0,5.584695284111944
sub-069,4,F,P3,5.0,4.7412083329660595
sub-069,4,F,P4,5.0,-0.4894668480211431
sub-069,4,F,O1,5.0,17.415141975393926
sub-069,4,F,O2,5.0,14.194471637016894
sub-069,4,F,F7,5.0,4.065943448995437
sub-069,4,F,F8,5.0,2.403267297501672
sub-069,4,F,T3,5.0,0.13378844721229474
sub-069,4,F,T4,5.0,-1.3095193323211676
sub-069,4,F,T5,5.0,4.808477658299425
sub-069,4,F,T6,5.0,5.794048890622522
sub-069,4,F,Fz,5.0,5.121368732999838
sub-069,4,F,Cz,5.0,-6.95392850668875
sub-069,4,F,Pz,5.0,4.23792000871272
sub-070,0,F,Fp1,5.0,4.181112025267329
sub-070,0,F,Fp2,5.0,1.2976388108952697
sub-070,0,F,F3,5.0,1.9694619465452303
sub-070,0,F,F4,5.0,2.779584666339341
sub-070,0,F,C3,5.0,-6.173096736817635
sub-070,0,F,C4,5.0,1.9453712109177772
sub-070,0,F,P3,5.0,-0.47798147022379606
sub-070,0,F,P4,5.0,2.6607867726139336
sub-070,0,F,O1,5.0,7.67609872626168
sub-070,0,F,O2,5.0,11.622844202430416
sub-070,0,F,F7,5.0,4.679817039886146
sub-070,0,F,F8,5.0,-0.4723023173412575
sub-070,0,F,T3,5.0,1.83234004993432
sub-070,0,F,T4,5.0,-6.760442749204696
sub-070,0,F,T5,5.0,1.0928671372700458
sub-070,0,F,T6,5.0,7.777467480002768
sub-070,0,F,Fz,5.0,9.657389254847198
sub-070,0,F,Cz,5.0,0.3725805948770158
sub-070,0,F,Pz,5.0,8.569364876358271
sub-070,1,F,Fp1,10.0,7.917013289185836
sub-070,1,F,Fp2,10.0,10.90463233658098
sub-070,1,F,F3,10.0,5.944161101952041
sub-070,1,F,F4,10.0,-11.377998617128895
sub-070,1,F,C3,10.0,9.670101976895966
sub-070,1,F,C4,10.0,-0.1789047804504232
sub-070,1,F,P3,10.0,7.51045049899195
sub-070,1,F,P4,10.0,5.806347684457056
sub-070,1,F,O1,10.0,10.493465064888511
sub-070,1,F,O2,10.0,11.758050549481052
sub-070,1,F,F7,10.0,5.731027091962176
sub-070,1,F,F8,10.0,9.509164789359954
sub-070,1,F,T3,10.0,3.3727535313442485
sub-070,1,F,T4,10.0,7.73882151950846
sub-070,1,F,T5,10.0,5.3185488709787885
sub-070,1,F,T6,10.0,9.969083386662495
sub-070,1,F,Fz,10.0,-3.051016094117803
sub-070,1,F,Cz,10.0,7.2328345360945505
sub-070,1,F,Pz,10.0,7.117747898643655
sub-070,2,F,Fp1,15.0,-0.3791030555465579
sub-070,2,F,Fp2,15.0,0.1040732968931086
sub-070,2,F,F3,15.0,2.310217505247851
sub-070,2,F,F4,15.0,7.1772247751987095
sub-070,2,F,C3,15.0,2.457168063672623
sub-070,2,F,C4,15.0,6.0931875647695275
sub-070,2,F,P3,15.0,11.621498639125303
sub-070,2,F,P4,15.0,-0.9163016710154347
sub-070,2,F,O1,15.0,15.436935675831599
sub-070,2,F,O2,15.0,9.35374893119175
sub-070,2,F,F7,15.0,2.4864518209065527
sub-070,2,F,F8,15.0,6.403473048757117
sub-070,2,F,T3,15.0,0.9505940552826025
sub-070,2,F,T4,15.0,5.552849349114225
sub-070,2,F,T5,15.0,12.082821853847058
sub-070,2,F,T6,15.0,4.249689847593218
sub-070,2,F,Fz,15.0,7.540065410291871
sub-070,2,F,Cz,15.0,0.26795729938642077
sub-070,2,F,Pz,15.0,4.444536658543512
sub-070,3,F,Fp1,20.0,7.887130000157904
sub-070,3,F,Fp2,20.0,4.515090662935571
sub-070,3,F,F3,20.0,-3.934868771715493
sub-070,3,F,F4,20.0,-23.84587818826377
sub-070,3,F,C3,20.0,2.597520587365461
sub-070,3,F,C4,20.0,1.4099333245547898
sub-070,3,F,P3,20.0,2.1409756035543177
sub-070,3,F,P4,20.0,4.722454212037651
sub-070,3,F,O1,20.0,-3.191100469418735
sub-070,3,F,O2,20.0,5.163276270272848
sub-070,3,F,F7,20.0,-0.29587455061385526
sub-070,3,F,F8,20.0,-1.4605692539607364
sub-070,3,F,T3,20.0,7.793200926022075
sub-070,3,F,T4,20.0,-2.940230045537323
sub-070,3,F,T5,20.0,5.028710449678401
sub-070,3,F,T6,20.0,2.1623499591912076
sub-070,3,F,Fz,20.0,-2.8817955696380815
sub-070,3,F,Cz,20.0,1.3766182898983403
sub-070,3,F,Pz,20.0,6.420269843431292
sub-070,4,F,Fp1,5.0,-4.110445128867384
sub-070,4,F,Fp2,5.0,-5.064963975094436
sub-070,4,F,F3,5.0,-0.6007485535440625
sub-070,4,F,F4,5.0,3.0243541040935673
sub-070,4,F,C3,5.0,-5.218660816006011
sub-070,4,F,C4,5.0,4.105836502607589
sub-070,4,F,P3,5.0,0.6488770850039961
sub-070,4,F,P4,5.0,-2.2648263420242567
sub-070,4,F,O1,5.0,5.678968670791496
sub-070,4,F,O2,5.0,2.300981093890313
sub-070,4,F,F7,5.0,-4.604090139908977
sub-070,4,F,F8,5.0,6.434140847862682
sub-070,4,F,T3,5.0,0.7849823609780832
sub-070,4,F,T4,5.0,0.44602767504007756
sub-070,4,F,T5,5.0,0.6946227604927567
sub-070,4,F,T6,5.0,-2.545191935910524
sub-070,4,F,Fz,5.0,3.6189189053109057
sub-070,4,F,Cz,5.0,0.012013336698914821
sub-070,4,F,Pz,5.0,1.8032251405263031
sub-071,0,F,Fp1,5.0,-2.470486740175921
sub-071,0,F,Fp2,5.0,-0.8143032984500145
sub-071,0,F,F3,5.0,0.8952136410054241
sub-071,0,F,F4,5.0,4.2836821478735745
sub-071,0,F,C3,5.0,-2.5252782380443217
sub-071,0,F,C4,5.0,2.120781171604336
sub-071,0,F,P3,5.0,-0.008450725959673765
sub-071,0,F,P4,5.0,-0.25455881133571456
sub-071,0,F,O1,5.0,10.271822443660334
sub-071,0,F,O2,5.0,8.340570757029761
sub-071,0,F,F7,5.0,-2.1244467424442988
sub-071,0,F,F8,5.0,-1.2543945259403713
sub-071,0,F,T3,5.0,-9.41763702993281
sub-071,0,F,T4,5.0,3.7394583102397707
sub-071,0,F,T5,5.0,-3.1377926829532408
sub-071,0,F,T6,5.0,1.294572696466609
sub-071,0,F,Fz,5.0,8.638458711596755
sub-071,0,F,Cz,5.0,1.61438337006249
sub-071,0,F,Pz,5.0,-0.3508539534604829
sub-071,1,F,Fp1,10.0,-5.63970720857297
sub-071,1,F,Fp2,10.0,6.7512474768447515
sub-071,1,F,F3,10.0,2.7043117110420334
sub-071,1,F,F4,10.0,4.3468536711191526
sub-071,1,F,C3,10.0,4.918648364750685
sub-071,1,F,C4,10.0,-3.1348534797693683
sub-071,1,F,P3,10.0,5.537789328834826
sub-071,1,F,P4,10.0,0.3234147446184952
sub-071,1,F,O1,10.0,9.652102514836216
sub-071,1,F,O2,10.0,9.804599579816601
sub-071,1,F,F7,10.0,-0.6969903166018951
sub-071,1,F,F8,10.0,0.5554549805242548
sub-071,1,F,T3,10.0,4.9284600161384775
sub-071,1,F,T4,10.0,0.6247027668271914
sub-071,1,F,T5,10.0,-6.849283924652151
sub-071,1,F,T6,10.0,0.998823669019102
sub-071,1,F,Fz,10.0,8.729308346782044
sub-071,1,F,Cz,10.0,3.112013368472488
sub-071,1,F,Pz,10.0,5.679915758961974
sub-071,2,F,Fp1,15.0,-0.6084113999481346
sub-071,2,F,Fp2,15.0,2.3002615726119715
sub-071,2,F,F3,15.0,-0.30442739143887515
sub-071,2,F,F4,15.0,1.0635263982174625
sub-071,2,F,C3,15.0,-2.75817770778183
sub-071,2,F,C4,15.0,7.3890067081101005
sub-071,2,F,P3,15.0,13.19797610791414
sub-071,2,F,P4,15.0,-0.9896441543717647
sub-071,2,F,O1,15.0,12.1448213657057
sub-071,2,F,O2,15.0,3.182342922877952
sub-071,2,F,F7,15.0,2.484385104324875
sub-071,2,F,F8,15.0,1.3788283238624675
sub-071,2,F,T3,15.0,5.7109497977057835
sub-071,2,F,T4,15.0,-1.7611866524347635
sub-071,2,F,T5,15.0,13.80183012676529
sub-071,2,F,T6,15.0,0.4377262183218973
sub-071,2,F,Fz,15.0,9.481512229070757
sub-071,2,F,Cz,15.0,9.371378144377912
sub-071,2,F,Pz,15.0,9.156665179030128
sub-071,3,F,Fp1,20.0,-2.7655945493886076
sub-071,3,F,Fp2,20.0,4.869226370286542
sub-071,3,F,F3,20.0,-0.5487095761641548
sub-071,3,F,F4,20.0,7.746743662956823
sub-071,3,F,C3,20.0,3.9170892807909654
sub-071,3,F,C4,20.0,4.330736175931374
sub-071,3,F,P3,20.0,8.474721952886481
sub-071,3,F,P4,20.0,2.404886810543762
sub-071,3,F,O1,20.0,10.711883167233452
sub-071,3,F,O2,20.0,9.498846748798101
sub-071,3,F,F7,20.0,-4.484537891951476
sub-071,3,F,F8,20.0,7.354692777236886
sub-071,3,F,T3,20.0,-6.115150391684812
sub-071,3,F,T4,20.0,2.5976442603120162
sub-071,3,F,T5,20.0,3.5973488050507676
sub-071,3,F,T6,20.0,7.115516822700034
sub-071,3,F,Fz,20.0,9.166267993431754
sub-071,3,F,Cz,20.0,10.18615254568956
sub-071,3,F,Pz,20.0,7.787686686896863
sub-071,4,F,Fp1,5.0,-3.9156998918477113
sub-071,4,F,Fp2,5.0,0.8511474722665671
sub-071,4,F,F3,5.0,0.5643256208819312
sub-071,4,F,F4,5.0,1.3660546653025396
sub-071,4,F,C3,5.0,-3.2631934373673714
sub-071,4,F,C4,5.0,2.8889729915039783
sub-071,4,F,P3,5.0,0.40607266602319975
sub-071,4,F,P4,5.0,5.236626935910524
sub-071,4,F,O1,5.0,1.939933680099192
sub-071,4,F,O2,5.0,2.7630261823873887
sub-071,4,F,F7,5.0,-2.4676166528375996
sub-071,4,F,F8,5.0,-1.1534398259017808
sub-071,4,F,T3,5.0,-2.5877121426016068
sub-071,4,F,T4,5.0,-10.043867153123847
sub-071,4,F,T5,5.0,4.18253582324004
sub-071,4,F,T6,5.0,6.611089519489419
sub-071,4,F,Fz,5.0,2.4009446940001795
sub-071,4,F,Cz,5.0,-0.8620841668265979
sub-071,4,F,Pz,5.0,2.4150828981611587
sub-072,0,F,Fp1,5.0,10.184458169641651
sub-072,0,F,Fp2,5.0,6.67937267906856
sub-072,0,F,F3,5.0,4.876566838127908
sub-072,0,F,F4,5.0,-1.1607628629705944
sub-072,0,F,C3,5.0,4.116323372370455
sub-072,0,F,C4,5.0,11.135784636431152
sub-072,0,F,P3,5.0,4.261414440407847
sub-072,0,F,P4,5.0,10.950914183978124
sub-072,0,F,O1,5.0,3.8813125168641633
sub-072,0,F,O2,5.0,8.361794335856407
sub-072,0,F,F7,5.0,6.53451176213106
sub-072,0,F,F8,5.0,3.5121018073334946
sub-072,0,F,T3,5.0,3.436221659267904
sub-072,0,F,T4,5.0,3.824329902773243
sub-072,0,F,T5,5.0,2.2455183445348177
sub-072,0,F,T6,5.0,9.544475166639
sub-072,0,F,Fz,5.0,2.040827377290315
sub-072,0,F,Cz,5.0,3.903582756319008
sub-072,0,F,Pz,5.0,9.180410111918691
sub-072,1,F,Fp1,10.0,0.31072225951145704
sub-072,1,F,Fp2,10.0,2.2014689235431155
sub-072,1,F,F3,10.0,4.401899319629513
sub-072,1,F,F4,10.0,7.7501252063030055
sub-072,1,F,C3,10.0,3.236020589824834
sub-072,1,F,C4,10.0,-3.9942235515691893
sub-072,1,F,P3,10.0,2.650310813923234
sub-072,1,F,P4,10.0,-4.279531813188703
sub-072,1,F,O1,10.0,10.373293238071192
sub-072,1,F,O2,10.0,8.147721186668594
sub-072,1,F,F7,10.0,0.6150926579802868
sub-072,1,F,F8,10.0,2.618889834871394
sub-072,1,F,T3,10.0,-1.0992549591335936
sub-072,1,F,T4,10.0,2.709008630126605
sub-072,1,F,T5,10.0,4.482021027901411
sub-072,1,F,T6,10.0,-4.389583582498242
sub-072,1,F,Fz,10.0,4.395666131282008
sub-072,1,F,Cz,10.0,2.7409663678928093
sub-072,1,F,Pz,10.0,-1.5079363278568405
sub-072,2,F,Fp1,15.0,-3.1651163770117066
sub-072,2,F,Fp2,15.0,7.0485161782635135
sub-072,2,F,F3,15.0,11.202500369654476
sub-072,2,F,F4,15.0,5.682832993507083
sub-072,2,F,C3,15.0,9.506527223443422
sub-072,2,F,C4,15.0,6.71589367313905
sub-072,2,F,P3,15.0,7.5998391912210845
sub-072,2,F,P4,15.0,-12.857885695459503
sub-072,2,F,O1,15.0,7.048725344756983
sub-072,2,F,O2,15.0,3.648105633722908
sub-072,2,F,F7,15.0,9.589897320246797
sub-072,2,F,F8,15.0,9.271119926953078
sub-072,2,F,T3,15.0,6.032248560307565
sub-072,2,F,T4,15.0,7.764070228847358
sub-072,2,F,T5,15.0,8.992480548254129
sub-072,2,F,T6,15.0,2.966017369037091
sub-072,2,F,Fz,15.0,10.65946426833089
sub-072,2,F,Cz,15.0,10.613999721554823
sub-072,2,F,Pz,15.0,-0.4752510401510463
sub-072,3,F,Fp1,20.0,8.471978308025339
sub-072,3,F,Fp2,20.0,6.59271630020971
sub-072,3,F,F3,20.0,3.9818660048816303
sub-072,3,F,F4,20.0,4.706763310176456
sub-072,3,F,C3,20.0,6.761824105375557
sub-072,3,F,C4,20.0,-0.24845613115763399
sub-072,3,F,P3,20.0,6.078309923079286
sub-072,3,F,P4,20.0,10.97177365954969
sub-072,3,F,O1,20.0,7.4990020799906665
sub-072,3,F,O2,20.0,8.416410837864646
sub-072,3,F,F7,20.0,9.923551410806347
sub-072,3,F,F8,20.0,3.10599779838096
sub-072,3,F,T3,20.0,1.9957094484230578
sub-072,3,F,T4,20.0,3.311480304716778
sub-072,3,F,T5,20.0,3.8641864649797757
sub-072,3,F,T6,20.0,9.16611159475244
sub-072,3,F,Fz,20.0,5.78756118303573
sub-072,3,F,Cz,20.0,-8.381293759445175
sub-072,3,F,Pz,20.0,9.988211209450014
sub-072,4,F,Fp1,5.0,2.4579842317378815
sub-072,4,F,Fp2,5.0,0.17873743355413985
sub-072,4,F,F3,5.0,5.6866257032035
sub-072,4,F,F4,5.0,-3.383713218301932
sub-072,4,F,C3,5.0,-7.5816316446235374
sub-072,4,F,C4,5.0,4.876991785625109
sub-072,4,F,P3,5.0,-2.4199415253788956
sub-072,4,F,P4,5.0,7.284553281349688
sub-072,4,F,O1,5.0,-3.5658564899837932
sub-072,4,F,O2,5.0,4.315473819102314
sub-072,4,F,F7,5.0,9.520704315008615
sub-072,4,F,F8,5.0,-4.259440714224428
sub-072,4,F,T3,5.0,11.96361264531368
sub-072,4,F,T4,5.0,-5.220477052239363
sub-072,4,F,T5,5.0,-11.302080373438756
sub-072,4,F,T6,5.0,6.760927940933281
sub-072,4,F,Fz,5.0,0.3012046604404413
sub-072,4,F,Cz,5.0,-0.9940472336069478
sub-072,4,F,Pz,5.0,4.750035581934855
sub-073,0,F,Fp1,5.0,-4.476039233276864
sub-073,0,F,Fp2,5.0,2.254472143746137
sub-073,0,F,F3,5.0,10.032187942138531
sub-073,0,F,F4,5.0,8.852107846925731
sub-073,0,F,C3,5.0,-3.197835161527432
sub-073,0,F,C4,5.0,7.631000964165283
sub-073,0,F,P3,5.0,5.275833910851401
sub-073,0,F,P4,5.0,-22.446593223923408
sub-073,0,F,O1,5.0,9.981799645429577
sub-073,0,F,O2,5.0,10.753294433557603
sub-073,0,F,F7,5.0,-1.3180327584152338
sub-073,0,F,F8,5.0,-3.4067540293391496
sub-073,0,F,T3,5.0,-8.861770969450546
sub-073,0,F,T4,5.0,1.9347031737295572
sub-073,0,F,T5,5.0,-0.356521366547805
sub-073,0,F,T6,5.0,0.5651919075123786
sub-073,0,F,Fz,5.0,7.252939335435956
sub-073,0,F,Cz,5.0,5.7445693296078035
sub-073,0,F,Pz,5.0,-0.04462239256297357
sub-073,1,F,Fp1,10.0,7.952447528080386
sub-073,1,F,Fp2,10.0,10.116682136939383
sub-073,1,F,F3,10.0,5.474455493823597
sub-073,1,F,F4,10.0,12.257643107018353
sub-073,1,F,C3,10.0,3.5494779484893986
sub-073,1,F,C4,10.0,13.407099967808843
sub-073,1,F,P3,10.0,2.5940522432351676
sub-073,1,F,P4,10.0,11.321880270316294
sub-073,1,F,O1,10.0,-8.207962910058926
sub-073,1,F,O2,10.0,3.0709346220868823
sub-073,1,F,F7,10.0,9.490982178224542
sub-073,1,F,F8,10.0,3.451445420371967
sub-073,1,F,T3,10.0,-20.56216022195472
sub-073,1,F,T4,10.0,5.28752670041173
sub-073,1,F,T5,10.0,2.530010297631246
sub-073,1,F,T6,10.0,-0.7925087619697269
sub-073,1,F,Fz,10.0,10.554413415335418
sub-073,1,F,Cz,10.0,9.404793140222269
sub-073,1,F,Pz,10.0,7.383641784925316
sub-073,2,F,Fp1,15.0,-4.159344465604818
sub-073,2,F,Fp2,15.0,9.478673000941736
sub-073,2,F,F3,15.0,9.965628674904053
sub-073,2,F,F4,15.0,8.098914978169908
sub-073,2,F,C3,15.0,2.257745966523887
sub-073,2,F,C4,15.0,2.411214732747741
sub-073,2,F,P3,15.0,7.2783651222726276
sub-073,2,F,P4,15.0,10.618634999517473
sub-073,2,F,O1,15.0,6.038667331033961
sub-073,2,F,O2,15.0,7.572209741133614
sub-073,2,F,F7,15.0,2.3310460529970434
sub-073,2,F,F8,15.0,8.495367217258229
sub-073,2,F,T3,15.0,-2.028646655397291
sub-073,2,F,T4,15.0,7.416831737772478
sub-073,2,F,T5,15.0,-13.411504095720346
sub-073,2,F,T6,15.0,-4.476675443299692
sub-073,2,F,Fz,15.0,9.048628961899976
sub-073,2,F,Cz,15.0,-17.202368530966716
sub-073,2,F,Pz,15.0,14.315201704220154
sub-073,3,F,Fp1,20.0,-2.2822373363393167
sub-073,3,F,Fp2,20.0,1.5147841613844213
sub-073,3,F,F3,20.0,6.596342391552435
sub-073,3,F,F4,20.0,10.371374990968732
sub-073,3,F,C3,20.0,3.8901810071547063
sub-073,3,F,C4,20.0,0.15106089007892146
sub-073,3,F,P3,20.0,7.317551545261178
sub-073,3,F,P4,20.0,0.35827201470503617
sub-073,3,F,O1,20.0,9.328231879896633
sub-073,3,F,O2,20.0,10.951130878466245
sub-073,3,F,F7,20.0,-7.600043257730436
sub-073,3,F,F8,20.0,0.39029712134332484
sub-073,3,F,T3,20.0,8.981211882468056
sub-073,3,F,T4,20.0,4.1333778019847625
sub-073,3,F,T5,20.0,3.962782864727299
sub-073,3,F,T6,20.0,10.234722777635554
sub-073,3,F,Fz,20.0,9.455809946445124
sub-073,3,F,Cz,20.0,6.6292457016411435
sub-073,3,F,Pz,20.0,9.615419983636974
sub-073,4,F,Fp1,5.0,0.28582034559738784
sub-073,4,F,Fp2,5.0,0.2483269177866296
sub-073,4,F,F3,5.0,8.033341580025565
sub-073,4,F,F4,5.0,9.444668698945222
sub-073,4,F,C3,5.0,4.118414885774337
sub-073,4,F,C4,5.0,1.5812907267853018
sub-073,4,F,P3,5.0,-1.8252832085990653
sub-073,4,F,P4,5.0,-4.05963972819564
sub-073,4,F,O1,5.0,7.6703106568215595
sub-073,4,F,O2,5.0,9.868974663068505
sub-073,4,F,F7,5.0,-2.4694836190550387
sub-073,4,F,F8,5.0,-0.30791665017555425
sub-073,4,F,T3,5.0,3.081501230034222
sub-073,4,F,T4,5.0,2.1785019841976347
sub-073,4,F,T5,5.0,7.506067923071896
sub-073,4,F,T6,5.0,9.050539036484565
sub-073,4,F,Fz,5.0,9.84723749016926
sub-073,4,F,Cz,5.0,6.343143849675348
sub-073,4,F,Pz,5.0,0.44859087059864844
sub-074,0,F,Fp1,5.0,-6.695937883726967
sub-074,0,F,Fp2,5.0,-1.0202110062646756
sub-074,0,F,F3,5.0,-15.866735601712662
sub-074,0,F,F4,5.0,-0.12978179684769536
sub-074,0,F,C3,5.0,-1.6378794880570067
sub-074,0,F,C4,5.0,-1.7829123337512671
sub-074,0,F,P3,5.0,5.24783112004446
sub-074,0,F,P4,5.0,6.135943524182532
sub-074,0,F,O1,5.0,5.5752765739820065
sub-074,0,F,O2,5.0,9.66712564524127
sub-074,0,F,F7,5.0,-6.5431792573040495
sub-074,0,F,F8,5.0,1.3231833155928854
sub-074,0,F,T3,5.0,4.439170893312575
sub-074,0,F,T4,5.0,-1.8793781606426943
sub-074,0,F,T5,5.0,5.350018880034655
sub-074,0,F,T6,5.0,-0.4827339127224224
sub-074,0,F,Fz,5.0,3.540020093462476
sub-074,0,F,Cz,5.0,0.6256120050469499
sub-074,0,F,Pz,5.0,6.30797115840832
sub-074,1,F,Fp1,10.0,5.9899920482201985
sub-074,1,F,Fp2,10.0,3.985464018828344
sub-074,1,F,F3,10.0,9.753908188043741
sub-074,1,F,F4,10.0,2.148366385408029
sub-074,1,F,C3,10.0,14.190312861659029
sub-074,1,F,C4,10.0,5.790567059896691
sub-074,1,F,P3,10.0,6.077122051161583
sub-074,1,F,P4,10.0,8.783029263393418
sub-074,1,F,O1,10.0,10.812075438826048
sub-074,1,F,O2,10.0,12.179101376525935
sub-074,1,F,F7,10.0,7.742596757424623
sub-074,1,F,F8,10.0,1.3883653450983928
sub-074,1,F,T3,10.0,5.548601661295839
sub-074,1,F,T4,10.0,5.096049119849906
sub-074,1,F,T5,10.0,9.260447213315127
sub-074,1,F,T6,10.0,11.51014933921023
sub-074,1,F,Fz,10.0,9.921104634642417
sub-074,1,F,Cz,10.0,14.731168348580493
sub-074,1,F,Pz,10.0,6.741581956656094
sub-074,2,F,Fp1,15.0,6.679724600062876
sub-074,2,F,Fp2,15.0,-7.2617990871367075
sub-074,2,F,F3,15.0,4.445196566646975
sub-074,2,F,F4,15.0,9.109912605486496
sub-074,2,F,C3,15.0,-4.121319012204504
sub-074,2,F,C4,15.0,5.7136100975214035
sub-074,2,F,P3,15.0,3.400997582433187
sub-074,2,F,P4,15.0,6.992469725746392
sub-074,2,F,O1,15.0,7.680854304100815
sub-074,2,F,O2,15.0,9.938067825259997
sub-074,2,F,F7,15.0,0.27353445272132615
sub-074,2,F,F8,15.0,2.1122621352291353
sub-074,2,F,T3,15.0,6.438834877961702
sub-074,2,F,T4,15.0,4.281011804541065
sub-074,2,F,T5,15.0,8.887745162464451
sub-074,2,F,T6,15.0,10.982276912215925
sub-074,2,F,Fz,15.0,9.236820773669619
sub-074,2,F,Cz,15.0,10.41627971876823
sub-074,2,F,Pz,15.0,9.611957924570255
sub-074,3,F,Fp1,20.0,5.716597799296905
sub-074,3,F,Fp2,20.0,0.5395278264781662
sub-074,3,F,F3,20.0,-1.3816509939520625
sub-074,3,F,F4,20.0,-1.9983927484991053
sub-074,3,F,C3,20.0,-8.487394308104394
sub-074,3,F,C4,20.0,-6.256527963949687
sub-074,3,F,P3,20.0,-2.974548827155268
sub-074,3,F,P4,20.0,4.232405070779077
sub-074,3,F,O1,20.0,0.4956213585967758
sub-074,3,F,O2,20.0,7.6047002994042066
sub-074,3,F,F7,20.0,7.088042557346976
sub-074,3,F,F8,20.0,4.6433619559198
sub-074,3,F,T3,20.0,6.903306452256777
sub-074,3,F,T4,20.0,-3.908622717371439
sub-074,3,F,T5,20.0,-1.5018742861812018
sub-074,3,F,T6,20.0,-4.660715886471383
sub-074,3,F,Fz,20.0,-3.1684617214068704
sub-074,3,F,Cz,20.0,-2.322481080336965
sub-074,3,F,Pz,20.0,5.127911618153663
sub-074,5,F,Fp1,15.0,12.184424976021464
sub-074,5,F,Fp2,15.0,8.118097277283985
sub-074,5,F,F3,15.0,7.162471845370972
sub-074,5,F,F4,15.0,1.1980006115672652
sub-074,5,F,C3,15.0,7.481886348444729
sub-074,5,F,C4,15.0,3.918669606478046
sub-074,5,F,P3,15.0,4.773449552723051
sub-074,5,F,P4,15.0,19.587439275743215
sub-074,5,F,O1,15.0,8.18595508633842
sub-074,5,F,O2,15.0,18.793539307672372
sub-074,5,F,F7,15.0,12.232079882228215
sub-074,5,F,F8,15.0,5.147536343531413
sub-074,5,F,T3,15.0,14.582842273820846
sub-074,5,F,T4,15.0,2.1676181495952322
sub-074,5,F,T5,15.0,3.4502789541431578
sub-074,5,F,T6,15.0,17.239808681052118
sub-074,5,F,Fz,15.0,6.353046334833041
sub-074,5,F,Cz,15.0,6.43990470402694
sub-074,5,F,Pz,15.0,14.97628496470072
sub-075,0,F,Fp1,5.0,4.803931557842413
sub-075,0,F,Fp2,5.0,3.3520707456607823
sub-075,0,F,F3,5.0,7.424668620869586
sub-075,0,F,F4,5.0,3.1685352534036286
sub-075,0,F,C3,5.0,-1.075202205248658
sub-075,0,F,C4,5.0,2.0388281249792914
sub-075,0,F,P3,5.0,2.3184685010033648
sub-075,0,F,P4,5.0,2.252247290769041
sub-075,0,F,O1,5.0,6.100879561594738
sub-075,0,F,O2,5.0,6.719688548646653
sub-075,0,F,F7,5.0,3.291769519622883
sub-075,0,F,F8,5.0,-3.074790542612422
sub-075,0,F,T3,5.0,3.042031365091271
sub-075,0,F,T4,5.0,1.250279791563551
sub-075,0,F,T5,5.0,2.9652138182219807
sub-075,0,F,T6,5.0,5.072607500729237
sub-075,0,F,Fz,5.0,4.611574962597966
sub-075,0,F,Cz,5.0,1.3053323851699208
sub-075,0,F,Pz,5.0,-0.6196444285483366
sub-075,1,F,Fp1,10.0,1.4940421891270192
sub-075,1,F,Fp2,10.0,-1.765265040351483
sub-075,1,F,F3,10.0,3.5449964359192156
sub-075,1,F,F4,10.0,3.466162094303086
sub-075,1,F,C3,10.0,2.885093763509712
sub-075,1,F,C4,10.0,2.291046943059056
sub-075,1,F,P3,10.0,4.598214596755023
sub-075,1,F,P4,10.0,-0.2676935013513466
sub-075,1,F,O1,10.0,7.086092305986675
sub-075,1,F,O2,10.0,4.455081965749454
sub-075,1,F,F7,10.0,4.728452919107971
sub-075,1,F,F8,10.0,1.8216756020713616
sub-075,1,F,T3,10.0,9.630628924225036
sub-075,1,F,T4,10.0,1.2617646615465918
sub-075,1,F,T5,10.0,7.31816301990865
sub-075,1,F,T6,10.0,-3.635119523441669
sub-075,1,F,Fz,10.0,1.8102835127024894
sub-075,1,F,Cz,10.0,4.00204307769948
sub-075,1,F,Pz,10.0,1.2773516035750472
sub-075,2,F,Fp1,15.0,2.100679606939935
sub-075,2,F,Fp2,15.0,-1.950600935274622
sub-075,2,F,F3,15.0,3.905843949532088
sub-075,2,F,F4,15.0,-2.4245853100848134
sub-075,2,F,C3,15.0,2.4003810666796817
sub-075,2,F,C4,15.0,8.074508903258712
sub-075,2,F,P3,15.0,-1.1293883208383688
sub-075,2,F,P4,15.0,-4.720020690891657
sub-075,2,F,O1,15.0,3.1638430493715477
sub-075,2,F,O2,15.0,4.696168183252258
sub-075,2,F,F7,15.0,4.639933976788963
sub-075,2,F,F8,15.0,4.232372644551832
sub-075,2,F,T3,15.0,6.811586415532723
sub-075,2,F,T4,15.0,-1.2788903064168389
sub-075,2,F,T5,15.0,5.496395643747008
sub-075,2,F,T6,15.0,5.580770576900525
sub-075,2,F,Fz,15.0,4.759139934763537
sub-075,2,F,Cz,15.0,9.753129624662076
sub-075,2,F,Pz,15.0,-5.806857205726398
sub-075,3,F,Fp1,20.0,6.149429156865882
sub-075,3,F,Fp2,20.0,3.5988668667909502
sub-075,3,F,F3,20.0,0.31232240476484174
sub-075,3,F,F4,20.0,-4.116219636209606
sub-075,3,F,C3,20.0,1.8715985864859008
sub-075,3,F,C4,20.0,1.1036151701804717
sub-075,3,F,P3,20.0,7.827475768815498
sub-075,3,F,P4,20.0,5.8146101853097925
sub-075,3,F,O1,20.0,4.268410965880848
sub-075,3,F,O2,20.0,0.09904474331898172
sub-075,3,F,F7,20.0,2.825233468515912
sub-075,3,F,F8,20.0,0.08733802288813207
sub-075,3,F,T3,20.0,7.39018952135384
sub-075,3,F,T4,20.0,2.3576440079960697
sub-075,3,F,T5,20.0,-1.509295271562976
sub-075,3,F,T6,20.0,2.7306434217405733
sub-075,3,F,Fz,20.0,3.883747803549087
sub-075,3,F,Cz,20.0,0.11650494748950982
sub-075,3,F,Pz,20.0,10.697239337104874
sub-075,4,F,Fp1,5.0,4.1496483150290695
sub-075,4,F,Fp2,5.0,0.5862970670412935
sub-075,4,F,F3,5.0,6.614809901081317
sub-075,4,F,F4,5.0,2.797039197111408
sub-075,4,F,C3,5.0,-1.02322076404077
sub-075,4,F,C4,5.0,2.038827659889199
sub-075,4,F,P3,5.0,3.641656570820651
sub-075,4,F,P4,5.0,3.959874926589661
sub-075,4,F,O1,5.0,9.399486002375477
sub-075,4,F,O2,5.0,10.096600353307927
sub-075,4,F,F7,5.0,6.944302563137273
sub-075,4,F,F8,5.0,1.4611472847918672
sub-075,4,F,T3,5.0,-2.0648511026675656
sub-075,4,F,T4,5.0,-0.10472203716569664
sub-075,4,F,T5,5.0,2.2149850212604023
sub-075,4,F,T6,5.0,7.212220295078415
sub-075,4,F,Fz,5.0,6.720845966590958
sub-075,4,F,Cz,5.0,-2.5516504056911264
sub-075,4,F,Pz,5.0,2.1445172863961353
sub-075,5,F,Fp1,10.0,2.521965728418805
sub-075,5,F,Fp2,10.0,-4.969992187315339
sub-075,5,F,F3,10.0,6.842150327563169
sub-075,5,F,F4,10.0,1.8112826975369614
sub-075,5,F,C3,10.0,5.3583795506994
sub-075,5,F,C4,10.0,-5.766076710455864
sub-075,5,F,P3,10.0,0.6863629344698684
sub-075,5,F,P4,10.0,1.2729235805680714
sub-075,5,F,O1,10.0,7.2615040634821355
sub-075,5,F,O2,10.0,7.302923379205465
sub-075,5,F,F7,10.0,0.8923387055192111
sub-075,5,F,F8,10.0,-3.599473749206785
sub-075,5,F,T3,10.0,1.4718972953339857
sub-075,5,F,T4,10.0,2.595063316629784
sub-075,5,F,T5,10.0,5.042937764525178
sub-075,5,F,T6,10.0,3.0616587397726542
sub-075,5,F,Fz,10.0,5.342892554190369
sub-075,5,F,Cz,10.0,7.301367213516926
sub-075,5,F,Pz,10.0,5.511399811817568
sub-076,0,F,Fp1,5.0,-3.0711543240800063
sub-076,0,F,Fp2,5.0,-1.6151190239115145
sub-076,0,F,F3,5.0,4.484694210281338
sub-076,0,F,F4,5.0,5.2141355986593325
sub-076,0,F,C3,5.0,4.499907124849047
sub-076,0,F,C4,5.0,-2.3531959177302353
sub-076,0,F,P3,5.0,0.24339491402085833
sub-076,0,F,P4,5.0,0.283885447535112
sub-076,0,F,O1,5.0,7.237215865743995
sub-076,0,F,O2,5.0,8.220904458370038
sub-076,0,F,F7,5.0,-2.2668902486330595
sub-076,0,F,F8,5.0,-12.654233375497316
sub-076,0,F,T3,5.0,0.4000424482624401
sub-076,0,F,T4,5.0,-11.030423022112073
sub-076,0,F,T5,5.0,1.1384743206190675
sub-076,0,F,T6,5.0,-0.6518301869200824
sub-076,0,F,Fz,5.0,5.427331027915811
sub-076,0,F,Cz,5.0,5.02348988893213
sub-076,0,F,Pz,5.0,5.1040890055609545
sub-076,1,F,Fp1,10.0,3.6416709888096195
sub-076,1,F,Fp2,10.0,8.333190377621222
sub-076,1,F,F3,10.0,9.719494254226168
sub-076,1,F,F4,10.0,6.102441264758235
sub-076,1,F,C3,10.0,8.964404594926242
sub-076,1,F,C4,10.0,-2.789573682136157
sub-076,1,F,P3,10.0,3.960827578903609
sub-076,1,F,P4,10.0,4.814947025116356
sub-076,1,F,O1,10.0,14.55407464464579
sub-076,1,F,O2,10.0,19.831768713334643
sub-076,1,F,F7,10.0,-13.524987312113403
sub-076,1,F,F8,10.0,7.039157012247354
sub-076,1,F,T3,10.0,-1.6741285659375196
sub-076,1,F,T4,10.0,8.170337317700783
sub-076,1,F,T5,10.0,11.3693945580334
sub-076,1,F,T6,10.0,16.610937411513795
sub-076,1,F,Fz,10.0,8.565621033343634
sub-076,1,F,Cz,10.0,19.672175906504524
sub-076,1,F,Pz,10.0,7.947696187244629
sub-076,2,F,Fp1,15.0,11.67335716383982
sub-076,2,F,Fp2,15.0,3.732786368170661
sub-076,2,F,F3,15.0,13.658094363697945
sub-076,2,F,F4,15.0,5.545592219589071
sub-076,2,F,C3,15.0,6.955924798100409
sub-076,2,F,C4,15.0,8.314787382135552
sub-076,2,F,P3,15.0,13.699081014595667
sub-076,2,F,P4,15.0,12.270994954714027
sub-076,2,F,O1,15.0,23.28511037049193
sub-076,2,F,O2,15.0,21.253489353782978
sub-076,2,F,F7,15.0,9.663048042127357
sub-076,2,F,F8,15.0,9.874026196719361
sub-076,2,F,T3,15.0,2.2903980280603427
sub-076,2,F,T4,15.0,7.614818083794165
sub-076,2,F,T5,15.0,14.644869503514869
sub-076,2,F,T6,15.0,14.512721834573412
sub-076,2,F,Fz,15.0,19.166434614607393
sub-076,2,F,Cz,15.0,16.965949012714013
sub-076,2,F,Pz,15.0,14.717583474561003
sub-076,3,F,Fp1,20.0,1.5156102916520275
sub-076,3,F,Fp2,20.0,-5.399328148375561
sub-076,3,F,F3,20.0,3.7016178765381644
sub-076,3,F,F4,20.0,-1.880072330202831
sub-076,3,F,C3,20.0,6.322498864518429
sub-076,3,F,C4,20.0,-14.956616578808163
sub-076,3,F,P3,20.0,4.898772248048937
sub-076,3,F,P4,20.0,7.254864944360629
sub-076,3,F,O1,20.0,9.45575139765919
sub-076,3,F,O2,20.0,8.582714150306481
sub-076,3,F,F7,20.0,-7.434681778859387
sub-076,3,F,F8,20.0,-3.1820172144068604
sub-076,3,F,T3,20.0,-10.92781107066152
sub-076,3,F,T4,20.0,13.057947301068678
sub-076,3,F,T5,20.0,12.37539838218199
sub-076,3,F,T6,20.0,12.048623677850044
sub-076,3,F,Fz,20.0,8.37783659885679
sub-076,3,F,Cz,20.0,13.628726881058844
sub-076,3,F,Pz,20.0,14.030145299505893
sub-078,0,F,Fp1,20.0,6.452371518434777
sub-078,0,F,Fp2,20.0,6.417605343909784
sub-078,0,F,F3,20.0,4.671366300853939
sub-078,0,F,F4,20.0,-5.05949818869989
sub-078,0,F,C3,20.0,0.010130576672167657
sub-078,0,F,C4,20.0,-4.173543624438506
sub-078,0,F,P3,20.0,-4.176446058904563
sub-078,0,F,P4,20.0,6.48604664691277
sub-078,0,F,O1,20.0,2.1439145287052868
sub-078,0,F,O2,20.0,14.21276086097359
sub-078,0,F,F7,20.0,2.092047728034942
sub-078,0,F,F8,20.0,-6.637419150883561
sub-078,0,F,T3,20.0,-0.4108486367255471
sub-078,0,F,T4,20.0,-13.6271498476136
sub-078,0,F,T5,20.0,-4.982744042243128
sub-078,0,F,T6,20.0,1.2790655587376216
sub-078,0,F,Fz,20.0,4.437942440944771
sub-078,0,F,Cz,20.0,2.315825275179933
sub-078,0,F,Pz,20.0,2.53386607955468
sub-078,1,F,Fp1,5.0,-8.191846277241503
sub-078,1,F,Fp2,5.0,-4.278897072034138
sub-078,1,F,F3,5.0,-4.470056580370963
sub-078,1,F,F4,5.0,1.160692371234577
sub-078,1,F,C3,5.0,-3.828808408181654
sub-078,1,F,C4,5.0,5.30343937559762
sub-078,1,F,P3,5.0,0.17799072416514614
sub-078,1,F,P4,5.0,-9.105812326616805
sub-078,1,F,O1,5.0,4.455226118134046
sub-078,1,F,O2,5.0,0.1470396230403551
sub-078,1,F,F7,5.0,-6.853211835471999
sub-078,1,F,F8,5.0,1.2544880186112708
sub-078,1,F,T3,5.0,4.194034985316572
sub-078,1,F,T4,5.0,1.7655469897030858
sub-078,1,F,T5,5.0,0.7835207465536524
sub-078,1,F,T6,5.0,-7.2380955128040085
sub-078,1,F,Fz,5.0,4.560244496447311
sub-078,1,F,Cz,5.0,3.833374779847007
sub-078,1,F,Pz,5.0,1.3438394693026487
sub-079,0,F,Fp1,5.0,1.4271761427323515
sub-079,0,F,Fp2,5.0,1.4267695033196133
sub-079,0,F,F3,5.0,2.078207749655188
sub-079,0,F,F4,5.0,2.664484104133133
sub-079,0,F,C3,5.0,-5.067539869824381
sub-079,0,F,C4,5.0,-4.857052798650882
sub-079,0,F,P3,5.0,2.1388443005820514
sub-079,0,F,P4,5.0,-0.3810641147865781
sub-079,0,F,O1,5.0,4.71569940790716
sub-079,0,F,O2,5.0,6.658698437627595
sub-079,0,F,F7,5.0,0.402073466939024
sub-079,0,F,F8,5.0,1.9985378353396537
sub-079,0,F,T3,5.0,-10.165770599013495
sub-079,0,F,T4,5.0,-2.536620815718286
sub-079,0,F,T5,5.0,2.043790650626767
sub-079,0,F,T6,5.0,-3.8104743999796575
sub-079,0,F,Fz,5.0,3.436467002750458
sub-079,0,F,Cz,5.0,-2.3677876922153915
sub-079,0,F,Pz,5.0,0.63738912264243
sub-079,1,F,Fp1,10.0,8.19533923061346
sub-079,1,F,Fp2,10.0,4.436399495237216
sub-079,1,F,F3,10.0,5.2957760956427755
sub-079,1,F,F4,10.0,4.079187955205285
sub-079,1,F,C3,10.0,-8.354955681681625
sub-079,1,F,C4,10.0,-9.253937578059915
sub-079,1,F,P3,10.0,3.7056780069505746
sub-079,1,F,P4,10.0,6.6800363693010585
sub-079,1,F,O1,10.0,8.548329856848964
sub-079,1,F,O2,10.0,9.326830513925156
sub-079,1,F,F7,10.0,4.939925219689359
sub-079,1,F,F8,10.0,-0.3767281466473109
sub-079,1,F,T3,10.0,-6.221770980294998
sub-079,1,F,T4,10.0,-7.019877137147502
sub-079,1,F,T5,10.0,-0.6520796510032421
sub-079,1,F,T6,10.0,5.632867670034466
sub-079,1,F,Fz,10.0,6.653839927533504
sub-079,1,F,Cz,10.0,-3.3872198561304305
sub-079,1,F,Pz,10.0,5.513010291652002
sub-079,2,F,Fp1,15.0,6.746167295967247
sub-079,2,F,Fp2,15.0,-3.3253165349522606
sub-079,2,F,F3,15.0,3.537629660528814
sub-079,2,F,F4,15.0,6.795292323323574
sub-079,2,F,C3,15.0,-2.610239234473819
sub-079,2,F,C4,15.0,8.004775468071706
sub-079,2,F,P3,15.0,-6.563329211104171
sub-079,2,F,P4,15.0,2.6974642177084442
sub-079,2,F,O1,15.0,2.6422285876592126
sub-079,2,F,O2,15.0,11.022294766417918
sub-079,2,F,F7,15.0,4.74953236089871
sub-079,2,F,F8,15.0,1.5509633691415627
sub-079,2,F,T3,15.0,1.9299812000688454
sub-079,2,F,T4,15.0,2.385203299434506
sub-079,2,F,T5,15.0,9.24446461106867
sub-079,2,F,T6,15.0,8.21534159138575
sub-079,2,F,Fz,15.0,6.549019335353493
sub-079,2,F,Cz,15.0,4.72353961343515
sub-079,2,F,Pz,15.0,-7.991258337078662
sub-079,3,F,Fp1,20.0,2.4981905726074545
sub-079,3,F,Fp2,20.0,-3.3473570482661046
sub-079,3,F,F3,20.0,-1.2304596755525659
sub-079,3,F,F4,20.0,7.622486692165845
sub-079,3,F,C3,20.0,-1.6509839135541837
sub-079,3,F,C4,20.0,7.716756780086814
sub-079,3,F,P3,20.0,0.1381559696604653
sub-079,3,F,P4,20.0,-2.0578728087093063
sub-079,3,F,O1,20.0,9.444410338302777
sub-079,3,F,O2,20.0,6.184727553315371
sub-079,3,F,F7,20.0,-5.594654179325581
sub-079,3,F,F8,20.0,3.579088801237792
sub-079,3,F,T3,20.0,0.7252973101771347
sub-079,3,F,T4,20.0,2.6471683232206527
sub-079,3,F,T5,20.0,10.060386838948522
sub-079,3,F,T6,20.0,10.542028780824804
sub-079,3,F,Fz,20.0,8.400869074589348
sub-079,3,F,Cz,20.0,9.157927116344743
sub-079,3,F,Pz,20.0,5.977069471349996
sub-080,0,F,Fp1,5.0,1.1245044918050224
sub-080,0,F,Fp2,5.0,3.12540264192445
sub-080,0,F,F3,5.0,4.553994611736988
sub-080,0,F,F4,5.0,6.692491884769214
sub-080,0,F,C3,5.0,-1.7964563042865018
sub-080,0,F,C4,5.0,0.4148741518355933
sub-080,0,F,P3,5.0,3.8326204988294688
sub-080,0,F,P4,5.0,8.110796837474265
sub-080,0,F,O1,5.0,11.51206243094499
sub-080,0,F,O2,5.0,9.317557998613303
sub-080,0,F,F7,5.0,1.7716240057246666
sub-080,0,F,F8,5.0,5.450040344269286
sub-080,0,F,T3,5.0,0.48515586766810365
sub-080,0,F,T4,5.0,-0.032241547354209796
sub-080,0,F,T5,5.0,5.065074264212917
sub-080,0,F,T6,5.0,4.582599211968061
sub-080,0,F,Fz,5.0,6.973828488181455
sub-080,0,F,Cz,5.0,1.4985540077187978
sub-080,0,F,Pz,5.0,6.569436576509665
sub-080,1,F,Fp1,10.0,10.83517170243535
sub-080,1,F,Fp2,10.0,7.791988613311678
sub-080,1,F,F3,10.0,10.378703536813854
sub-080,1,F,F4,10.0,8.510843075780002
sub-080,1,F,C3,10.0,4.176257237946878
sub-080,1,F,C4,10.0,-0.7555719445523322
sub-080,1,F,P3,10.0,-0.29911945123470457
sub-080,1,F,P4,10.0,4.937894062598248
sub-080,1,F,O1,10.0,15.482526377359779
sub-080,1,F,O2,10.0,14.47875998723375
sub-080,1,F,F7,10.0,5.77525722085068
sub-080,1,F,F8,10.0,-1.8155546211237383
sub-080,1,F,T3,10.0,0.4074070419614353
sub-080,1,F,T4,10.0,-2.758967607914326
sub-080,1,F,T5,10.0,9.027749720775395
sub-080,1,F,T6,10.0,10.594333303494716
sub-080,1,F,Fz,10.0,12.5934780364046
sub-080,1,F,Cz,10.0,14.786325472976534
sub-080,1,F,Pz,10.0,-8.719675041462326
sub-080,2,F,Fp1,15.0,4.068860559484453
sub-080,2,F,Fp2,15.0,6.135062678111266
sub-080,2,F,F3,15.0,4.008167617252095
sub-080,2,F,F4,15.0,8.134139726907536
sub-080,2,F,C3,15.0,-0.5444015454223566
sub-080,2,F,C4,15.0,-2.713945549054281
sub-080,2,F,P3,15.0,6.053241752584853
sub-080,2,F,P4,15.0,4.023907188569751
sub-080,2,F,O1,15.0,10.923850042884556
sub-080,2,F,O2,15.0,9.624346567988377
sub-080,2,F,F7,15.0,6.280232530524966
sub-080,2,F,F8,15.0,9.115754326508203
sub-080,2,F,T3,15.0,5.719106514525402
sub-080,2,F,T4,15.0,-0.6201658988911445
sub-080,2,F,T5,15.0,13.27644957624678
sub-080,2,F,T6,15.0,4.342469748054191
sub-080,2,F,Fz,15.0,6.573483873124767
sub-080,2,F,Cz,15.0,3.530396283774975
sub-080,2,F,Pz,15.0,6.237182833154916
sub-080,3,F,Fp1,20.0,10.914951939454491
sub-080,3,F,Fp2,20.0,9.868640939200127
sub-080,3,F,F3,20.0,8.131326639741182
sub-080,3,F,F4,20.0,11.150388711858472
sub-080,3,F,C3,20.0,0.6053875121771587
sub-080,3,F,C4,20.0,1.0915814776923263
sub-080,3,F,P3,20.0,10.520801748299917
sub-080,3,F,P4,20.0,11.346459555733865
sub-080,3,F,O1,20.0,12.97319799411252
sub-080,3,F,O2,20.0,10.327300501310496
sub-080,3,F,F7,20.0,10.043426956821193
sub-080,3,F,F8,20.0,12.70447075588696
sub-080,3,F,T3,20.0,-4.15546670303554
sub-080,3,F,T4,20.0,0.5821179870735914
sub-080,3,F,T5,20.0,10.506806806680743
sub-080,3,F,T6,20.0,9.849568177382494
sub-080,3,F,Fz,20.0,12.670209850276976
sub-080,3,F,Cz,20.0,7.732577227025468
sub-080,3,F,Pz,20.0,14.55000085437139
sub-081,0,F,Fp1,5.0,-9.60057747457229
sub-081,0,F,Fp2,5.0,-2.79035093133164
sub-081,0,F,F3,5.0,1.7047717715602437
sub-081,0,F,F4,5.0,-2.2883027629401984
sub-081,0,F,C3,5.0,0.9041829385496851
sub-081,0,F,C4,5.0,-4.614238490300801
sub-081,0,F,P3,5.0,-4.427516842931425
sub-081,0,F,P4,5.0,-1.6247649911239828
sub-081,0,F,O1,5.0,0.5303921079229224
sub-081,0,F,O2,5.0,4.53296874460266
sub-081,0,F,F7,5.0,-1.189850655809697
sub-081,0,F,F8,5.0,-1.4928534128834856
sub-081,0,F,T3,5.0,-1.7600119414879694
sub-081,0,F,T4,5.0,2.704599405606084
sub-081,0,F,T5,5.0,-9.631139436935324
sub-081,0,F,T6,5.0,0.6914907008853471
sub-081,0,F,Fz,5.0,-0.6680992813125598
sub-081,0,F,Cz,5.0,0.6439830539243407
sub-081,0,F,Pz,5.0,1.973715605393032
sub-081,1,F,Fp1,10.0,6.62051362311375
sub-081,1,F,Fp2,10.0,4.162293757497364
sub-081,1,F,F3,10.0,4.814050665303893
sub-081,1,F,F4,10.0,5.20292229167988
sub-081,1,F,C3,10.0,-4.721022331885968
sub-081,1,F,C4,10.0,-0.4223547001756727
sub-081,1,F,P3,10.0,-3.0873091617119996
sub-081,1,F,P4,10.0,3.448226094204042
sub-081,1,F,O1,10.0,7.544226818340411
sub-081,1,F,O2,10.0,10.853470617783413
sub-081,1,F,F7,10.0,2.86410644986761
sub-081,1,F,F8,10.0,3.8125652701923576
sub-081,1,F,T3,10.0,0.362123157600222
sub-081,1,F,T4,10.0,-2.831649729270569
sub-081,1,F,T5,10.0,1.3365938819371737
sub-081,1,F,T6,10.0,-3.6746371748131774
sub-081,1,F,Fz,10.0,4.67302565263153
sub-081,1,F,Cz,10.0,3.9900997710312414
sub-081,1,F,Pz,10.0,0.6860053426973962
sub-081,2,F,Fp1,15.0,5.260997351721091
sub-081,2,F,Fp2,15.0,0.947833249910171
sub-081,2,F,F3,15.0,2.597206193629228
sub-081,2,F,F4,15.0,5.2148430414762235
sub-081,2,F,C3,15.0,-0.4717328113402981
sub-081,2,F,C4,15.0,3.5486283084344916
sub-081,2,F,P3,15.0,-9.390821701137684
sub-081,2,F,P4,15.0,4.663802501194129
sub-081,2,F,O1,15.0,8.696430414281199
sub-081,2,F,O2,15.0,10.656401011157337
sub-081,2,F,F7,15.0,6.27191394426039
sub-081,2,F,F8,15.0,-7.8755333701576795
sub-081,2,F,T3,15.0,4.908559255507651
sub-081,2,F,T4,15.0,-1.2278748829330342
sub-081,2,F,T5,15.0,8.237232194985998
sub-081,2,F,T6,15.0,8.097889135323303
sub-081,2,F,Fz,15.0,4.888854985305641
sub-081,2,F,Cz,15.0,6.5058574834369844
sub-081,2,F,Pz,15.0,3.7124303115801633
sub-081,3,F,Fp1,20.0,7.3685795382203825
sub-081,3,F,Fp2,20.0,-3.3391340089628962
sub-081,3,F,F3,20.0,1.5172572467468803
sub-081,3,F,F4,20.0,2.2459157342114118
sub-081,3,F,C3,20.0,-15.884001587023366
sub-081,3,F,C4,20.0,6.4139676376176755
sub-081,3,F,P3,20.0,6.346053807880297
sub-081,3,F,P4,20.0,1.4604949140808032
sub-081,3,F,O1,20.0,11.28936790560969
sub-081,3,F,O2,20.0,7.236407513881965
sub-081,3,F,F7,20.0,-0.06006207369343759
sub-081,3,F,F8,20.0,7.512855521143661
sub-081,3,F,T3,20.0,5.6999244479197975
sub-081,3,F,T4,20.0,-9.229003760666957
sub-081,3,F,T5,20.0,11.603714983198884
sub-081,3,F,T6,20.0,2.6276875924187673
sub-081,3,F,Fz,20.0,-0.44764864691804845
sub-081,3,F,Cz,20.0,-5.721981885321189
sub-081,3,F,Pz,20.0,-0.8895663445751966
sub-082,0,F,Fp1,5.0,-2.7503995076406014
sub-082,0,F,Fp2,5.0,-3.267819443328804
sub-082,0,F,F3,5.0,-6.2975877651778145
sub-082,0,F,F4,5.0,7.139870395330863
sub-082,0,F,C3,5.0,-0.12583067807562365
sub-082,0,F,C4,5.0,3.390670993037062
sub-082,0,F,P3,5.0,-12.787649637927007
sub-082,0,F,P4,5.0,-5.062235090037468
sub-082,0,F,O1,5.0,-0.7097371699901551
sub-082,0,F,O2,5.0,0.27792281979027617
sub-082,0,F,F7,5.0,-5.527121507219305
sub-082,0,F,F8,5.0,4.57389761925272
sub-082,0,F,T3,5.0,-8.478337003438684
sub-082,0,F,T4,5.0,-5.039576776672768
sub-082,0,F,T5,5.0,6.31075618547697
sub-082,0,F,T6,5.0,3.0592871230105323
sub-082,0,F,Fz,5.0,-0.4756718132249355
sub-082,0,F,Cz,5.0,-0.005321779284082254
sub-082,0,F,Pz,5.0,-3.544366143314557
sub-082,1,F,Fp1,10.0,-0.16498652522956056
sub-082,1,F,Fp2,10.0,1.424877196200519
sub-082,1,F,F3,10.0,8.076221535332827
sub-082,1,F,F4,10.0,6.0291723713665295
sub-082,1,F,C3,10.0,-0.23257844418728096
sub-082,1,F,C4,10.0,5.210189396990817
sub-082,1,F,P3,10.0,4.488388100397256
sub-082,1,F,P4,10.0,7.106575425702046
sub-082,1,F,O1,10.0,10.531620833668269
sub-082,1,F,O2,10.0,11.375412340052353
sub-082,1,F,F7,10.0,5.2177629635380365
sub-082,1,F,F8,10.0,5.804900768997664
sub-082,1,F,T3,10.0,4.5862561071612005
sub-082,1,F,T4,10.0,3.3828868899349267
sub-082,1,F,T5,10.0,5.619879553980921
sub-082,1,F,T6,10.0,10.543001466803894
sub-082,1,F,Fz,10.0,7.540193768407001
sub-082,1,F,Cz,10.0,-5.497794767097695
sub-082,1,F,Pz,10.0,6.512884204053785
sub-082,2,F,Fp1,15.0,2.8500218140512876
sub-082,2,F,Fp2,15.0,3.7931670577662486
sub-082,2,F,F3,15.0,1.0298957005158602
sub-082,2,F,F4,15.0,2.314858720324528
sub-082,2,F,C3,15.0,4.625072509014077
sub-082,2,F,C4,15.0,2.9128003496649546
sub-082,2,F,P3,15.0,7.121446998219828
sub-082,2,F,P4,15.0,-5.3420492490875935
sub-082,2,F,O1,15.0,13.875032203529491
sub-082,2,F,O2,15.0,8.528678876537546
sub-082,2,F,F7,15.0,2.416710777593457
sub-082,2,F,F8,15.0,-1.6121802149163502
sub-082,2,F,T3,15.0,-8.705856833876833
sub-082,2,F,T4,15.0,-0.20509737461534835
sub-082,2,F,T5,15.0,-0.5467226503666518
sub-082,2,F,T6,15.0,11.033808335890619
sub-082,2,F,Fz,15.0,6.41556272633951
sub-082,2,F,Cz,15.0,10.893809429958159
sub-082,2,F,Pz,15.0,11.748590204823621
sub-082,3,F,Fp1,20.0,0.037586034326608064
sub-082,3,F,Fp2,20.0,-1.179437144087022
sub-082,3,F,F3,20.0,0.6535777414011077
sub-082,3,F,F4,20.0,1.2938708903315619
sub-082,3,F,C3,20.0,2.854251262488866
sub-082,3,F,C4,20.0,-2.032758902885074
sub-082,3,F,P3,20.0,4.08407629352339
sub-082,3,F,P4,20.0,-2.5006831912518646
sub-082,3,F,O1,20.0,14.107414629703928
sub-082,3,F,O2,20.0,7.0128871653058535
sub-082,3,F,F7,20.0,0.6701776538595038
sub-082,3,F,F8,20.0,4.693647392514316
sub-082,3,F,T3,20.0,4.010310300699529
sub-082,3,F,T4,20.0,4.806541430136788
sub-082,3,F,T5,20.0,-3.6712067734419938
sub-082,3,F,T6,20.0,5.448791143204399
sub-082,3,F,Fz,20.0,-6.748043287092465
sub-082,3,F,Cz,20.0,-0.30543947358322676
sub-082,3,F,Pz,20.0,2.6885942254629667
sub-083,0,F,Fp1,5.0,-5.295616246093374
sub-083,0,F,Fp2,5.0,-5.482330722359031
sub-083,0,F,F3,5.0,1.268384833925969
sub-083,0,F,F4,5.0,1.6961471464313818
sub-083,0,F,C3,5.0,-2.2802574820019266
sub-083,0,F,C4,5.0,1.4922454374888878
sub-083,0,F,P3,5.0,1.5322221458444671
sub-083,0,F,P4,5.0,2.071445027955795
sub-083,0,F,O1,5.0,1.604360821333555
sub-083,0,F,O2,5.0,5.44437483216436
sub-083,0,F,F7,5.0,-0.9277391160873276
sub-083,0,F,F8,5.0,-0.6595576365274163
sub-083,0,F,T3,5.0,3.6098921924935707
sub-083,0,F,T4,5.0,1.5880823903937336
sub-083,0,F,T5,5.0,-3.3058879065982634
sub-083,0,F,T6,5.0,4.372045570550625
sub-083,0,F,Fz,5.0,5.939099317701788
sub-083,0,F,Cz,5.0,1.2195841117448718
sub-083,0,F,Pz,5.0,-2.798504567373687
sub-083,1,F,Fp1,10.0,7.52037329890339
sub-083,1,F,Fp2,10.0,6.930387720393444
sub-083,1,F,F3,10.0,8.664983285636659
sub-083,1,F,F4,10.0,7.81867211793652
sub-083,1,F,C3,10.0,-0.5801715172403098
sub-083,1,F,C4,10.0,10.233147137223561
sub-083,1,F,P3,10.0,5.175841051167432
sub-083,1,F,P4,10.0,15.480148280778527
sub-083,1,F,O1,10.0,18.252402392554334
sub-083,1,F,O2,10.0,18.032451357186442
sub-083,1,F,F7,10.0,10.652231931517555
sub-083,1,F,F8,10.0,7.1508446788798015
sub-083,1,F,T3,10.0,7.249085990133065
sub-083,1,F,T4,10.0,1.9562855508104602
sub-083,1,F,T5,10.0,8.97456568377203
sub-083,1,F,T6,10.0,11.799179579465935
sub-083,1,F,Fz,10.0,9.330703602685407
sub-083,1,F,Cz,10.0,5.892936339659554
sub-083,1,F,Pz,10.0,9.919333027676432
sub-083,2,F,Fp1,15.0,2.269751943224613
sub-083,2,F,Fp2,15.0,-3.086288689031341
sub-083,2,F,F3,15.0,5.955759215706237
sub-083,2,F,F4,15.0,-5.869222437930754
sub-083,2,F,C3,15.0,4.271376300139082
sub-083,2,F,C4,15.0,-5.398845076844268
sub-083,2,F,P3,15.0,-0.5195963901536786
sub-083,2,F,P4,15.0,8.501955942376703
sub-083,2,F,O1,15.0,1.3079322474980222
sub-083,2,F,O2,15.0,5.6387692065852155
sub-083,2,F,F7,15.0,7.2716194615752405
sub-083,2,F,F8,15.0,9.190773873658829
sub-083,2,F,T3,15.0,5.847358960596952
sub-083,2,F,T4,15.0,-4.065776966152542
sub-083,2,F,T5,15.0,9.219677903109844
sub-083,2,F,T6,15.0,3.123394425797776
sub-083,2,F,Fz,15.0,-1.6350651787286543
sub-083,2,F,Cz,15.0,-2.500329598402015
sub-083,2,F,Pz,15.0,7.549713229314136
sub-083,3,F,Fp1,20.0,6.351923247257137
sub-083,3,F,Fp2,20.0,0.5605708305986729
sub-083,3,F,F3,20.0,-1.4682391976451354
sub-083,3,F,F4,20.0,1.6555664204796752
sub-083,3,F,C3,20.0,3.0722935207779667
sub-083,3,F,C4,20.0,4.881895700804977
sub-083,3,F,P3,20.0,4.537126469358286
sub-083,3,F,P4,20.0,6.436013829683133
sub-083,3,F,O1,20.0,8.402607565219094
sub-083,3,F,O2,20.0,9.308340035328124
sub-083,3,F,F7,20.0,0.3433224071739343
sub-083,3,F,F8,20.0,1.1695940830643012
sub-083,3,F,T3,20.0,1.5756963349608901
sub-083,3,F,T4,20.0,2.4483489063525274
sub-083,3,F,T5,20.0,-5.36510670897246
sub-083,3,F,T6,20.0,2.1616305405310388
sub-083,3,F,Fz,20.0,3.1426399243667653
sub-083,3,F,Cz,20.0,3.0213226092525143
sub-083,3,F,Pz,20.0,5.9355627296896145
sub-084,1,F,Fp1,10.0,10.022556551439308
sub-084,1,F,Fp2,10.0,6.138398114344356
sub-084,1,F,F3,10.0,8.388123651682575
sub-084,1,F,F4,10.0,5.431746513279854
sub-084,1,F,C3,10.0,3.5077678342984204
sub-084,1,F,C4,10.0,0.09510181643770892
sub-084,1,F,P3,10.0,9.80441524466297
sub-084,1,F,P4,10.0,5.74437525121326
sub-084,1,F,O1,10.0,13.489980565181849
sub-084,1,F,O2,10.0,11.41445587221401
sub-084,1,F,F7,10.0,9.056885554205659
sub-084,1,F,F8,10.0,4.91939598078212
sub-084,1,F,T3,10.0,5.484612119068705
sub-084,1,F,T4,10.0,4.1019221792096765
sub-084,1,F,T5,10.0,2.787195575278729
sub-084,1,F,T6,10.0,3.054922115966207
sub-084,1,F,Fz,10.0,7.165435236644524
sub-084,1,F,Cz,10.0,-2.3525851225162304
sub-084,1,F,Pz,10.0,9.916463143920012
sub-084,2,F,Fp1,15.0,2.1985933867612184
sub-084,2,F,Fp2,15.0,2.080881637560768
sub-084,2,F,F3,15.0,11.521150581724754
sub-084,2,F,F4,15.0,7.330741152410528
sub-084,2,F,C3,15.0,9.38224310238914
sub-084,2,F,C4,15.0,2.653223409875513
sub-084,2,F,P3,15.0,4.216521918111233
sub-084,2,F,P4,15.0,7.952119234614923
sub-084,2,F,O1,15.0,10.035845560700277
sub-084,2,F,O2,15.0,12.788707062740134
sub-084,2,F,F7,15.0,3.839364547290915
sub-084,2,F,F8,15.0,-0.856683542074989
sub-084,2,F,T3,15.0,8.340980434134753
sub-084,2,F,T4,15.0,1.0675282323427986
sub-084,2,F,T5,15.0,11.323113260982787
sub-084,2,F,T6,15.0,18.636957723114648
sub-084,2,F,Fz,15.0,13.392049179145495
sub-084,2,F,Cz,15.0,17.296886573393785
sub-084,2,F,Pz,15.0,7.1744411101409655
sub-084,3,F,Fp1,20.0,5.67368830817067
sub-084,3,F,Fp2,20.0,4.561252787049686
sub-084,3,F,F3,20.0,5.504891413627446
sub-084,3,F,F4,20.0,8.617312918409493
sub-084,3,F,C3,20.0,2.7768244634643353
sub-084,3,F,C4,20.0,-3.8600197568417154
sub-084,3,F,P3,20.0,6.270194411590073
sub-084,3,F,P4,20.0,2.679994786154846
sub-084,3,F,O1,20.0,9.221276264400334
sub-084,3,F,O2,20.0,4.529521564806315
sub-084,3,F,F7,20.0,-3.204910175086209
sub-084,3,F,F8,20.0,0.4841724046747031
sub-084,3,F,T3,20.0,3.9043934584746105
sub-084,3,F,T4,20.0,9.981854593130503
sub-084,3,F,T5,20.0,5.710390125173779
sub-084,3,F,T6,20.0,7.520369350155756
sub-084,3,F,Fz,20.0,10.230672909886138
sub-084,3,F,Cz,20.0,10.511153419710608
sub-084,3,F,Pz,20.0,4.105490219369066
sub-085,0,F,Fp1,5.0,-0.08408868126912938
sub-085,0,F,Fp2,5.0,-2.2950381797048793
sub-085,0,F,F3,5.0,-5.163278583950789
sub-085,0,F,F4,5.0,11.516822123285909
sub-085,0,F,C3,5.0,4.25445227007351
sub-085,0,F,C4,5.0,4.632657613084917
sub-085,0,F,P3,5.0,-11.075170114072211
sub-085,0,F,P4,5.0,-1.789194617103175
sub-085,0,F,O1,5.0,-3.1780912735872935
sub-085,0,F,O2,5.0,-2.388796301981183
sub-085,0,F,F7,5.0,3.8771149146393187
sub-085,0,F,F8,5.0,5.620628472396941
sub-085,0,F,T3,5.0,-13.414017100885438
sub-085,0,F,T4,5.0,2.5526462696565537
sub-085,0,F,T5,5.0,-3.2708771801989123
sub-085,0,F,T6,5.0,-4.5365363300424475
sub-085,0,F,Fz,5.0,1.0115239743134727
sub-085,0,F,Cz,5.0,8.385939408963326
sub-085,0,F,Pz,5.0,-4.819949391762882
sub-085,1,F,Fp1,10.0,-1.8528956044936462
sub-085,1,F,Fp2,10.0,-0.7448995596571826
sub-085,1,F,F3,10.0,-3.159782796420947
sub-085,1,F,F4,10.0,4.460415797360897
sub-085,1,F,C3,10.0,1.889679974676879
sub-085,1,F,C4,10.0,0.9949498755346011
sub-085,1,F,P3,10.0,-4.775976039934829
sub-085,1,F,P4,10.0,-6.8574770331831925
sub-085,1,F,O1,10.0,2.578564188382888
sub-085,1,F,O2,10.0,3.4476403691097826
sub-085,1,F,F7,10.0,0.7284396670960663
sub-085,1,F,F8,10.0,-7.678197439658803
sub-085,1,F,T3,10.0,1.9921779138679803
sub-085,1,F,T4,10.0,0.011271883187723365
sub-085,1,F,T5,10.0,1.2892063174600052
sub-085,1,F,T6,10.0,3.2135662647856917
sub-085,1,F,Fz,10.0,2.4451099011694417
sub-085,1,F,Cz,10.0,6.848851848253154
sub-085,1,F,Pz,10.0,-3.278302618500467
sub-085,2,F,Fp1,15.0,5.424163212341457
sub-085,2,F,Fp2,15.0,1.6696637808199188
sub-085,2,F,F3,15.0,-2.8740088239052346
sub-085,2,F,F4,15.0,-1.3671903985743248
sub-085,2,F,C3,15.0,-1.0166042267162343
sub-085,2,F,C4,15.0,-0.2376647135582658
sub-085,2,F,P3,15.0,2.554823291798158
sub-085,2,F,P4,15.0,1.7964079080285869
sub-085,2,F,O1,15.0,2.8907585733462553
sub-085,2,F,O2,15.0,-4.143877869210685
sub-085,2,F,F7,15.0,-2.600752237673683
sub-085,2,F,F8,15.0,6.926001468008728
sub-085,2,F,T3,15.0,1.9099817541958517
sub-085,2,F,T4,15.0,8.624966093665968
sub-085,2,F,T5,15.0,4.490364692476635
sub-085,2,F,T6,15.0,-2.618100354807299
sub-085,2,F,Fz,15.0,0.18391004279811807
sub-085,2,F,Cz,15.0,1.103054809144612
sub-085,2,F,Pz,15.0,4.2585671789048805
sub-085,3,F,Fp1,20.0,9.710840803582908
sub-085,3,F,Fp2,20.0,6.187133373455564
sub-085,3,F,F3,20.0,8.450446233188323
sub-085,3,F,F4,20.0,3.298315707596598
sub-085,3,F,C3,20.0,5.358828471494386
sub-085,3,F,C4,20.0,4.132016692436513
sub-085,3,F,P3,20.0,9.777982050042084
sub-085,3,F,P4,20.0,9.110203876227148
sub-085,3,F,O1,20.0,9.548393807270179
sub-085,3,F,O2,20.0,10.899386408784382
sub-085,3,F,F7,20.0,8.428233687819375
sub-085,3,F,F8,20.0,3.9022398515266628
sub-085,3,F,T3,20.0,3.419612092714566
sub-085,3,F,T4,20.0,-3.705780351443514
sub-085,3,F,T5,20.0,8.390000665638356
sub-085,3,F,T6,20.0,10.17740176941145
sub-085,3,F,Fz,20.0,5.416250959537724
sub-085,3,F,Cz,20.0,0.9527427562290912
sub-085,3,F,Pz,20.0,9.551681221751503
sub-086,0,F,Fp1,5.0,-1.2420561357321933
sub-086,0,F,Fp2,5.0,-0.6068387241671797
sub-086,0,F,F3,5.0,-0.8777421763142355
sub-086,0,F,F4,5.0,1.4476907430310473
sub-086,0,F,C3,5.0,0.568020518065365
sub-086,0,F,C4,5.0,1.8798638600993292
sub-086,0,F,P3,5.0,0.8224970185633536
sub-086,0,F,P4,5.0,-0.06745816261278267
sub-086,0,F,O1,5.0,2.9276490960497275
sub-086,0,F,O2,5.0,1.1714529611297075
sub-086,0,F,F7,5.0,-0.8426664488244362
sub-086,0,F,F8,5.0,1.6101434645726136
sub-086,0,F,T3,5.0,-2.7670214383078404
sub-086,0,F,T4,5.0,2.5504602128028946
sub-086,0,F,T5,5.0,0.7752613618277477
sub-086,0,F,T6,5.0,2.6509425393948733
sub-086,0,F,Fz,5.0,0.5210566207970333
sub-086,0,F,Cz,5.0,-1.9413722686579504
sub-086,0,F,Pz,5.0,-1.39606455552731
sub-086,1,F,Fp1,10.0,2.285281142113419
sub-086,1,F,Fp2,10.0,2.6847351853099797
sub-086,1,F,F3,10.0,2.879698945851663
sub-086,1,F,F4,10.0,1.033036882069967
sub-086,1,F,C3,10.0,-7.044628229231703
sub-086,1,F,C4,10.0,-3.5259701813617577
sub-086,1,F,P3,10.0,4.975837738074695
sub-086,1,F,P4,10.0,0.5230646953708195
sub-086,1,F,O1,10.0,3.4979792124610922
sub-086,1,F,O2,10.0,1.7348927693874885
sub-086,1,F,F7,10.0,0.8721800875377411
sub-086,1,F,F8,10.0,-1.9872077020389396
sub-086,1,F,T3,10.0,2.139659494017747
sub-086,1,F,T4,10.0,-7.874697427687468
sub-086,1,F,T5,10.0,6.945638964682482
sub-086,1,F,T6,10.0,4.59324961638816
sub-086,1,F,Fz,10.0,3.0130344360652876
sub-086,1,F,Cz,10.0,-2.7924298337660645
sub-086,1,F,Pz,10.0,-0.42145662563241104
sub-087,0,F,Fp1,5.0,-0.2056498117176005
sub-087,0,F,Fp2,5.0,-3.764630540451907
sub-087,0,F,F3,5.0,3.1358610345327556
sub-087,0,F,F4,5.0,2.310597420927377
sub-087,0,F,C3,5.0,-2.0729774964087073
sub-087,0,F,C4,5.0,2.0526303932377656
sub-087,0,F,P3,5.0,-4.6635509431733
sub-087,0,F,P4,5.0,0.1639531759456593
sub-087,0,F,O1,5.0,-1.4775429889812777
sub-087,0,F,O2,5.0,-0.3047733210873481
sub-087,0,F,F7,5.0,1.7592761467974118
sub-087,0,F,F8,5.0,1.2044306893648746
sub-087,0,F,T3,5.0,-4.341435038387487
sub-087,0,F,T4,5.0,4.382777799406496
sub-087,0,F,T5,5.0,-2.6101774910478537
sub-087,0,F,T6,5.0,1.8361486748327254
sub-087,0,F,Fz,5.0,0.3154499849455974
sub-087,0,F,Cz,5.0,-4.215537917759851
sub-087,0,F,Pz,5.0,0.09437800308817335
sub-087,1,F,Fp1,10.0,6.123054207527872
sub-087,1,F,Fp2,10.0,10.17001197372309
sub-087,1,F,F3,10.0,7.860119833367284
sub-087,1,F,F4,10.0,9.379028919065137
sub-087,1,F,C3,10.0,11.778661480783235
sub-087,1,F,C4,10.0,11.10595153535012
sub-087,1,F,P3,10.0,18.153277555199065
sub-087,1,F,P4,10.0,13.165461470064583
sub-087,1,F,O1,10.0,19.693174230345306
sub-087,1,F,O2,10.0,15.142490495199876
sub-087,1,F,F7,10.0,1.4051517576112285
sub-087,1,F,F8,10.0,8.990380152190268
sub-087,1,F,T3,10.0,1.0173809474844737
sub-087,1,F,T4,10.0,5.524168289337485
sub-087,1,F,T5,10.0,6.366871851707572
sub-087,1,F,T6,10.0,15.715570252040118
sub-087,1,F,Fz,10.0,11.016936336439953
sub-087,1,F,Cz,10.0,11.156828493742527
sub-087,1,F,Pz,10.0,18.652444242372617
sub-087,2,F,Fp1,15.0,10.32808472721684
sub-087,2,F,Fp2,15.0,12.35290803151087
sub-087,2,F,F3,15.0,12.02372747382531
sub-087,2,F,F4,15.0,13.916183702962677
sub-087,2,F,C3,15.0,10.603923724941158
sub-087,2,F,C4,15.0,11.033440350238791
sub-087,2,F,P3,15.0,9.881727649227201
sub-087,2,F,P4,15.0,9.971487928420572
sub-087,2,F,O1,15.0,16.157877389393065
sub-087,2,F,O2,15.0,13.343062429207539
sub-087,2,F,F7,15.0,1.6127137309286732
sub-087,2,F,F8,15.0,11.07115606616202
sub-087,2,F,T3,15.0,-11.289703938650419
sub-087,2,F,T4,15.0,-2.098033416749157
sub-087,2,F,T5,15.0,2.3312412661636066
sub-087,2,F,T6,15.0,8.199096614181899
sub-087,2,F,Fz,15.0,12.558091130057484
sub-087,2,F,Cz,15.0,11.036980618700426
sub-087,2,F,Pz,15.0,10.838703940302352
sub-087,3,F,Fp1,20.0,3.3357684997459964
sub-087,3,F,Fp2,20.0,7.084023580037142
sub-087,3,F,F3,20.0,4.985278376486807
sub-087,3,F,F4,20.0,5.846736121389568
sub-087,3,F,C3,20.0,4.608379234178908
sub-087,3,F,C4,20.0,10.750227047109654
sub-087,3,F,P3,20.0,-8.073809504555454
sub-087,3,F,P4,20.0,9.136867507517557
sub-087,3,F,O1,20.0,14.368998526798645
sub-087,3,F,O2,20.0,8.92733346995666
sub-087,3,F,F7,20.0,5.641844718088125
sub-087,3,F,F8,20.0,3.7012833443802906
sub-087,3,F,T3,20.0,6.569125740976053
sub-087,3,F,T4,20.0,-6.671845464915403
sub-087,3,F,T5,20.0,13.560396946489725
sub-087,3,F,T6,20.0,10.147555673526238
sub-087,3,F,Fz,20.0,11.948802536053627
sub-087,3,F,Cz,20.0,15.275611758978503
sub-087,3,F,Pz,20.0,10.527500142237113
sub-088,0,F,Fp1,5.0,-1.0899434307359912
sub-088,0,F,Fp2,5.0,0.2177863972577489
sub-088,0,F,F3,5.0,3.0752683436817243
sub-088,0,F,F4,5.0,2.4836277108910045
sub-088,0,F,C3,5.0,5.035996461361813
sub-088,0,F,C4,5.0,-10.7057958006856
sub-088,0,F,P3,5.0,1.7251901533216176
sub-088,0,F,P4,5.0,1.8923219175988502
sub-088,0,F,O1,5.0,0.506456763807822
sub-088,0,F,O2,5.0,1.4180382533854048
sub-088,0,F,F7,5.0,-2.361606896845752
sub-088,0,F,F8,5.0,0.995853980645328
sub-088,0,F,T3,5.0,0.5915187154270078
sub-088,0,F,T4,5.0,5.901202921664492
sub-088,0,F,T5,5.0,3.030549015847604
sub-088,0,F,T6,5.0,1.5583360662959234
sub-088,0,F,Fz,5.0,5.583401500702296
sub-088,0,F,Cz,5.0,-3.941547881215604
sub-088,0,F,Pz,5.0,-3.0873695633313103
sub-088,1,F,Fp1,10.0,7.332131964515661
sub-088,1,F,Fp2,10.0,14.111861970498234
sub-088,1,F,F3,10.0,10.127676983674984
sub-088,1,F,F4,10.0,12.388773147107218
sub-088,1,F,C3,10.0,14.023601761472504
sub-088,1,F,C4,10.0,11.948817208338184
sub-088,1,F,P3,10.0,13.155950602990975
sub-088,1,F,P4,10.0,11.565814016582063
sub-088,1,F,O1,10.0,14.542830794699316
sub-088,1,F,O2,10.0,16.12615739395216
sub-088,1,F,F7,10.0,5.690005114299042
sub-088,1,F,F8,10.0,5.7545290185974975
sub-088,1,F,T3,10.0,3.0722844190234606
sub-088,1,F,T4,10.0,11.21891139736936
sub-088,1,F,T5,10.0,2.9814279066872924
sub-088,1,F,T6,10.0,1.2643765212597393
sub-088,1,F,Fz,10.0,11.643031008434129
sub-088,1,F,Cz,10.0,16.773654431038466
sub-088,1,F,Pz,10.0,16.21703065767752
sub-088,2,F,Fp1,15.0,4.649660773301659
sub-088,2,F,Fp2,15.0,2.120370927124523
sub-088,2,F,F3,15.0,-12.784017822384277
sub-088,2,F,F4,15.0,0.5259805348283806
sub-088,2,F,C3,15.0,1.2971175355107836
sub-088,2,F,C4,15.0,4.100314559616823
sub-088,2,F,P3,15.0,7.921698613858843
sub-088,2,F,P4,15.0,5.129262456395928
sub-088,2,F,O1,15.0,7.278209397036055
sub-088,2,F,O2,15.0,7.854331843178716
sub-088,2,F,F7,15.0,9.85343203526976
sub-088,2,F,F8,15.0,-0.13299735386488434
sub-088,2,F,T3,15.0,-5.348539691063435
sub-088,2,F,T4,15.0,-3.7660128157452135
sub-088,2,F,T5,15.0,3.0685460608153434
sub-088,2,F,T6,15.0,8.748916611692392
sub-088,2,F,Fz,15.0,-3.071545639534255
sub-088,2,F,Cz,15.0,7.429396713232343
sub-088,2,F,Pz,15.0,7.92350937905805
sub-088,3,F,Fp1,20.0,4.631722528318125
sub-088,3,F,Fp2,20.0,4.50341088371058
sub-088,3,F,F3,20.0,6.44333876655944
sub-088,3,F,F4,20.0,-2.5606029889395634
sub-088,3,F,C3,20.0,0.9084613710234264
sub-088,3,F,C4,20.0,-0.8901607161074274
sub-088,3,F,P3,20.0,4.621761626186095
sub-088,3,F,P4,20.0,7.595808907680301
sub-088,3,F,O1,20.0,9.08712903598488
sub-088,3,F,O2,20.0,10.098529740197781
sub-088,3,F,F7,20.0,8.586924000848455
sub-088,3,F,F8,20.0,3.28302742591028
sub-088,3,F,T3,20.0,-7.245394148767739
sub-088,3,F,T4,20.0,5.07729918062883
sub-088,3,F,T5,20.0,10.033635006569826
sub-088,3,F,T6,20.0,5.825148595069343
sub-088,3,F,Fz,20.0,-6.499868797676389
sub-088,3,F,Cz,20.0,0.43885214225134994
sub-088,3,F,Pz,20.0,3.5070055930664434
